{"type":"FeatureCollection","features":[{"type":"Feature","id":1,"geometry":{"type":"Polygon","coordinates":[[[-82.83458301122778,9.61625016712594],[-82.83458301122778,9.624583500425786],[-82.84291634452774,9.624583500425786],[-82.84291634452774,9.61625016712594],[-82.83458301122778,9.61625016712594]]]},"properties":{"OBJECTID":1,"Id":1,"gridcode":192,"Shape_Length":0.033333333199607296,"Shape_Area":0.00006944444388725262}},{"type":"Feature","id":2,"geometry":{"type":"Polygon","coordinates":[[[-82.85124967782775,9.607916833825925],[-82.85124967782775,9.61625016712594],[-82.85958301112777,9.61625016712594],[-82.85958301112777,9.607916833825925],[-82.85124967782775,9.607916833825925]]]},"properties":{"OBJECTID":2,"Id":2,"gridcode":94,"Shape_Length":0.03333333320006204,"Shape_Area":0.0000694444438891474}},{"type":"Feature","id":3,"geometry":{"type":"Polygon","coordinates":[[[-82.84291634452774,9.607916833825925],[-82.84291634452774,9.61625016712594],[-82.85124967782775,9.61625016712594],[-82.85124967782775,9.607916833825925],[-82.84291634452774,9.607916833825925]]]},"properties":{"OBJECTID":3,"Id":3,"gridcode":59,"Shape_Length":0.03333333320006204,"Shape_Area":0.0000694444438891474}},{"type":"Feature","id":4,"geometry":{"type":"Polygon","coordinates":[[[-82.83458301122778,9.607916833825925],[-82.83458301122778,9.61625016712594],[-82.84291634452774,9.61625016712594],[-82.84291634452774,9.607916833825925],[-82.83458301122778,9.607916833825925]]]},"properties":{"OBJECTID":4,"Id":4,"gridcode":53,"Shape_Length":0.033333333199948356,"Shape_Area":0.00006944444388867371}},{"type":"Feature","id":5,"geometry":{"type":"Polygon","coordinates":[[[-82.82624967792765,9.607916833825925],[-82.82624967792765,9.61625016712594],[-82.83458301122778,9.61625016712594],[-82.83458301122778,9.607916833825925],[-82.82624967792765,9.607916833825925]]]},"properties":{"OBJECTID":5,"Id":5,"gridcode":57,"Shape_Length":0.03333333320017573,"Shape_Area":0.0000694444438896211}},{"type":"Feature","id":6,"geometry":{"type":"Polygon","coordinates":[[[-82.85124967782775,9.599583500525853],[-82.85124967782775,9.607916833825925],[-82.85958301112777,9.607916833825925],[-82.85958301112777,9.599583500525853],[-82.85124967782775,9.599583500525853]]]},"properties":{"OBJECTID":6,"Id":6,"gridcode":53,"Shape_Length":0.03333333320017573,"Shape_Area":0.0000694444438896211}},{"type":"Feature","id":7,"geometry":{"type":"Polygon","coordinates":[[[-82.84291634452774,9.599583500525853],[-82.84291634452774,9.607916833825925],[-82.85124967782775,9.607916833825925],[-82.85124967782775,9.599583500525853],[-82.84291634452774,9.599583500525853]]]},"properties":{"OBJECTID":7,"Id":7,"gridcode":44,"Shape_Length":0.03333333320017573,"Shape_Area":0.0000694444438896211}},{"type":"Feature","id":8,"geometry":{"type":"Polygon","coordinates":[[[-82.83458301122778,9.599583500525853],[-82.83458301122778,9.607916833825925],[-82.84291634452774,9.607916833825925],[-82.84291634452774,9.599583500525853],[-82.83458301122778,9.599583500525853]]]},"properties":{"OBJECTID":8,"Id":8,"gridcode":50,"Shape_Length":0.03333333320006204,"Shape_Area":0.0000694444438891474}},{"type":"Feature","id":9,"geometry":{"type":"Polygon","coordinates":[[[-82.82624967792765,9.599583500525853],[-82.82624967792765,9.607916833825925],[-82.83458301122778,9.607916833825925],[-82.83458301122778,9.599583500525853],[-82.82624967792765,9.599583500525853]]]},"properties":{"OBJECTID":9,"Id":9,"gridcode":51,"Shape_Length":0.03333333320028942,"Shape_Area":0.00006944444389009479}},{"type":"Feature","id":10,"geometry":{"type":"Polygon","coordinates":[[[-82.81791634462769,9.599583500525853],[-82.81791634462769,9.607916833825925],[-82.82624967792765,9.607916833825925],[-82.82624967792765,9.599583500525853],[-82.81791634462769,9.599583500525853]]]},"properties":{"OBJECTID":10,"Id":10,"gridcode":56,"Shape_Length":0.03333333320017573,"Shape_Area":0.0000694444438896211}},{"type":"Feature","id":11,"geometry":{"type":"Polygon","coordinates":[[[-82.79291634472776,9.599583500525853],[-82.79291634472776,9.607916833825925],[-82.80124967802772,9.607916833825925],[-82.80124967802772,9.599583500525853],[-82.79291634472776,9.599583500525853]]]},"properties":{"OBJECTID":11,"Id":11,"gridcode":61,"Shape_Length":0.03333333320006204,"Shape_Area":0.0000694444438891474}},{"type":"Feature","id":12,"geometry":{"type":"Polygon","coordinates":[[[-82.86791634442773,9.591250167225837],[-82.86791634442773,9.599583500525853],[-82.87624967772769,9.599583500525853],[-82.87624967772769,9.591250167225837],[-82.86791634442773,9.591250167225837]]]},"properties":{"OBJECTID":12,"Id":12,"gridcode":92,"Shape_Length":0.033333333199948356,"Shape_Area":0.00006944444388867371}},{"type":"Feature","id":13,"geometry":{"type":"Polygon","coordinates":[[[-82.85958301112777,9.591250167225837],[-82.85958301112777,9.599583500525853],[-82.86791634442773,9.599583500525853],[-82.86791634442773,9.591250167225837],[-82.85958301112777,9.591250167225837]]]},"properties":{"OBJECTID":13,"Id":13,"gridcode":67,"Shape_Length":0.033333333199948356,"Shape_Area":0.00006944444388867371}},{"type":"Feature","id":14,"geometry":{"type":"Polygon","coordinates":[[[-82.85124967782775,9.591250167225837],[-82.85124967782775,9.599583500525853],[-82.85958301112777,9.599583500525853],[-82.85958301112777,9.591250167225837],[-82.85124967782775,9.591250167225837]]]},"properties":{"OBJECTID":14,"Id":14,"gridcode":44,"Shape_Length":0.03333333320006204,"Shape_Area":0.0000694444438891474}},{"type":"Feature","id":15,"geometry":{"type":"Polygon","coordinates":[[[-82.84291634452774,9.591250167225837],[-82.84291634452774,9.599583500525853],[-82.85124967782775,9.599583500525853],[-82.85124967782775,9.591250167225837],[-82.84291634452774,9.591250167225837]]]},"properties":{"OBJECTID":15,"Id":15,"gridcode":47,"Shape_Length":0.03333333320006204,"Shape_Area":0.0000694444438891474}},{"type":"Feature","id":16,"geometry":{"type":"Polygon","coordinates":[[[-82.83458301122778,9.591250167225837],[-82.83458301122778,9.599583500525853],[-82.84291634452774,9.599583500525853],[-82.84291634452774,9.591250167225837],[-82.83458301122778,9.591250167225837]]]},"properties":{"OBJECTID":16,"Id":16,"gridcode":59,"Shape_Length":0.033333333199948356,"Shape_Area":0.00006944444388867371}},{"type":"Feature","id":17,"geometry":{"type":"Polygon","coordinates":[[[-82.80958301132773,9.591250167225837],[-82.80958301132773,9.599583500525853],[-82.81791634462769,9.599583500525853],[-82.81791634462769,9.591250167225837],[-82.80958301132773,9.591250167225837]]]},"properties":{"OBJECTID":17,"Id":17,"gridcode":53,"Shape_Length":0.033333333199948356,"Shape_Area":0.00006944444388867371}},{"type":"Feature","id":18,"geometry":{"type":"Polygon","coordinates":[[[-82.80124967802772,9.591250167225837],[-82.80124967802772,9.599583500525853],[-82.80958301132773,9.599583500525853],[-82.80958301132773,9.591250167225837],[-82.80124967802772,9.591250167225837]]]},"properties":{"OBJECTID":18,"Id":18,"gridcode":45,"Shape_Length":0.03333333320006204,"Shape_Area":0.0000694444438891474}},{"type":"Feature","id":19,"geometry":{"type":"Polygon","coordinates":[[[-82.79291634472776,9.591250167225837],[-82.79291634472776,9.599583500525853],[-82.80124967802772,9.599583500525853],[-82.80124967802772,9.591250167225837],[-82.79291634472776,9.591250167225837]]]},"properties":{"OBJECTID":19,"Id":19,"gridcode":47,"Shape_Length":0.033333333199948356,"Shape_Area":0.00006944444388867371}},{"type":"Feature","id":20,"geometry":{"type":"Polygon","coordinates":[[[-82.78458301142774,9.591250167225837],[-82.78458301142774,9.599583500525853],[-82.79291634472776,9.599583500525853],[-82.79291634472776,9.591250167225837],[-82.78458301142774,9.591250167225837]]]},"properties":{"OBJECTID":20,"Id":20,"gridcode":43,"Shape_Length":0.03333333320006204,"Shape_Area":0.0000694444438891474}},{"type":"Feature","id":21,"geometry":{"type":"Polygon","coordinates":[[[-82.86791634442773,9.582916833925992],[-82.86791634442773,9.591250167225837],[-82.87624967772769,9.591250167225837],[-82.87624967772769,9.582916833925992],[-82.86791634442773,9.582916833925992]]]},"properties":{"OBJECTID":21,"Id":21,"gridcode":40,"Shape_Length":0.033333333199607296,"Shape_Area":0.00006944444388725262}},{"type":"Feature","id":22,"geometry":{"type":"Polygon","coordinates":[[[-82.85958301112777,9.582916833925992],[-82.85958301112777,9.591250167225837],[-82.86791634442773,9.591250167225837],[-82.86791634442773,9.582916833925992],[-82.85958301112777,9.582916833925992]]]},"properties":{"OBJECTID":22,"Id":22,"gridcode":39,"Shape_Length":0.033333333199607296,"Shape_Area":0.00006944444388725262}},{"type":"Feature","id":23,"geometry":{"type":"Polygon","coordinates":[[[-82.85124967782775,9.582916833925992],[-82.85124967782775,9.591250167225837],[-82.85958301112777,9.591250167225837],[-82.85958301112777,9.582916833925992],[-82.85124967782775,9.582916833925992]]]},"properties":{"OBJECTID":23,"Id":23,"gridcode":50,"Shape_Length":0.03333333319972098,"Shape_Area":0.00006944444388772632}},{"type":"Feature","id":24,"geometry":{"type":"Polygon","coordinates":[[[-82.83458301122778,9.582916833925992],[-82.83458301122778,9.591250167225837],[-82.84291634452774,9.591250167225837],[-82.84291634452774,9.582916833925992],[-82.83458301122778,9.582916833925992]]]},"properties":{"OBJECTID":24,"Id":24,"gridcode":62,"Shape_Length":0.033333333199607296,"Shape_Area":0.00006944444388725262}},{"type":"Feature","id":25,"geometry":{"type":"Polygon","coordinates":[[[-82.82624967792765,9.582916833925992],[-82.82624967792765,9.591250167225837],[-82.83458301122778,9.591250167225837],[-82.83458301122778,9.582916833925992],[-82.82624967792765,9.582916833925992]]]},"properties":{"OBJECTID":25,"Id":25,"gridcode":59,"Shape_Length":0.03333333319983467,"Shape_Area":0.00006944444388820001}},{"type":"Feature","id":26,"geometry":{"type":"Polygon","coordinates":[[[-82.81791634462769,9.582916833925992],[-82.81791634462769,9.591250167225837],[-82.82624967792765,9.591250167225837],[-82.82624967792765,9.582916833925992],[-82.81791634462769,9.582916833925992]]]},"properties":{"OBJECTID":26,"Id":26,"gridcode":62,"Shape_Length":0.03333333319972098,"Shape_Area":0.00006944444388772632}},{"type":"Feature","id":27,"geometry":{"type":"Polygon","coordinates":[[[-82.83458301122778,9.591250167225837],[-82.81791634462769,9.591250167225837],[-82.81791634462769,9.599583500525853],[-82.83458301122778,9.599583500525853],[-82.83458301122778,9.591250167225837]]]},"properties":{"OBJECTID":27,"Id":27,"gridcode":64,"Shape_Length":0.04999999980020675,"Shape_Area":0.0001388888877787685}},{"type":"Feature","id":28,"geometry":{"type":"Polygon","coordinates":[[[-82.80124967802772,9.582916833925992],[-82.80124967802772,9.591250167225837],[-82.80958301132773,9.591250167225837],[-82.80958301132773,9.582916833925992],[-82.80124967802772,9.582916833925992]]]},"properties":{"OBJECTID":28,"Id":28,"gridcode":64,"Shape_Length":0.03333333319972098,"Shape_Area":0.00006944444388772632}},{"type":"Feature","id":29,"geometry":{"type":"Polygon","coordinates":[[[-82.76791634482765,9.582916833925992],[-82.76791634482765,9.591250167225837],[-82.77624967812778,9.591250167225837],[-82.77624967812778,9.582916833925992],[-82.76791634482765,9.582916833925992]]]},"properties":{"OBJECTID":29,"Id":29,"gridcode":35,"Shape_Length":0.03333333319983467,"Shape_Area":0.00006944444388820001}},{"type":"Feature","id":30,"geometry":{"type":"Polygon","coordinates":[[[-82.7595830115277,9.582916833925992],[-82.7595830115277,9.591250167225837],[-82.76791634482765,9.591250167225837],[-82.76791634482765,9.582916833925992],[-82.7595830115277,9.582916833925992]]]},"properties":{"OBJECTID":30,"Id":30,"gridcode":33,"Shape_Length":0.03333333319972098,"Shape_Area":0.00006944444388772632}},{"type":"Feature","id":31,"geometry":{"type":"Polygon","coordinates":[[[-82.86791634442773,9.57458350062592],[-82.86791634442773,9.582916833925992],[-82.87624967772769,9.582916833925992],[-82.87624967772769,9.57458350062592],[-82.86791634442773,9.57458350062592]]]},"properties":{"OBJECTID":31,"Id":31,"gridcode":42,"Shape_Length":0.03333333320006204,"Shape_Area":0.0000694444438891474}},{"type":"Feature","id":32,"geometry":{"type":"Polygon","coordinates":[[[-82.85958301112777,9.57458350062592],[-82.85958301112777,9.582916833925992],[-82.86791634442773,9.582916833925992],[-82.86791634442773,9.57458350062592],[-82.85958301112777,9.57458350062592]]]},"properties":{"OBJECTID":32,"Id":32,"gridcode":52,"Shape_Length":0.03333333320006204,"Shape_Area":0.0000694444438891474}},{"type":"Feature","id":33,"geometry":{"type":"Polygon","coordinates":[[[-82.83458301122778,9.57458350062592],[-82.83458301122778,9.582916833925992],[-82.84291634452774,9.582916833925992],[-82.84291634452774,9.57458350062592],[-82.83458301122778,9.57458350062592]]]},"properties":{"OBJECTID":33,"Id":33,"gridcode":53,"Shape_Length":0.03333333320006204,"Shape_Area":0.0000694444438891474}},{"type":"Feature","id":34,"geometry":{"type":"Polygon","coordinates":[[[-82.82624967792765,9.57458350062592],[-82.82624967792765,9.582916833925992],[-82.83458301122778,9.582916833925992],[-82.83458301122778,9.57458350062592],[-82.82624967792765,9.57458350062592]]]},"properties":{"OBJECTID":34,"Id":34,"gridcode":57,"Shape_Length":0.03333333320028942,"Shape_Area":0.00006944444389009479}},{"type":"Feature","id":35,"geometry":{"type":"Polygon","coordinates":[[[-82.81791634462769,9.57458350062592],[-82.81791634462769,9.582916833925992],[-82.82624967792765,9.582916833925992],[-82.82624967792765,9.57458350062592],[-82.81791634462769,9.57458350062592]]]},"properties":{"OBJECTID":35,"Id":35,"gridcode":65,"Shape_Length":0.03333333320017573,"Shape_Area":0.0000694444438896211}},{"type":"Feature","id":36,"geometry":{"type":"Polygon","coordinates":[[[-82.80124967802772,9.57458350062592],[-82.80124967802772,9.582916833925992],[-82.80958301132773,9.582916833925992],[-82.80958301132773,9.57458350062592],[-82.80124967802772,9.57458350062592]]]},"properties":{"OBJECTID":36,"Id":36,"gridcode":59,"Shape_Length":0.03333333320017573,"Shape_Area":0.0000694444438896211}},{"type":"Feature","id":37,"geometry":{"type":"Polygon","coordinates":[[[-82.79291634472776,9.57458350062592],[-82.79291634472776,9.582916833925992],[-82.80124967802772,9.582916833925992],[-82.80124967802772,9.57458350062592],[-82.79291634472776,9.57458350062592]]]},"properties":{"OBJECTID":37,"Id":37,"gridcode":55,"Shape_Length":0.03333333320006204,"Shape_Area":0.0000694444438891474}},{"type":"Feature","id":38,"geometry":{"type":"Polygon","coordinates":[[[-82.78458301142774,9.57458350062592],[-82.78458301142774,9.582916833925992],[-82.79291634472776,9.582916833925992],[-82.79291634472776,9.57458350062592],[-82.78458301142774,9.57458350062592]]]},"properties":{"OBJECTID":38,"Id":38,"gridcode":52,"Shape_Length":0.03333333320017573,"Shape_Area":0.0000694444438896211}},{"type":"Feature","id":39,"geometry":{"type":"Polygon","coordinates":[[[-82.80124967802772,9.582916833925992],[-82.78458301142774,9.582916833925992],[-82.78458301142774,9.591250167225837],[-82.80124967802772,9.591250167225837],[-82.80124967802772,9.582916833925992]]]},"properties":{"OBJECTID":39,"Id":39,"gridcode":59,"Shape_Length":0.04999999979963832,"Shape_Area":0.00013888888777497893}},{"type":"Feature","id":40,"geometry":{"type":"Polygon","coordinates":[[[-82.77624967812778,9.57458350062592],[-82.77624967812778,9.582916833925992],[-82.78458301142774,9.582916833925992],[-82.78458301142774,9.57458350062592],[-82.77624967812778,9.57458350062592]]]},"properties":{"OBJECTID":40,"Id":40,"gridcode":28,"Shape_Length":0.03333333320006204,"Shape_Area":0.0000694444438891474}},{"type":"Feature","id":41,"geometry":{"type":"Polygon","coordinates":[[[-82.76791634482765,9.57458350062592],[-82.76791634482765,9.582916833925992],[-82.77624967812778,9.582916833925992],[-82.77624967812778,9.57458350062592],[-82.76791634482765,9.57458350062592]]]},"properties":{"OBJECTID":41,"Id":41,"gridcode":41,"Shape_Length":0.03333333320028942,"Shape_Area":0.00006944444389009479}},{"type":"Feature","id":42,"geometry":{"type":"Polygon","coordinates":[[[-82.74291634492772,9.57458350062592],[-82.74291634492772,9.582916833925992],[-82.75124967822774,9.582916833925992],[-82.75124967822774,9.57458350062592],[-82.74291634492772,9.57458350062592]]]},"properties":{"OBJECTID":42,"Id":42,"gridcode":31,"Shape_Length":0.03333333320017573,"Shape_Area":0.0000694444438896211}},{"type":"Feature","id":43,"geometry":{"type":"Polygon","coordinates":[[[-82.85124967782775,9.566250167325904],[-82.85124967782775,9.57458350062592],[-82.85958301112777,9.57458350062592],[-82.85958301112777,9.566250167325904],[-82.85124967782775,9.566250167325904]]]},"properties":{"OBJECTID":43,"Id":43,"gridcode":43,"Shape_Length":0.03333333320006204,"Shape_Area":0.0000694444438891474}},{"type":"Feature","id":44,"geometry":{"type":"Polygon","coordinates":[[[-82.84291634452774,9.566250167325904],[-82.84291634452774,9.57458350062592],[-82.85124967782775,9.57458350062592],[-82.85124967782775,9.566250167325904],[-82.84291634452774,9.566250167325904]]]},"properties":{"OBJECTID":44,"Id":44,"gridcode":46,"Shape_Length":0.03333333320006204,"Shape_Area":0.0000694444438891474}},{"type":"Feature","id":45,"geometry":{"type":"Polygon","coordinates":[[[-82.85958301112777,9.57458350062592],[-82.84291634452774,9.57458350062592],[-82.84291634452774,9.591250167225837],[-82.85124967782775,9.591250167225837],[-82.85124967782775,9.582916833925992],[-82.85958301112777,9.582916833925992],[-82.85958301112777,9.57458350062592]]]},"properties":{"OBJECTID":45,"Id":45,"gridcode":55,"Shape_Length":0.06666666639989671,"Shape_Area":0.00020833333166696852}},{"type":"Feature","id":46,"geometry":{"type":"Polygon","coordinates":[[[-82.83458301122778,9.566250167325904],[-82.83458301122778,9.57458350062592],[-82.84291634452774,9.57458350062592],[-82.84291634452774,9.566250167325904],[-82.83458301122778,9.566250167325904]]]},"properties":{"OBJECTID":46,"Id":46,"gridcode":47,"Shape_Length":0.033333333199948356,"Shape_Area":0.00006944444388867371}},{"type":"Feature","id":47,"geometry":{"type":"Polygon","coordinates":[[[-82.82624967792765,9.566250167325904],[-82.82624967792765,9.57458350062592],[-82.83458301122778,9.57458350062592],[-82.83458301122778,9.566250167325904],[-82.82624967792765,9.566250167325904]]]},"properties":{"OBJECTID":47,"Id":47,"gridcode":54,"Shape_Length":0.03333333320017573,"Shape_Area":0.0000694444438896211}},{"type":"Feature","id":48,"geometry":{"type":"Polygon","coordinates":[[[-82.81791634462769,9.566250167325904],[-82.81791634462769,9.57458350062592],[-82.82624967792765,9.57458350062592],[-82.82624967792765,9.566250167325904],[-82.81791634462769,9.566250167325904]]]},"properties":{"OBJECTID":48,"Id":48,"gridcode":55,"Shape_Length":0.03333333320006204,"Shape_Area":0.0000694444438891474}},{"type":"Feature","id":49,"geometry":{"type":"Polygon","coordinates":[[[-82.80958301132773,9.566250167325904],[-82.80958301132773,9.57458350062592],[-82.81791634462769,9.57458350062592],[-82.81791634462769,9.566250167325904],[-82.80958301132773,9.566250167325904]]]},"properties":{"OBJECTID":49,"Id":49,"gridcode":49,"Shape_Length":0.033333333199948356,"Shape_Area":0.00006944444388867371}},{"type":"Feature","id":50,"geometry":{"type":"Polygon","coordinates":[[[-82.81791634462769,9.591250167225837],[-82.81791634462769,9.57458350062592],[-82.80958301132773,9.57458350062592],[-82.80958301132773,9.591250167225837],[-82.81791634462769,9.591250167225837]]]},"properties":{"OBJECTID":50,"Id":50,"gridcode":66,"Shape_Length":0.049999999799752004,"Shape_Area":0.00013888888777640002}},{"type":"Feature","id":51,"geometry":{"type":"Polygon","coordinates":[[[-82.80124967802772,9.566250167325904],[-82.80124967802772,9.57458350062592],[-82.80958301132773,9.57458350062592],[-82.80958301132773,9.566250167325904],[-82.80124967802772,9.566250167325904]]]},"properties":{"OBJECTID":51,"Id":51,"gridcode":45,"Shape_Length":0.03333333320006204,"Shape_Area":0.0000694444438891474}},{"type":"Feature","id":52,"geometry":{"type":"Polygon","coordinates":[[[-82.79291634472776,9.566250167325904],[-82.79291634472776,9.57458350062592],[-82.80124967802772,9.57458350062592],[-82.80124967802772,9.566250167325904],[-82.79291634472776,9.566250167325904]]]},"properties":{"OBJECTID":52,"Id":52,"gridcode":47,"Shape_Length":0.033333333199948356,"Shape_Area":0.00006944444388867371}},{"type":"Feature","id":53,"geometry":{"type":"Polygon","coordinates":[[[-82.78458301142774,9.566250167325904],[-82.78458301142774,9.57458350062592],[-82.79291634472776,9.57458350062592],[-82.79291634472776,9.566250167325904],[-82.78458301142774,9.566250167325904]]]},"properties":{"OBJECTID":53,"Id":53,"gridcode":46,"Shape_Length":0.03333333320006204,"Shape_Area":0.0000694444438891474}},{"type":"Feature","id":54,"geometry":{"type":"Polygon","coordinates":[[[-82.77624967812778,9.566250167325904],[-82.77624967812778,9.57458350062592],[-82.78458301142774,9.57458350062592],[-82.78458301142774,9.566250167325904],[-82.77624967812778,9.566250167325904]]]},"properties":{"OBJECTID":54,"Id":54,"gridcode":51,"Shape_Length":0.033333333199948356,"Shape_Area":0.00006944444388867371}},{"type":"Feature","id":55,"geometry":{"type":"Polygon","coordinates":[[[-82.76791634482765,9.566250167325904],[-82.76791634482765,9.57458350062592],[-82.77624967812778,9.57458350062592],[-82.77624967812778,9.566250167325904],[-82.76791634482765,9.566250167325904]]]},"properties":{"OBJECTID":55,"Id":55,"gridcode":60,"Shape_Length":0.03333333320017573,"Shape_Area":0.0000694444438896211}},{"type":"Feature","id":56,"geometry":{"type":"Polygon","coordinates":[[[-82.7595830115277,9.566250167325904],[-82.7595830115277,9.57458350062592],[-82.76791634482765,9.57458350062592],[-82.76791634482765,9.566250167325904],[-82.7595830115277,9.566250167325904]]]},"properties":{"OBJECTID":56,"Id":56,"gridcode":62,"Shape_Length":0.03333333320006204,"Shape_Area":0.0000694444438891474}},{"type":"Feature","id":57,"geometry":{"type":"Polygon","coordinates":[[[-82.75124967822774,9.566250167325904],[-82.75124967822774,9.57458350062592],[-82.7595830115277,9.57458350062592],[-82.7595830115277,9.566250167325904],[-82.75124967822774,9.566250167325904]]]},"properties":{"OBJECTID":57,"Id":57,"gridcode":63,"Shape_Length":0.033333333199948356,"Shape_Area":0.00006944444388867371}},{"type":"Feature","id":58,"geometry":{"type":"Polygon","coordinates":[[[-82.76791634482765,9.57458350062592],[-82.75124967822774,9.57458350062592],[-82.75124967822774,9.582916833925992],[-82.76791634482765,9.582916833925992],[-82.76791634482765,9.57458350062592]]]},"properties":{"OBJECTID":58,"Id":58,"gridcode":47,"Shape_Length":0.049999999800093065,"Shape_Area":0.0001388888877787685}},{"type":"Feature","id":59,"geometry":{"type":"Polygon","coordinates":[[[-82.74291634492772,9.566250167325904],[-82.74291634492772,9.57458350062592],[-82.75124967822774,9.57458350062592],[-82.75124967822774,9.566250167325904],[-82.74291634492772,9.566250167325904]]]},"properties":{"OBJECTID":59,"Id":59,"gridcode":50,"Shape_Length":0.03333333320006204,"Shape_Area":0.0000694444438891474}},{"type":"Feature","id":60,"geometry":{"type":"Polygon","coordinates":[[[-82.55124967902776,9.566250167325904],[-82.55124967902776,9.57458350062592],[-82.55958301232772,9.57458350062592],[-82.55958301232772,9.566250167325904],[-82.55124967902776,9.566250167325904]]]},"properties":{"OBJECTID":60,"Id":60,"gridcode":42,"Shape_Length":0.033333333199948356,"Shape_Area":0.00006944444388867371}},{"type":"Feature","id":61,"geometry":{"type":"Polygon","coordinates":[[[-82.87624967772769,9.557916834025889],[-82.87624967772769,9.566250167325904],[-82.8845830110277,9.566250167325904],[-82.8845830110277,9.557916834025889],[-82.87624967772769,9.557916834025889]]]},"properties":{"OBJECTID":61,"Id":61,"gridcode":30,"Shape_Length":0.03333333320006204,"Shape_Area":0.0000694444438891474}},{"type":"Feature","id":62,"geometry":{"type":"Polygon","coordinates":[[[-82.8845830110277,9.582916833925992],[-82.8845830110277,9.566250167325904],[-82.87624967772769,9.566250167325904],[-82.87624967772769,9.582916833925992],[-82.8845830110277,9.582916833925992]]]},"properties":{"OBJECTID":62,"Id":62,"gridcode":31,"Shape_Length":0.04999999980020675,"Shape_Area":0.0001388888877787685}},{"type":"Feature","id":63,"geometry":{"type":"Polygon","coordinates":[[[-82.86791634442773,9.557916834025889],[-82.86791634442773,9.566250167325904],[-82.87624967772769,9.566250167325904],[-82.87624967772769,9.557916834025889],[-82.86791634442773,9.557916834025889]]]},"properties":{"OBJECTID":63,"Id":63,"gridcode":41,"Shape_Length":0.033333333199948356,"Shape_Area":0.00006944444388867371}},{"type":"Feature","id":64,"geometry":{"type":"Polygon","coordinates":[[[-82.85958301112777,9.557916834025889],[-82.85958301112777,9.566250167325904],[-82.86791634442773,9.566250167325904],[-82.86791634442773,9.557916834025889],[-82.85958301112777,9.557916834025889]]]},"properties":{"OBJECTID":64,"Id":64,"gridcode":39,"Shape_Length":0.033333333199948356,"Shape_Area":0.00006944444388867371}},{"type":"Feature","id":65,"geometry":{"type":"Polygon","coordinates":[[[-82.87624967772769,9.566250167325904],[-82.85958301112777,9.566250167325904],[-82.85958301112777,9.57458350062592],[-82.87624967772769,9.57458350062592],[-82.87624967772769,9.566250167325904]]]},"properties":{"OBJECTID":65,"Id":65,"gridcode":44,"Shape_Length":0.04999999979986569,"Shape_Area":0.00013888888777734742}},{"type":"Feature","id":66,"geometry":{"type":"Polygon","coordinates":[[[-82.85124967782775,9.557916834025889],[-82.85124967782775,9.566250167325904],[-82.85958301112777,9.566250167325904],[-82.85958301112777,9.557916834025889],[-82.85124967782775,9.557916834025889]]]},"properties":{"OBJECTID":66,"Id":66,"gridcode":37,"Shape_Length":0.03333333320006204,"Shape_Area":0.0000694444438891474}},{"type":"Feature","id":67,"geometry":{"type":"Polygon","coordinates":[[[-82.84291634452774,9.557916834025889],[-82.84291634452774,9.566250167325904],[-82.85124967782775,9.566250167325904],[-82.85124967782775,9.557916834025889],[-82.84291634452774,9.557916834025889]]]},"properties":{"OBJECTID":67,"Id":67,"gridcode":40,"Shape_Length":0.03333333320006204,"Shape_Area":0.0000694444438891474}},{"type":"Feature","id":68,"geometry":{"type":"Polygon","coordinates":[[[-82.83458301122778,9.557916834025889],[-82.83458301122778,9.566250167325904],[-82.84291634452774,9.566250167325904],[-82.84291634452774,9.557916834025889],[-82.83458301122778,9.557916834025889]]]},"properties":{"OBJECTID":68,"Id":68,"gridcode":42,"Shape_Length":0.033333333199948356,"Shape_Area":0.00006944444388867371}},{"type":"Feature","id":69,"geometry":{"type":"Polygon","coordinates":[[[-82.80958301132773,9.557916834025889],[-82.80958301132773,9.566250167325904],[-82.81791634462769,9.566250167325904],[-82.81791634462769,9.557916834025889],[-82.80958301132773,9.557916834025889]]]},"properties":{"OBJECTID":69,"Id":69,"gridcode":44,"Shape_Length":0.033333333199948356,"Shape_Area":0.00006944444388867371}},{"type":"Feature","id":70,"geometry":{"type":"Polygon","coordinates":[[[-82.80124967802772,9.557916834025889],[-82.80124967802772,9.566250167325904],[-82.80958301132773,9.566250167325904],[-82.80958301132773,9.557916834025889],[-82.80124967802772,9.557916834025889]]]},"properties":{"OBJECTID":70,"Id":70,"gridcode":39,"Shape_Length":0.03333333320006204,"Shape_Area":0.0000694444438891474}},{"type":"Feature","id":71,"geometry":{"type":"Polygon","coordinates":[[[-82.79291634472776,9.557916834025889],[-82.79291634472776,9.566250167325904],[-82.80124967802772,9.566250167325904],[-82.80124967802772,9.557916834025889],[-82.79291634472776,9.557916834025889]]]},"properties":{"OBJECTID":71,"Id":71,"gridcode":36,"Shape_Length":0.033333333199948356,"Shape_Area":0.00006944444388867371}},{"type":"Feature","id":72,"geometry":{"type":"Polygon","coordinates":[[[-82.78458301142774,9.557916834025889],[-82.78458301142774,9.566250167325904],[-82.79291634472776,9.566250167325904],[-82.79291634472776,9.557916834025889],[-82.78458301142774,9.557916834025889]]]},"properties":{"OBJECTID":72,"Id":72,"gridcode":43,"Shape_Length":0.03333333320006204,"Shape_Area":0.0000694444438891474}},{"type":"Feature","id":73,"geometry":{"type":"Polygon","coordinates":[[[-82.77624967812778,9.557916834025889],[-82.77624967812778,9.566250167325904],[-82.78458301142774,9.566250167325904],[-82.78458301142774,9.557916834025889],[-82.77624967812778,9.557916834025889]]]},"properties":{"OBJECTID":73,"Id":73,"gridcode":49,"Shape_Length":0.033333333199948356,"Shape_Area":0.00006944444388867371}},{"type":"Feature","id":74,"geometry":{"type":"Polygon","coordinates":[[[-82.76791634482765,9.557916834025889],[-82.76791634482765,9.566250167325904],[-82.77624967812778,9.566250167325904],[-82.77624967812778,9.557916834025889],[-82.76791634482765,9.557916834025889]]]},"properties":{"OBJECTID":74,"Id":74,"gridcode":62,"Shape_Length":0.03333333320017573,"Shape_Area":0.0000694444438896211}},{"type":"Feature","id":75,"geometry":{"type":"Polygon","coordinates":[[[-82.7595830115277,9.557916834025889],[-82.7595830115277,9.566250167325904],[-82.76791634482765,9.566250167325904],[-82.76791634482765,9.557916834025889],[-82.7595830115277,9.557916834025889]]]},"properties":{"OBJECTID":75,"Id":75,"gridcode":71,"Shape_Length":0.03333333320006204,"Shape_Area":0.0000694444438891474}},{"type":"Feature","id":76,"geometry":{"type":"Polygon","coordinates":[[[-82.74291634492772,9.557916834025889],[-82.74291634492772,9.566250167325904],[-82.75124967822774,9.566250167325904],[-82.75124967822774,9.557916834025889],[-82.74291634492772,9.557916834025889]]]},"properties":{"OBJECTID":76,"Id":76,"gridcode":63,"Shape_Length":0.03333333320006204,"Shape_Area":0.0000694444438891474}},{"type":"Feature","id":77,"geometry":{"type":"Polygon","coordinates":[[[-82.59291634552778,9.557916834025889],[-82.59291634552778,9.566250167325904],[-82.60124967882763,9.566250167325904],[-82.60124967882763,9.557916834025889],[-82.59291634552778,9.557916834025889]]]},"properties":{"OBJECTID":77,"Id":77,"gridcode":17,"Shape_Length":0.03333333319983467,"Shape_Area":0.00006944444388820001}},{"type":"Feature","id":78,"geometry":{"type":"Polygon","coordinates":[[[-82.58458301222771,9.557916834025889],[-82.58458301222771,9.566250167325904],[-82.59291634552778,9.566250167325904],[-82.59291634552778,9.557916834025889],[-82.58458301222771,9.557916834025889]]]},"properties":{"OBJECTID":78,"Id":78,"gridcode":14,"Shape_Length":0.03333333320017573,"Shape_Area":0.0000694444438896211}},{"type":"Feature","id":79,"geometry":{"type":"Polygon","coordinates":[[[-82.55124967902776,9.557916834025889],[-82.55124967902776,9.566250167325904],[-82.55958301232772,9.566250167325904],[-82.55958301232772,9.557916834025889],[-82.55124967902776,9.557916834025889]]]},"properties":{"OBJECTID":79,"Id":79,"gridcode":44,"Shape_Length":0.033333333199948356,"Shape_Area":0.00006944444388867371}},{"type":"Feature","id":80,"geometry":{"type":"Polygon","coordinates":[[[-82.84291634452774,9.549583500725817],[-82.84291634452774,9.557916834025889],[-82.85124967782775,9.557916834025889],[-82.85124967782775,9.549583500725817],[-82.84291634452774,9.549583500725817]]]},"properties":{"OBJECTID":80,"Id":80,"gridcode":35,"Shape_Length":0.03333333320017573,"Shape_Area":0.0000694444438896211}},{"type":"Feature","id":81,"geometry":{"type":"Polygon","coordinates":[[[-82.83458301122778,9.549583500725817],[-82.83458301122778,9.557916834025889],[-82.84291634452774,9.557916834025889],[-82.84291634452774,9.549583500725817],[-82.83458301122778,9.549583500725817]]]},"properties":{"OBJECTID":81,"Id":81,"gridcode":34,"Shape_Length":0.03333333320006204,"Shape_Area":0.0000694444438891474}},{"type":"Feature","id":82,"geometry":{"type":"Polygon","coordinates":[[[-82.83458301122778,9.557916834025889],[-82.81791634462769,9.557916834025889],[-82.81791634462769,9.566250167325904],[-82.83458301122778,9.566250167325904],[-82.83458301122778,9.557916834025889]]]},"properties":{"OBJECTID":82,"Id":82,"gridcode":43,"Shape_Length":0.04999999980020675,"Shape_Area":0.0001388888877787685}},{"type":"Feature","id":83,"geometry":{"type":"Polygon","coordinates":[[[-82.80958301132773,9.549583500725817],[-82.80958301132773,9.557916834025889],[-82.81791634462769,9.557916834025889],[-82.81791634462769,9.549583500725817],[-82.80958301132773,9.549583500725817]]]},"properties":{"OBJECTID":83,"Id":83,"gridcode":35,"Shape_Length":0.03333333320006204,"Shape_Area":0.0000694444438891474}},{"type":"Feature","id":84,"geometry":{"type":"Polygon","coordinates":[[[-82.80124967802772,9.549583500725817],[-82.80124967802772,9.557916834025889],[-82.80958301132773,9.557916834025889],[-82.80958301132773,9.549583500725817],[-82.80124967802772,9.549583500725817]]]},"properties":{"OBJECTID":84,"Id":84,"gridcode":32,"Shape_Length":0.03333333320017573,"Shape_Area":0.0000694444438896211}},{"type":"Feature","id":85,"geometry":{"type":"Polygon","coordinates":[[[-82.79291634472776,9.549583500725817],[-82.79291634472776,9.557916834025889],[-82.80124967802772,9.557916834025889],[-82.80124967802772,9.549583500725817],[-82.79291634472776,9.549583500725817]]]},"properties":{"OBJECTID":85,"Id":85,"gridcode":29,"Shape_Length":0.03333333320006204,"Shape_Area":0.0000694444438891474}},{"type":"Feature","id":86,"geometry":{"type":"Polygon","coordinates":[[[-82.78458301142774,9.549583500725817],[-82.78458301142774,9.557916834025889],[-82.79291634472776,9.557916834025889],[-82.79291634472776,9.549583500725817],[-82.78458301142774,9.549583500725817]]]},"properties":{"OBJECTID":86,"Id":86,"gridcode":35,"Shape_Length":0.03333333320017573,"Shape_Area":0.0000694444438896211}},{"type":"Feature","id":87,"geometry":{"type":"Polygon","coordinates":[[[-82.77624967812778,9.549583500725817],[-82.77624967812778,9.557916834025889],[-82.78458301142774,9.557916834025889],[-82.78458301142774,9.549583500725817],[-82.77624967812778,9.549583500725817]]]},"properties":{"OBJECTID":87,"Id":87,"gridcode":43,"Shape_Length":0.03333333320006204,"Shape_Area":0.0000694444438891474}},{"type":"Feature","id":88,"geometry":{"type":"Polygon","coordinates":[[[-82.76791634482765,9.549583500725817],[-82.76791634482765,9.557916834025889],[-82.77624967812778,9.557916834025889],[-82.77624967812778,9.549583500725817],[-82.76791634482765,9.549583500725817]]]},"properties":{"OBJECTID":88,"Id":88,"gridcode":51,"Shape_Length":0.03333333320028942,"Shape_Area":0.00006944444389009479}},{"type":"Feature","id":89,"geometry":{"type":"Polygon","coordinates":[[[-82.7595830115277,9.549583500725817],[-82.7595830115277,9.557916834025889],[-82.76791634482765,9.557916834025889],[-82.76791634482765,9.549583500725817],[-82.7595830115277,9.549583500725817]]]},"properties":{"OBJECTID":89,"Id":89,"gridcode":61,"Shape_Length":0.03333333320017573,"Shape_Area":0.0000694444438896211}},{"type":"Feature","id":90,"geometry":{"type":"Polygon","coordinates":[[[-82.74291634492772,9.549583500725817],[-82.74291634492772,9.557916834025889],[-82.75124967822774,9.557916834025889],[-82.75124967822774,9.549583500725817],[-82.74291634492772,9.549583500725817]]]},"properties":{"OBJECTID":90,"Id":90,"gridcode":70,"Shape_Length":0.03333333320017573,"Shape_Area":0.0000694444438896211}},{"type":"Feature","id":91,"geometry":{"type":"Polygon","coordinates":[[[-82.73458301162776,9.549583500725817],[-82.73458301162776,9.557916834025889],[-82.74291634492772,9.557916834025889],[-82.74291634492772,9.549583500725817],[-82.73458301162776,9.549583500725817]]]},"properties":{"OBJECTID":91,"Id":91,"gridcode":79,"Shape_Length":0.03333333320006204,"Shape_Area":0.0000694444438891474}},{"type":"Feature","id":92,"geometry":{"type":"Polygon","coordinates":[[[-82.72624967832775,9.549583500725817],[-82.72624967832775,9.557916834025889],[-82.73458301162776,9.557916834025889],[-82.73458301162776,9.549583500725817],[-82.72624967832775,9.549583500725817]]]},"properties":{"OBJECTID":92,"Id":92,"gridcode":47,"Shape_Length":0.03333333320017573,"Shape_Area":0.0000694444438896211}},{"type":"Feature","id":93,"geometry":{"type":"Polygon","coordinates":[[[-82.74291634492772,9.557916834025889],[-82.72624967832775,9.557916834025889],[-82.72624967832775,9.566250167325904],[-82.74291634492772,9.566250167325904],[-82.74291634492772,9.557916834025889]]]},"properties":{"OBJECTID":93,"Id":93,"gridcode":54,"Shape_Length":0.04999999979997938,"Shape_Area":0.0001388888877778211}},{"type":"Feature","id":94,"geometry":{"type":"Polygon","coordinates":[[[-82.59291634552778,9.549583500725817],[-82.59291634552778,9.557916834025889],[-82.60124967882763,9.557916834025889],[-82.60124967882763,9.549583500725817],[-82.59291634552778,9.549583500725817]]]},"properties":{"OBJECTID":94,"Id":94,"gridcode":55,"Shape_Length":0.033333333199948356,"Shape_Area":0.00006944444388867371}},{"type":"Feature","id":95,"geometry":{"type":"Polygon","coordinates":[[[-82.58458301222771,9.549583500725817],[-82.58458301222771,9.557916834025889],[-82.59291634552778,9.557916834025889],[-82.59291634552778,9.549583500725817],[-82.58458301222771,9.549583500725817]]]},"properties":{"OBJECTID":95,"Id":95,"gridcode":43,"Shape_Length":0.03333333320028942,"Shape_Area":0.00006944444389009479}},{"type":"Feature","id":96,"geometry":{"type":"Polygon","coordinates":[[[-82.5762496789277,9.549583500725817],[-82.5762496789277,9.557916834025889],[-82.58458301222771,9.557916834025889],[-82.58458301222771,9.549583500725817],[-82.5762496789277,9.549583500725817]]]},"properties":{"OBJECTID":96,"Id":96,"gridcode":29,"Shape_Length":0.03333333320017573,"Shape_Area":0.0000694444438896211}},{"type":"Feature","id":97,"geometry":{"type":"Polygon","coordinates":[[[-82.86791634442773,9.541250167425972],[-82.86791634442773,9.549583500725817],[-82.87624967772769,9.549583500725817],[-82.87624967772769,9.541250167425972],[-82.86791634442773,9.541250167425972]]]},"properties":{"OBJECTID":97,"Id":97,"gridcode":14,"Shape_Length":0.033333333199607296,"Shape_Area":0.00006944444388725262}},{"type":"Feature","id":98,"geometry":{"type":"Polygon","coordinates":[[[-82.86791634442773,9.549583500725817],[-82.85124967782775,9.549583500725817],[-82.85124967782775,9.557916834025889],[-82.86791634442773,9.557916834025889],[-82.86791634442773,9.549583500725817]]]},"properties":{"OBJECTID":98,"Id":98,"gridcode":36,"Shape_Length":0.049999999800093065,"Shape_Area":0.0001388888877787685}},{"type":"Feature","id":99,"geometry":{"type":"Polygon","coordinates":[[[-82.82624967792765,9.541250167425972],[-82.82624967792765,9.549583500725817],[-82.83458301122778,9.549583500725817],[-82.83458301122778,9.541250167425972],[-82.82624967792765,9.541250167425972]]]},"properties":{"OBJECTID":99,"Id":99,"gridcode":30,"Shape_Length":0.03333333319983467,"Shape_Area":0.00006944444388820001}},{"type":"Feature","id":100,"geometry":{"type":"Polygon","coordinates":[[[-82.81791634462769,9.541250167425972],[-82.81791634462769,9.549583500725817],[-82.82624967792765,9.549583500725817],[-82.82624967792765,9.541250167425972],[-82.81791634462769,9.541250167425972]]]},"properties":{"OBJECTID":100,"Id":100,"gridcode":29,"Shape_Length":0.03333333319972098,"Shape_Area":0.00006944444388772632}},{"type":"Feature","id":101,"geometry":{"type":"Polygon","coordinates":[[[-82.83458301122778,9.549583500725817],[-82.81791634462769,9.549583500725817],[-82.81791634462769,9.557916834025889],[-82.83458301122778,9.557916834025889],[-82.83458301122778,9.549583500725817]]]},"properties":{"OBJECTID":101,"Id":101,"gridcode":37,"Shape_Length":0.04999999980032044,"Shape_Area":0.0001388888877797159}},{"type":"Feature","id":102,"geometry":{"type":"Polygon","coordinates":[[[-82.80958301132773,9.541250167425972],[-82.80958301132773,9.549583500725817],[-82.81791634462769,9.549583500725817],[-82.81791634462769,9.541250167425972],[-82.80958301132773,9.541250167425972]]]},"properties":{"OBJECTID":102,"Id":102,"gridcode":30,"Shape_Length":0.033333333199607296,"Shape_Area":0.00006944444388725262}},{"type":"Feature","id":103,"geometry":{"type":"Polygon","coordinates":[[[-82.80124967802772,9.541250167425972],[-82.80124967802772,9.549583500725817],[-82.80958301132773,9.549583500725817],[-82.80958301132773,9.541250167425972],[-82.80124967802772,9.541250167425972]]]},"properties":{"OBJECTID":103,"Id":103,"gridcode":26,"Shape_Length":0.03333333319972098,"Shape_Area":0.00006944444388772632}},{"type":"Feature","id":104,"geometry":{"type":"Polygon","coordinates":[[[-82.79291634472776,9.541250167425972],[-82.79291634472776,9.549583500725817],[-82.80124967802772,9.549583500725817],[-82.80124967802772,9.541250167425972],[-82.79291634472776,9.541250167425972]]]},"properties":{"OBJECTID":104,"Id":104,"gridcode":25,"Shape_Length":0.033333333199607296,"Shape_Area":0.00006944444388725262}},{"type":"Feature","id":105,"geometry":{"type":"Polygon","coordinates":[[[-82.78458301142774,9.541250167425972],[-82.78458301142774,9.549583500725817],[-82.79291634472776,9.549583500725817],[-82.79291634472776,9.541250167425972],[-82.78458301142774,9.541250167425972]]]},"properties":{"OBJECTID":105,"Id":105,"gridcode":27,"Shape_Length":0.03333333319972098,"Shape_Area":0.00006944444388772632}},{"type":"Feature","id":106,"geometry":{"type":"Polygon","coordinates":[[[-82.77624967812778,9.541250167425972],[-82.77624967812778,9.549583500725817],[-82.78458301142774,9.549583500725817],[-82.78458301142774,9.541250167425972],[-82.77624967812778,9.541250167425972]]]},"properties":{"OBJECTID":106,"Id":106,"gridcode":34,"Shape_Length":0.033333333199607296,"Shape_Area":0.00006944444388725262}},{"type":"Feature","id":107,"geometry":{"type":"Polygon","coordinates":[[[-82.76791634482765,9.541250167425972],[-82.76791634482765,9.549583500725817],[-82.77624967812778,9.549583500725817],[-82.77624967812778,9.541250167425972],[-82.76791634482765,9.541250167425972]]]},"properties":{"OBJECTID":107,"Id":107,"gridcode":41,"Shape_Length":0.03333333319983467,"Shape_Area":0.00006944444388820001}},{"type":"Feature","id":108,"geometry":{"type":"Polygon","coordinates":[[[-82.7595830115277,9.541250167425972],[-82.7595830115277,9.549583500725817],[-82.76791634482765,9.549583500725817],[-82.76791634482765,9.541250167425972],[-82.7595830115277,9.541250167425972]]]},"properties":{"OBJECTID":108,"Id":108,"gridcode":49,"Shape_Length":0.03333333319972098,"Shape_Area":0.00006944444388772632}},{"type":"Feature","id":109,"geometry":{"type":"Polygon","coordinates":[[[-82.75124967822774,9.541250167425972],[-82.75124967822774,9.549583500725817],[-82.7595830115277,9.549583500725817],[-82.7595830115277,9.541250167425972],[-82.75124967822774,9.541250167425972]]]},"properties":{"OBJECTID":109,"Id":109,"gridcode":68,"Shape_Length":0.033333333199607296,"Shape_Area":0.00006944444388725262}},{"type":"Feature","id":110,"geometry":{"type":"Polygon","coordinates":[[[-82.7595830115277,9.566250167325904],[-82.7595830115277,9.549583500725817],[-82.75124967822774,9.549583500725817],[-82.75124967822774,9.566250167325904],[-82.7595830115277,9.566250167325904]]]},"properties":{"OBJECTID":110,"Id":110,"gridcode":65,"Shape_Length":0.049999999800093065,"Shape_Area":0.0001388888877778211}},{"type":"Feature","id":111,"geometry":{"type":"Polygon","coordinates":[[[-82.74291634492772,9.541250167425972],[-82.74291634492772,9.549583500725817],[-82.75124967822774,9.549583500725817],[-82.75124967822774,9.541250167425972],[-82.74291634492772,9.541250167425972]]]},"properties":{"OBJECTID":111,"Id":111,"gridcode":140,"Shape_Length":0.03333333319972098,"Shape_Area":0.00006944444388772632}},{"type":"Feature","id":112,"geometry":{"type":"Polygon","coordinates":[[[-82.73458301162776,9.541250167425972],[-82.73458301162776,9.549583500725817],[-82.74291634492772,9.549583500725817],[-82.74291634492772,9.541250167425972],[-82.73458301162776,9.541250167425972]]]},"properties":{"OBJECTID":112,"Id":112,"gridcode":266,"Shape_Length":0.033333333199607296,"Shape_Area":0.00006944444388725262}},{"type":"Feature","id":113,"geometry":{"type":"Polygon","coordinates":[[[-82.72624967832775,9.541250167425972],[-82.72624967832775,9.549583500725817],[-82.73458301162776,9.549583500725817],[-82.73458301162776,9.541250167425972],[-82.72624967832775,9.541250167425972]]]},"properties":{"OBJECTID":113,"Id":113,"gridcode":88,"Shape_Length":0.03333333319972098,"Shape_Area":0.00006944444388772632}},{"type":"Feature","id":114,"geometry":{"type":"Polygon","coordinates":[[[-82.71791634502779,9.541250167425972],[-82.71791634502779,9.549583500725817],[-82.72624967832775,9.549583500725817],[-82.72624967832775,9.541250167425972],[-82.71791634502779,9.541250167425972]]]},"properties":{"OBJECTID":114,"Id":114,"gridcode":57,"Shape_Length":0.033333333199607296,"Shape_Area":0.00006944444388725262}},{"type":"Feature","id":115,"geometry":{"type":"Polygon","coordinates":[[[-82.70958301172777,9.541250167425972],[-82.70958301172777,9.549583500725817],[-82.71791634502779,9.549583500725817],[-82.71791634502779,9.541250167425972],[-82.70958301172777,9.541250167425972]]]},"properties":{"OBJECTID":115,"Id":115,"gridcode":36,"Shape_Length":0.03333333319972098,"Shape_Area":0.00006944444388772632}},{"type":"Feature","id":116,"geometry":{"type":"Polygon","coordinates":[[[-82.7012496784277,9.541250167425972],[-82.7012496784277,9.549583500725817],[-82.70958301172777,9.549583500725817],[-82.70958301172777,9.541250167425972],[-82.7012496784277,9.541250167425972]]]},"properties":{"OBJECTID":116,"Id":116,"gridcode":28,"Shape_Length":0.03333333319983467,"Shape_Area":0.00006944444388820001}},{"type":"Feature","id":117,"geometry":{"type":"Polygon","coordinates":[[[-82.59291634552778,9.541250167425972],[-82.59291634552778,9.549583500725817],[-82.60124967882763,9.549583500725817],[-82.60124967882763,9.541250167425972],[-82.59291634552778,9.541250167425972]]]},"properties":{"OBJECTID":117,"Id":117,"gridcode":66,"Shape_Length":0.03333333319949361,"Shape_Area":0.00006944444388677893}},{"type":"Feature","id":118,"geometry":{"type":"Polygon","coordinates":[[[-82.58458301222771,9.541250167425972],[-82.58458301222771,9.549583500725817],[-82.59291634552778,9.549583500725817],[-82.59291634552778,9.541250167425972],[-82.58458301222771,9.541250167425972]]]},"properties":{"OBJECTID":118,"Id":118,"gridcode":70,"Shape_Length":0.03333333319983467,"Shape_Area":0.00006944444388820001}},{"type":"Feature","id":119,"geometry":{"type":"Polygon","coordinates":[[[-82.5762496789277,9.541250167425972],[-82.5762496789277,9.549583500725817],[-82.58458301222771,9.549583500725817],[-82.58458301222771,9.541250167425972],[-82.5762496789277,9.541250167425972]]]},"properties":{"OBJECTID":119,"Id":119,"gridcode":44,"Shape_Length":0.03333333319972098,"Shape_Area":0.00006944444388772632}},{"type":"Feature","id":120,"geometry":{"type":"Polygon","coordinates":[[[-82.56791634562774,9.541250167425972],[-82.56791634562774,9.549583500725817],[-82.5762496789277,9.549583500725817],[-82.5762496789277,9.541250167425972],[-82.56791634562774,9.541250167425972]]]},"properties":{"OBJECTID":120,"Id":120,"gridcode":31,"Shape_Length":0.033333333199607296,"Shape_Area":0.00006944444388725262}},{"type":"Feature","id":121,"geometry":{"type":"Polygon","coordinates":[[[-82.55124967902776,9.541250167425972],[-82.55124967902776,9.549583500725817],[-82.55958301232772,9.549583500725817],[-82.55958301232772,9.541250167425972],[-82.55124967902776,9.541250167425972]]]},"properties":{"OBJECTID":121,"Id":121,"gridcode":16,"Shape_Length":0.033333333199607296,"Shape_Area":0.00006944444388725262}},{"type":"Feature","id":122,"geometry":{"type":"Polygon","coordinates":[[[-82.55124967902776,9.549583500725817],[-82.53458301242779,9.549583500725817],[-82.53458301242779,9.557916834025889],[-82.54291634572775,9.557916834025889],[-82.54291634572775,9.566250167325904],[-82.55124967902776,9.566250167325904],[-82.55124967902776,9.549583500725817]]]},"properties":{"OBJECTID":122,"Id":122,"gridcode":43,"Shape_Length":0.06666666640012409,"Shape_Area":0.0002083333316679159}},{"type":"Feature","id":123,"geometry":{"type":"Polygon","coordinates":[[[-82.86791634442773,9.532916834125956],[-82.86791634442773,9.541250167425972],[-82.87624967772769,9.541250167425972],[-82.87624967772769,9.532916834125956],[-82.86791634442773,9.532916834125956]]]},"properties":{"OBJECTID":123,"Id":123,"gridcode":25,"Shape_Length":0.033333333199948356,"Shape_Area":0.00006944444388867371}},{"type":"Feature","id":124,"geometry":{"type":"Polygon","coordinates":[[[-82.85958301112777,9.541250167425972],[-82.84291634452774,9.541250167425972],[-82.84291634452774,9.549583500725817],[-82.85958301112777,9.549583500725817],[-82.85958301112777,9.541250167425972]]]},"properties":{"OBJECTID":124,"Id":124,"gridcode":33,"Shape_Length":0.049999999799752004,"Shape_Area":0.00013888888777545264}},{"type":"Feature","id":125,"geometry":{"type":"Polygon","coordinates":[[[-82.82624967792765,9.532916834125956],[-82.82624967792765,9.541250167425972],[-82.83458301122778,9.541250167425972],[-82.83458301122778,9.532916834125956],[-82.82624967792765,9.532916834125956]]]},"properties":{"OBJECTID":125,"Id":125,"gridcode":29,"Shape_Length":0.03333333320017573,"Shape_Area":0.0000694444438896211}},{"type":"Feature","id":126,"geometry":{"type":"Polygon","coordinates":[[[-82.81791634462769,9.532916834125956],[-82.81791634462769,9.541250167425972],[-82.82624967792765,9.541250167425972],[-82.82624967792765,9.532916834125956],[-82.81791634462769,9.532916834125956]]]},"properties":{"OBJECTID":126,"Id":126,"gridcode":27,"Shape_Length":0.03333333320006204,"Shape_Area":0.0000694444438891474}},{"type":"Feature","id":127,"geometry":{"type":"Polygon","coordinates":[[[-82.78458301142774,9.532916834125956],[-82.78458301142774,9.541250167425972],[-82.79291634472776,9.541250167425972],[-82.79291634472776,9.532916834125956],[-82.78458301142774,9.532916834125956]]]},"properties":{"OBJECTID":127,"Id":127,"gridcode":25,"Shape_Length":0.03333333320006204,"Shape_Area":0.0000694444438891474}},{"type":"Feature","id":128,"geometry":{"type":"Polygon","coordinates":[[[-82.77624967812778,9.532916834125956],[-82.77624967812778,9.541250167425972],[-82.78458301142774,9.541250167425972],[-82.78458301142774,9.532916834125956],[-82.77624967812778,9.532916834125956]]]},"properties":{"OBJECTID":128,"Id":128,"gridcode":27,"Shape_Length":0.033333333199948356,"Shape_Area":0.00006944444388867371}},{"type":"Feature","id":129,"geometry":{"type":"Polygon","coordinates":[[[-82.76791634482765,9.532916834125956],[-82.76791634482765,9.541250167425972],[-82.77624967812778,9.541250167425972],[-82.77624967812778,9.532916834125956],[-82.76791634482765,9.532916834125956]]]},"properties":{"OBJECTID":129,"Id":129,"gridcode":33,"Shape_Length":0.03333333320017573,"Shape_Area":0.0000694444438896211}},{"type":"Feature","id":130,"geometry":{"type":"Polygon","coordinates":[[[-82.7595830115277,9.532916834125956],[-82.7595830115277,9.541250167425972],[-82.76791634482765,9.541250167425972],[-82.76791634482765,9.532916834125956],[-82.7595830115277,9.532916834125956]]]},"properties":{"OBJECTID":130,"Id":130,"gridcode":40,"Shape_Length":0.03333333320006204,"Shape_Area":0.0000694444438891474}},{"type":"Feature","id":131,"geometry":{"type":"Polygon","coordinates":[[[-82.75124967822774,9.532916834125956],[-82.75124967822774,9.541250167425972],[-82.7595830115277,9.541250167425972],[-82.7595830115277,9.532916834125956],[-82.75124967822774,9.532916834125956]]]},"properties":{"OBJECTID":131,"Id":131,"gridcode":63,"Shape_Length":0.033333333199948356,"Shape_Area":0.00006944444388867371}},{"type":"Feature","id":132,"geometry":{"type":"Polygon","coordinates":[[[-82.74291634492772,9.532916834125956],[-82.74291634492772,9.541250167425972],[-82.75124967822774,9.541250167425972],[-82.75124967822774,9.532916834125956],[-82.74291634492772,9.532916834125956]]]},"properties":{"OBJECTID":132,"Id":132,"gridcode":113,"Shape_Length":0.03333333320006204,"Shape_Area":0.0000694444438891474}},{"type":"Feature","id":133,"geometry":{"type":"Polygon","coordinates":[[[-82.73458301162776,9.532916834125956],[-82.73458301162776,9.541250167425972],[-82.74291634492772,9.541250167425972],[-82.74291634492772,9.532916834125956],[-82.73458301162776,9.532916834125956]]]},"properties":{"OBJECTID":133,"Id":133,"gridcode":166,"Shape_Length":0.033333333199948356,"Shape_Area":0.00006944444388867371}},{"type":"Feature","id":134,"geometry":{"type":"Polygon","coordinates":[[[-82.72624967832775,9.532916834125956],[-82.72624967832775,9.541250167425972],[-82.73458301162776,9.541250167425972],[-82.73458301162776,9.532916834125956],[-82.72624967832775,9.532916834125956]]]},"properties":{"OBJECTID":134,"Id":134,"gridcode":110,"Shape_Length":0.03333333320006204,"Shape_Area":0.0000694444438891474}},{"type":"Feature","id":135,"geometry":{"type":"Polygon","coordinates":[[[-82.71791634502779,9.532916834125956],[-82.71791634502779,9.541250167425972],[-82.72624967832775,9.541250167425972],[-82.72624967832775,9.532916834125956],[-82.71791634502779,9.532916834125956]]]},"properties":{"OBJECTID":135,"Id":135,"gridcode":82,"Shape_Length":0.033333333199948356,"Shape_Area":0.00006944444388867371}},{"type":"Feature","id":136,"geometry":{"type":"Polygon","coordinates":[[[-82.70958301172777,9.532916834125956],[-82.70958301172777,9.541250167425972],[-82.71791634502779,9.541250167425972],[-82.71791634502779,9.532916834125956],[-82.70958301172777,9.532916834125956]]]},"properties":{"OBJECTID":136,"Id":136,"gridcode":61,"Shape_Length":0.03333333320006204,"Shape_Area":0.0000694444438891474}},{"type":"Feature","id":137,"geometry":{"type":"Polygon","coordinates":[[[-82.59291634552778,9.532916834125956],[-82.59291634552778,9.541250167425972],[-82.60124967882763,9.541250167425972],[-82.60124967882763,9.532916834125956],[-82.59291634552778,9.532916834125956]]]},"properties":{"OBJECTID":137,"Id":137,"gridcode":74,"Shape_Length":0.03333333319983467,"Shape_Area":0.00006944444388820001}},{"type":"Feature","id":138,"geometry":{"type":"Polygon","coordinates":[[[-82.58458301222771,9.532916834125956],[-82.58458301222771,9.541250167425972],[-82.59291634552778,9.541250167425972],[-82.59291634552778,9.532916834125956],[-82.58458301222771,9.532916834125956]]]},"properties":{"OBJECTID":138,"Id":138,"gridcode":77,"Shape_Length":0.03333333320017573,"Shape_Area":0.0000694444438896211}},{"type":"Feature","id":139,"geometry":{"type":"Polygon","coordinates":[[[-82.5762496789277,9.532916834125956],[-82.5762496789277,9.541250167425972],[-82.58458301222771,9.541250167425972],[-82.58458301222771,9.532916834125956],[-82.5762496789277,9.532916834125956]]]},"properties":{"OBJECTID":139,"Id":139,"gridcode":42,"Shape_Length":0.03333333320006204,"Shape_Area":0.0000694444438891474}},{"type":"Feature","id":140,"geometry":{"type":"Polygon","coordinates":[[[-82.56791634562774,9.532916834125956],[-82.56791634562774,9.541250167425972],[-82.5762496789277,9.541250167425972],[-82.5762496789277,9.532916834125956],[-82.56791634562774,9.532916834125956]]]},"properties":{"OBJECTID":140,"Id":140,"gridcode":41,"Shape_Length":0.033333333199948356,"Shape_Area":0.00006944444388867371}},{"type":"Feature","id":141,"geometry":{"type":"Polygon","coordinates":[[[-82.55958301232772,9.532916834125956],[-82.55958301232772,9.541250167425972],[-82.56791634562774,9.541250167425972],[-82.56791634562774,9.532916834125956],[-82.55958301232772,9.532916834125956]]]},"properties":{"OBJECTID":141,"Id":141,"gridcode":29,"Shape_Length":0.03333333320006204,"Shape_Area":0.0000694444438891474}},{"type":"Feature","id":142,"geometry":{"type":"Polygon","coordinates":[[[-82.55124967902776,9.532916834125956],[-82.55124967902776,9.541250167425972],[-82.55958301232772,9.541250167425972],[-82.55958301232772,9.532916834125956],[-82.55124967902776,9.532916834125956]]]},"properties":{"OBJECTID":142,"Id":142,"gridcode":35,"Shape_Length":0.033333333199948356,"Shape_Area":0.00006944444388867371}},{"type":"Feature","id":143,"geometry":{"type":"Polygon","coordinates":[[[-82.54291634572775,9.532916834125956],[-82.54291634572775,9.541250167425972],[-82.55124967902776,9.541250167425972],[-82.55124967902776,9.532916834125956],[-82.54291634572775,9.532916834125956]]]},"properties":{"OBJECTID":143,"Id":143,"gridcode":43,"Shape_Length":0.03333333320006204,"Shape_Area":0.0000694444438891474}},{"type":"Feature","id":144,"geometry":{"type":"Polygon","coordinates":[[[-82.52624967912772,9.532916834125956],[-82.52624967912772,9.541250167425972],[-82.53458301242779,9.541250167425972],[-82.53458301242779,9.532916834125956],[-82.52624967912772,9.532916834125956]]]},"properties":{"OBJECTID":144,"Id":144,"gridcode":43,"Shape_Length":0.03333333320017573,"Shape_Area":0.0000694444438896211}},{"type":"Feature","id":145,"geometry":{"type":"Polygon","coordinates":[[[-82.55124967902776,9.541250167425972],[-82.52624967912772,9.541250167425972],[-82.52624967912772,9.549583500725817],[-82.55124967902776,9.549583500725817],[-82.55124967902776,9.541250167425972]]]},"properties":{"OBJECTID":145,"Id":145,"gridcode":44,"Shape_Length":0.06666666639978303,"Shape_Area":0.00020833333166317896}},{"type":"Feature","id":146,"geometry":{"type":"Polygon","coordinates":[[[-82.5179163458277,9.532916834125956],[-82.5179163458277,9.541250167425972],[-82.52624967912772,9.541250167425972],[-82.52624967912772,9.532916834125956],[-82.5179163458277,9.532916834125956]]]},"properties":{"OBJECTID":146,"Id":146,"gridcode":52,"Shape_Length":0.03333333320006204,"Shape_Area":0.0000694444438891474}},{"type":"Feature","id":147,"geometry":{"type":"Polygon","coordinates":[[[-82.50958301252774,9.532916834125956],[-82.50958301252774,9.541250167425972],[-82.5179163458277,9.541250167425972],[-82.5179163458277,9.532916834125956],[-82.50958301252774,9.532916834125956]]]},"properties":{"OBJECTID":147,"Id":147,"gridcode":60,"Shape_Length":0.033333333199948356,"Shape_Area":0.00006944444388867371}},{"type":"Feature","id":148,"geometry":{"type":"Polygon","coordinates":[[[-82.86791634442773,9.524583500825884],[-82.86791634442773,9.532916834125956],[-82.87624967772769,9.532916834125956],[-82.87624967772769,9.524583500825884],[-82.86791634442773,9.524583500825884]]]},"properties":{"OBJECTID":148,"Id":148,"gridcode":22,"Shape_Length":0.03333333320006204,"Shape_Area":0.0000694444438891474}},{"type":"Feature","id":149,"geometry":{"type":"Polygon","coordinates":[[[-82.85958301112777,9.524583500825884],[-82.85958301112777,9.532916834125956],[-82.86791634442773,9.532916834125956],[-82.86791634442773,9.524583500825884],[-82.85958301112777,9.524583500825884]]]},"properties":{"OBJECTID":149,"Id":149,"gridcode":28,"Shape_Length":0.03333333320006204,"Shape_Area":0.0000694444438891474}},{"type":"Feature","id":150,"geometry":{"type":"Polygon","coordinates":[[[-82.86791634442773,9.549583500725817],[-82.86791634442773,9.532916834125956],[-82.85958301112777,9.532916834125956],[-82.85958301112777,9.549583500725817],[-82.86791634442773,9.549583500725817]]]},"properties":{"OBJECTID":150,"Id":150,"gridcode":32,"Shape_Length":0.04999999979963832,"Shape_Area":0.00013888888777592633}},{"type":"Feature","id":151,"geometry":{"type":"Polygon","coordinates":[[[-82.84291634452774,9.524583500825884],[-82.84291634452774,9.532916834125956],[-82.85124967782775,9.532916834125956],[-82.85124967782775,9.524583500825884],[-82.84291634452774,9.524583500825884]]]},"properties":{"OBJECTID":151,"Id":151,"gridcode":30,"Shape_Length":0.03333333320017573,"Shape_Area":0.0000694444438896211}},{"type":"Feature","id":152,"geometry":{"type":"Polygon","coordinates":[[[-82.82624967792765,9.524583500825884],[-82.82624967792765,9.532916834125956],[-82.83458301122778,9.532916834125956],[-82.83458301122778,9.524583500825884],[-82.82624967792765,9.524583500825884]]]},"properties":{"OBJECTID":152,"Id":152,"gridcode":32,"Shape_Length":0.03333333320028942,"Shape_Area":0.00006944444389009479}},{"type":"Feature","id":153,"geometry":{"type":"Polygon","coordinates":[[[-82.81791634462769,9.524583500825884],[-82.81791634462769,9.532916834125956],[-82.82624967792765,9.532916834125956],[-82.82624967792765,9.524583500825884],[-82.81791634462769,9.524583500825884]]]},"properties":{"OBJECTID":153,"Id":153,"gridcode":29,"Shape_Length":0.03333333320017573,"Shape_Area":0.0000694444438896211}},{"type":"Feature","id":154,"geometry":{"type":"Polygon","coordinates":[[[-82.77624967812778,9.524583500825884],[-82.77624967812778,9.532916834125956],[-82.78458301142774,9.532916834125956],[-82.78458301142774,9.524583500825884],[-82.77624967812778,9.524583500825884]]]},"properties":{"OBJECTID":154,"Id":154,"gridcode":26,"Shape_Length":0.03333333320006204,"Shape_Area":0.0000694444438891474}},{"type":"Feature","id":155,"geometry":{"type":"Polygon","coordinates":[[[-82.76791634482765,9.524583500825884],[-82.76791634482765,9.532916834125956],[-82.77624967812778,9.532916834125956],[-82.77624967812778,9.524583500825884],[-82.76791634482765,9.524583500825884]]]},"properties":{"OBJECTID":155,"Id":155,"gridcode":32,"Shape_Length":0.03333333320028942,"Shape_Area":0.00006944444389009479}},{"type":"Feature","id":156,"geometry":{"type":"Polygon","coordinates":[[[-82.7595830115277,9.524583500825884],[-82.7595830115277,9.532916834125956],[-82.76791634482765,9.532916834125956],[-82.76791634482765,9.524583500825884],[-82.7595830115277,9.524583500825884]]]},"properties":{"OBJECTID":156,"Id":156,"gridcode":35,"Shape_Length":0.03333333320017573,"Shape_Area":0.0000694444438896211}},{"type":"Feature","id":157,"geometry":{"type":"Polygon","coordinates":[[[-82.75124967822774,9.524583500825884],[-82.75124967822774,9.532916834125956],[-82.7595830115277,9.532916834125956],[-82.7595830115277,9.524583500825884],[-82.75124967822774,9.524583500825884]]]},"properties":{"OBJECTID":157,"Id":157,"gridcode":50,"Shape_Length":0.03333333320006204,"Shape_Area":0.0000694444438891474}},{"type":"Feature","id":158,"geometry":{"type":"Polygon","coordinates":[[[-82.74291634492772,9.524583500825884],[-82.74291634492772,9.532916834125956],[-82.75124967822774,9.532916834125956],[-82.75124967822774,9.524583500825884],[-82.74291634492772,9.524583500825884]]]},"properties":{"OBJECTID":158,"Id":158,"gridcode":66,"Shape_Length":0.03333333320017573,"Shape_Area":0.0000694444438896211}},{"type":"Feature","id":159,"geometry":{"type":"Polygon","coordinates":[[[-82.73458301162776,9.524583500825884],[-82.73458301162776,9.532916834125956],[-82.74291634492772,9.532916834125956],[-82.74291634492772,9.524583500825884],[-82.73458301162776,9.524583500825884]]]},"properties":{"OBJECTID":159,"Id":159,"gridcode":81,"Shape_Length":0.03333333320006204,"Shape_Area":0.0000694444438891474}},{"type":"Feature","id":160,"geometry":{"type":"Polygon","coordinates":[[[-82.72624967832775,9.524583500825884],[-82.72624967832775,9.532916834125956],[-82.73458301162776,9.532916834125956],[-82.73458301162776,9.524583500825884],[-82.72624967832775,9.524583500825884]]]},"properties":{"OBJECTID":160,"Id":160,"gridcode":109,"Shape_Length":0.03333333320017573,"Shape_Area":0.0000694444438896211}},{"type":"Feature","id":161,"geometry":{"type":"Polygon","coordinates":[[[-82.71791634502779,9.524583500825884],[-82.71791634502779,9.532916834125956],[-82.72624967832775,9.532916834125956],[-82.72624967832775,9.524583500825884],[-82.71791634502779,9.524583500825884]]]},"properties":{"OBJECTID":161,"Id":161,"gridcode":74,"Shape_Length":0.03333333320006204,"Shape_Area":0.0000694444438891474}},{"type":"Feature","id":162,"geometry":{"type":"Polygon","coordinates":[[[-82.70958301172777,9.524583500825884],[-82.70958301172777,9.532916834125956],[-82.71791634502779,9.532916834125956],[-82.71791634502779,9.524583500825884],[-82.70958301172777,9.524583500825884]]]},"properties":{"OBJECTID":162,"Id":162,"gridcode":60,"Shape_Length":0.03333333320017573,"Shape_Area":0.0000694444438896211}},{"type":"Feature","id":163,"geometry":{"type":"Polygon","coordinates":[[[-82.7012496784277,9.524583500825884],[-82.7012496784277,9.532916834125956],[-82.70958301172777,9.532916834125956],[-82.70958301172777,9.524583500825884],[-82.7012496784277,9.524583500825884]]]},"properties":{"OBJECTID":163,"Id":163,"gridcode":27,"Shape_Length":0.03333333320028942,"Shape_Area":0.00006944444389009479}},{"type":"Feature","id":164,"geometry":{"type":"Polygon","coordinates":[[[-82.59291634552778,9.524583500825884],[-82.59291634552778,9.532916834125956],[-82.60124967882763,9.532916834125956],[-82.60124967882763,9.524583500825884],[-82.59291634552778,9.524583500825884]]]},"properties":{"OBJECTID":164,"Id":164,"gridcode":90,"Shape_Length":0.033333333199948356,"Shape_Area":0.00006944444388867371}},{"type":"Feature","id":165,"geometry":{"type":"Polygon","coordinates":[[[-82.58458301222771,9.524583500825884],[-82.58458301222771,9.532916834125956],[-82.59291634552778,9.532916834125956],[-82.59291634552778,9.524583500825884],[-82.58458301222771,9.524583500825884]]]},"properties":{"OBJECTID":165,"Id":165,"gridcode":55,"Shape_Length":0.03333333320028942,"Shape_Area":0.00006944444389009479}},{"type":"Feature","id":166,"geometry":{"type":"Polygon","coordinates":[[[-82.5762496789277,9.524583500825884],[-82.5762496789277,9.532916834125956],[-82.58458301222771,9.532916834125956],[-82.58458301222771,9.524583500825884],[-82.5762496789277,9.524583500825884]]]},"properties":{"OBJECTID":166,"Id":166,"gridcode":45,"Shape_Length":0.03333333320017573,"Shape_Area":0.0000694444438896211}},{"type":"Feature","id":167,"geometry":{"type":"Polygon","coordinates":[[[-82.56791634562774,9.524583500825884],[-82.56791634562774,9.532916834125956],[-82.5762496789277,9.532916834125956],[-82.5762496789277,9.524583500825884],[-82.56791634562774,9.524583500825884]]]},"properties":{"OBJECTID":167,"Id":167,"gridcode":43,"Shape_Length":0.03333333320006204,"Shape_Area":0.0000694444438891474}},{"type":"Feature","id":168,"geometry":{"type":"Polygon","coordinates":[[[-82.55958301232772,9.524583500825884],[-82.55958301232772,9.532916834125956],[-82.56791634562774,9.532916834125956],[-82.56791634562774,9.524583500825884],[-82.55958301232772,9.524583500825884]]]},"properties":{"OBJECTID":168,"Id":168,"gridcode":40,"Shape_Length":0.03333333320017573,"Shape_Area":0.0000694444438896211}},{"type":"Feature","id":169,"geometry":{"type":"Polygon","coordinates":[[[-82.52624967912772,9.524583500825884],[-82.52624967912772,9.532916834125956],[-82.53458301242779,9.532916834125956],[-82.53458301242779,9.524583500825884],[-82.52624967912772,9.524583500825884]]]},"properties":{"OBJECTID":169,"Id":169,"gridcode":44,"Shape_Length":0.03333333320028942,"Shape_Area":0.00006944444389009479}},{"type":"Feature","id":170,"geometry":{"type":"Polygon","coordinates":[[[-82.5179163458277,9.524583500825884],[-82.5179163458277,9.532916834125956],[-82.52624967912772,9.532916834125956],[-82.52624967912772,9.524583500825884],[-82.5179163458277,9.524583500825884]]]},"properties":{"OBJECTID":170,"Id":170,"gridcode":55,"Shape_Length":0.03333333320017573,"Shape_Area":0.0000694444438896211}},{"type":"Feature","id":171,"geometry":{"type":"Polygon","coordinates":[[[-82.50958301252774,9.524583500825884],[-82.50958301252774,9.532916834125956],[-82.5179163458277,9.532916834125956],[-82.5179163458277,9.524583500825884],[-82.50958301252774,9.524583500825884]]]},"properties":{"OBJECTID":171,"Id":171,"gridcode":59,"Shape_Length":0.03333333320006204,"Shape_Area":0.0000694444438891474}},{"type":"Feature","id":172,"geometry":{"type":"Polygon","coordinates":[[[-82.50124967922773,9.524583500825884],[-82.50124967922773,9.532916834125956],[-82.50958301252774,9.532916834125956],[-82.50958301252774,9.524583500825884],[-82.50124967922773,9.524583500825884]]]},"properties":{"OBJECTID":172,"Id":172,"gridcode":45,"Shape_Length":0.03333333320017573,"Shape_Area":0.0000694444438896211}},{"type":"Feature","id":173,"geometry":{"type":"Polygon","coordinates":[[[-82.85124967782775,9.516250167525868],[-82.85124967782775,9.524583500825884],[-82.85958301112777,9.524583500825884],[-82.85958301112777,9.516250167525868],[-82.85124967782775,9.516250167525868]]]},"properties":{"OBJECTID":173,"Id":173,"gridcode":23,"Shape_Length":0.03333333320006204,"Shape_Area":0.0000694444438891474}},{"type":"Feature","id":174,"geometry":{"type":"Polygon","coordinates":[[[-82.84291634452774,9.516250167525868],[-82.84291634452774,9.524583500825884],[-82.85124967782775,9.524583500825884],[-82.85124967782775,9.516250167525868],[-82.84291634452774,9.516250167525868]]]},"properties":{"OBJECTID":174,"Id":174,"gridcode":26,"Shape_Length":0.03333333320006204,"Shape_Area":0.0000694444438891474}},{"type":"Feature","id":175,"geometry":{"type":"Polygon","coordinates":[[[-82.84291634452774,9.532916834125956],[-82.84291634452774,9.524583500825884],[-82.83458301122778,9.524583500825884],[-82.83458301122778,9.549583500725817],[-82.84291634452774,9.549583500725817],[-82.84291634452774,9.541250167425972],[-82.85958301112777,9.541250167425972],[-82.85958301112777,9.524583500825884],[-82.85124967782775,9.524583500825884],[-82.85124967782775,9.532916834125956],[-82.84291634452774,9.532916834125956]]]},"properties":{"OBJECTID":175,"Id":175,"gridcode":31,"Shape_Length":0.11666666619998978,"Shape_Area":0.0004166666633329896}},{"type":"Feature","id":176,"geometry":{"type":"Polygon","coordinates":[[[-82.81791634462769,9.516250167525868],[-82.81791634462769,9.524583500825884],[-82.82624967792765,9.524583500825884],[-82.82624967792765,9.516250167525868],[-82.81791634462769,9.516250167525868]]]},"properties":{"OBJECTID":176,"Id":176,"gridcode":25,"Shape_Length":0.03333333320006204,"Shape_Area":0.0000694444438891474}},{"type":"Feature","id":177,"geometry":{"type":"Polygon","coordinates":[[[-82.81791634462769,9.541250167425972],[-82.81791634462769,9.524583500825884],[-82.80958301132773,9.524583500825884],[-82.80958301132773,9.541250167425972],[-82.81791634462769,9.541250167425972]]]},"properties":{"OBJECTID":177,"Id":177,"gridcode":26,"Shape_Length":0.049999999800093065,"Shape_Area":0.0001388888877778211}},{"type":"Feature","id":178,"geometry":{"type":"Polygon","coordinates":[[[-82.76791634482765,9.516250167525868],[-82.76791634482765,9.524583500825884],[-82.77624967812778,9.524583500825884],[-82.77624967812778,9.516250167525868],[-82.76791634482765,9.516250167525868]]]},"properties":{"OBJECTID":178,"Id":178,"gridcode":28,"Shape_Length":0.03333333320017573,"Shape_Area":0.0000694444438896211}},{"type":"Feature","id":179,"geometry":{"type":"Polygon","coordinates":[[[-82.7595830115277,9.516250167525868],[-82.7595830115277,9.524583500825884],[-82.76791634482765,9.524583500825884],[-82.76791634482765,9.516250167525868],[-82.7595830115277,9.516250167525868]]]},"properties":{"OBJECTID":179,"Id":179,"gridcode":33,"Shape_Length":0.03333333320006204,"Shape_Area":0.0000694444438891474}},{"type":"Feature","id":180,"geometry":{"type":"Polygon","coordinates":[[[-82.75124967822774,9.516250167525868],[-82.75124967822774,9.524583500825884],[-82.7595830115277,9.524583500825884],[-82.7595830115277,9.516250167525868],[-82.75124967822774,9.516250167525868]]]},"properties":{"OBJECTID":180,"Id":180,"gridcode":38,"Shape_Length":0.033333333199948356,"Shape_Area":0.00006944444388867371}},{"type":"Feature","id":181,"geometry":{"type":"Polygon","coordinates":[[[-82.74291634492772,9.516250167525868],[-82.74291634492772,9.524583500825884],[-82.75124967822774,9.524583500825884],[-82.75124967822774,9.516250167525868],[-82.74291634492772,9.516250167525868]]]},"properties":{"OBJECTID":181,"Id":181,"gridcode":46,"Shape_Length":0.03333333320006204,"Shape_Area":0.0000694444438891474}},{"type":"Feature","id":182,"geometry":{"type":"Polygon","coordinates":[[[-82.73458301162776,9.516250167525868],[-82.73458301162776,9.524583500825884],[-82.74291634492772,9.524583500825884],[-82.74291634492772,9.516250167525868],[-82.73458301162776,9.516250167525868]]]},"properties":{"OBJECTID":182,"Id":182,"gridcode":55,"Shape_Length":0.033333333199948356,"Shape_Area":0.00006944444388867371}},{"type":"Feature","id":183,"geometry":{"type":"Polygon","coordinates":[[[-82.72624967832775,9.516250167525868],[-82.72624967832775,9.524583500825884],[-82.73458301162776,9.524583500825884],[-82.73458301162776,9.516250167525868],[-82.72624967832775,9.516250167525868]]]},"properties":{"OBJECTID":183,"Id":183,"gridcode":63,"Shape_Length":0.03333333320006204,"Shape_Area":0.0000694444438891474}},{"type":"Feature","id":184,"geometry":{"type":"Polygon","coordinates":[[[-82.71791634502779,9.516250167525868],[-82.71791634502779,9.524583500825884],[-82.72624967832775,9.524583500825884],[-82.72624967832775,9.516250167525868],[-82.71791634502779,9.516250167525868]]]},"properties":{"OBJECTID":184,"Id":184,"gridcode":60,"Shape_Length":0.033333333199948356,"Shape_Area":0.00006944444388867371}},{"type":"Feature","id":185,"geometry":{"type":"Polygon","coordinates":[[[-82.70958301172777,9.516250167525868],[-82.70958301172777,9.524583500825884],[-82.71791634502779,9.524583500825884],[-82.71791634502779,9.516250167525868],[-82.70958301172777,9.516250167525868]]]},"properties":{"OBJECTID":185,"Id":185,"gridcode":51,"Shape_Length":0.03333333320006204,"Shape_Area":0.0000694444438891474}},{"type":"Feature","id":186,"geometry":{"type":"Polygon","coordinates":[[[-82.7012496784277,9.516250167525868],[-82.7012496784277,9.524583500825884],[-82.70958301172777,9.524583500825884],[-82.70958301172777,9.516250167525868],[-82.7012496784277,9.516250167525868]]]},"properties":{"OBJECTID":186,"Id":186,"gridcode":43,"Shape_Length":0.03333333320017573,"Shape_Area":0.0000694444438896211}},{"type":"Feature","id":187,"geometry":{"type":"Polygon","coordinates":[[[-82.69291634512774,9.516250167525868],[-82.69291634512774,9.524583500825884],[-82.7012496784277,9.524583500825884],[-82.7012496784277,9.516250167525868],[-82.69291634512774,9.516250167525868]]]},"properties":{"OBJECTID":187,"Id":187,"gridcode":27,"Shape_Length":0.033333333199948356,"Shape_Area":0.00006944444388867371}},{"type":"Feature","id":188,"geometry":{"type":"Polygon","coordinates":[[[-82.59291634552778,9.516250167525868],[-82.59291634552778,9.524583500825884],[-82.60124967882763,9.524583500825884],[-82.60124967882763,9.516250167525868],[-82.59291634552778,9.516250167525868]]]},"properties":{"OBJECTID":188,"Id":188,"gridcode":110,"Shape_Length":0.03333333319983467,"Shape_Area":0.00006944444388820001}},{"type":"Feature","id":189,"geometry":{"type":"Polygon","coordinates":[[[-82.58458301222771,9.516250167525868],[-82.58458301222771,9.524583500825884],[-82.59291634552778,9.524583500825884],[-82.59291634552778,9.516250167525868],[-82.58458301222771,9.516250167525868]]]},"properties":{"OBJECTID":189,"Id":189,"gridcode":64,"Shape_Length":0.03333333320017573,"Shape_Area":0.0000694444438896211}},{"type":"Feature","id":190,"geometry":{"type":"Polygon","coordinates":[[[-82.5762496789277,9.516250167525868],[-82.5762496789277,9.524583500825884],[-82.58458301222771,9.524583500825884],[-82.58458301222771,9.516250167525868],[-82.5762496789277,9.516250167525868]]]},"properties":{"OBJECTID":190,"Id":190,"gridcode":47,"Shape_Length":0.03333333320006204,"Shape_Area":0.0000694444438891474}},{"type":"Feature","id":191,"geometry":{"type":"Polygon","coordinates":[[[-82.56791634562774,9.516250167525868],[-82.56791634562774,9.524583500825884],[-82.5762496789277,9.524583500825884],[-82.5762496789277,9.516250167525868],[-82.56791634562774,9.516250167525868]]]},"properties":{"OBJECTID":191,"Id":191,"gridcode":48,"Shape_Length":0.033333333199948356,"Shape_Area":0.00006944444388867371}},{"type":"Feature","id":192,"geometry":{"type":"Polygon","coordinates":[[[-82.55958301232772,9.516250167525868],[-82.55958301232772,9.524583500825884],[-82.56791634562774,9.524583500825884],[-82.56791634562774,9.516250167525868],[-82.55958301232772,9.516250167525868]]]},"properties":{"OBJECTID":192,"Id":192,"gridcode":42,"Shape_Length":0.03333333320006204,"Shape_Area":0.0000694444438891474}},{"type":"Feature","id":193,"geometry":{"type":"Polygon","coordinates":[[[-82.54291634572775,9.541250167425972],[-82.54291634572775,9.524583500825884],[-82.53458301242779,9.524583500825884],[-82.53458301242779,9.541250167425972],[-82.54291634572775,9.541250167425972]]]},"properties":{"OBJECTID":193,"Id":193,"gridcode":42,"Shape_Length":0.049999999800093065,"Shape_Area":0.0001388888877778211}},{"type":"Feature","id":194,"geometry":{"type":"Polygon","coordinates":[[[-82.49291634592777,9.516250167525868],[-82.49291634592777,9.524583500825884],[-82.50124967922773,9.524583500825884],[-82.50124967922773,9.516250167525868],[-82.49291634592777,9.516250167525868]]]},"properties":{"OBJECTID":194,"Id":194,"gridcode":42,"Shape_Length":0.033333333199948356,"Shape_Area":0.00006944444388867371}},{"type":"Feature","id":195,"geometry":{"type":"Polygon","coordinates":[[[-82.84291634452774,9.507916834225796],[-82.84291634452774,9.516250167525868],[-82.85124967782775,9.516250167525868],[-82.85124967782775,9.507916834225796],[-82.84291634452774,9.507916834225796]]]},"properties":{"OBJECTID":195,"Id":195,"gridcode":21,"Shape_Length":0.03333333320017573,"Shape_Area":0.0000694444438896211}},{"type":"Feature","id":196,"geometry":{"type":"Polygon","coordinates":[[[-82.83458301122778,9.507916834225796],[-82.83458301122778,9.516250167525868],[-82.84291634452774,9.516250167525868],[-82.84291634452774,9.507916834225796],[-82.83458301122778,9.507916834225796]]]},"properties":{"OBJECTID":196,"Id":196,"gridcode":22,"Shape_Length":0.03333333320006204,"Shape_Area":0.0000694444438891474}},{"type":"Feature","id":197,"geometry":{"type":"Polygon","coordinates":[[[-82.82624967792765,9.507916834225796],[-82.82624967792765,9.516250167525868],[-82.83458301122778,9.516250167525868],[-82.83458301122778,9.507916834225796],[-82.82624967792765,9.507916834225796]]]},"properties":{"OBJECTID":197,"Id":197,"gridcode":24,"Shape_Length":0.03333333320028942,"Shape_Area":0.00006944444389009479}},{"type":"Feature","id":198,"geometry":{"type":"Polygon","coordinates":[[[-82.84291634452774,9.516250167525868],[-82.82624967792765,9.516250167525868],[-82.82624967792765,9.524583500825884],[-82.84291634452774,9.524583500825884],[-82.84291634452774,9.516250167525868]]]},"properties":{"OBJECTID":198,"Id":198,"gridcode":27,"Shape_Length":0.049999999800093065,"Shape_Area":0.0001388888877782948}},{"type":"Feature","id":199,"geometry":{"type":"Polygon","coordinates":[[[-82.81791634462769,9.507916834225796],[-82.81791634462769,9.516250167525868],[-82.82624967792765,9.516250167525868],[-82.82624967792765,9.507916834225796],[-82.81791634462769,9.507916834225796]]]},"properties":{"OBJECTID":199,"Id":199,"gridcode":23,"Shape_Length":0.03333333320017573,"Shape_Area":0.0000694444438896211}},{"type":"Feature","id":200,"geometry":{"type":"Polygon","coordinates":[[[-82.80124967802772,9.532916834125956],[-82.80124967802772,9.516250167525868],[-82.79291634472776,9.516250167525868],[-82.79291634472776,9.524583500825884],[-82.78458301142774,9.524583500825884],[-82.78458301142774,9.532916834125956],[-82.79291634472776,9.532916834125956],[-82.79291634472776,9.541250167425972],[-82.80958301132773,9.541250167425972],[-82.80958301132773,9.532916834125956],[-82.80124967802772,9.532916834125956]]]},"properties":{"OBJECTID":200,"Id":200,"gridcode":24,"Shape_Length":0.09999999960018613,"Shape_Area":0.0003472222194452633}},{"type":"Feature","id":201,"geometry":{"type":"Polygon","coordinates":[[[-82.78458301142774,9.507916834225796],[-82.78458301142774,9.516250167525868],[-82.79291634472776,9.516250167525868],[-82.79291634472776,9.507916834225796],[-82.78458301142774,9.507916834225796]]]},"properties":{"OBJECTID":201,"Id":201,"gridcode":24,"Shape_Length":0.03333333320017573,"Shape_Area":0.0000694444438896211}},{"type":"Feature","id":202,"geometry":{"type":"Polygon","coordinates":[[[-82.79291634472776,9.516250167525868],[-82.77624967812778,9.516250167525868],[-82.77624967812778,9.524583500825884],[-82.79291634472776,9.524583500825884],[-82.79291634472776,9.516250167525868]]]},"properties":{"OBJECTID":202,"Id":202,"gridcode":25,"Shape_Length":0.04999999979997938,"Shape_Area":0.0001388888877778211}},{"type":"Feature","id":203,"geometry":{"type":"Polygon","coordinates":[[[-82.7595830115277,9.507916834225796],[-82.7595830115277,9.516250167525868],[-82.76791634482765,9.516250167525868],[-82.76791634482765,9.507916834225796],[-82.7595830115277,9.507916834225796]]]},"properties":{"OBJECTID":203,"Id":203,"gridcode":28,"Shape_Length":0.03333333320017573,"Shape_Area":0.0000694444438896211}},{"type":"Feature","id":204,"geometry":{"type":"Polygon","coordinates":[[[-82.75124967822774,9.507916834225796],[-82.75124967822774,9.516250167525868],[-82.7595830115277,9.516250167525868],[-82.7595830115277,9.507916834225796],[-82.75124967822774,9.507916834225796]]]},"properties":{"OBJECTID":204,"Id":204,"gridcode":32,"Shape_Length":0.03333333320006204,"Shape_Area":0.0000694444438891474}},{"type":"Feature","id":205,"geometry":{"type":"Polygon","coordinates":[[[-82.74291634492772,9.507916834225796],[-82.74291634492772,9.516250167525868],[-82.75124967822774,9.516250167525868],[-82.75124967822774,9.507916834225796],[-82.74291634492772,9.507916834225796]]]},"properties":{"OBJECTID":205,"Id":205,"gridcode":38,"Shape_Length":0.03333333320017573,"Shape_Area":0.0000694444438896211}},{"type":"Feature","id":206,"geometry":{"type":"Polygon","coordinates":[[[-82.73458301162776,9.507916834225796],[-82.73458301162776,9.516250167525868],[-82.74291634492772,9.516250167525868],[-82.74291634492772,9.507916834225796],[-82.73458301162776,9.507916834225796]]]},"properties":{"OBJECTID":206,"Id":206,"gridcode":43,"Shape_Length":0.03333333320006204,"Shape_Area":0.0000694444438891474}},{"type":"Feature","id":207,"geometry":{"type":"Polygon","coordinates":[[[-82.72624967832775,9.507916834225796],[-82.72624967832775,9.516250167525868],[-82.73458301162776,9.516250167525868],[-82.73458301162776,9.507916834225796],[-82.72624967832775,9.507916834225796]]]},"properties":{"OBJECTID":207,"Id":207,"gridcode":45,"Shape_Length":0.03333333320017573,"Shape_Area":0.0000694444438896211}},{"type":"Feature","id":208,"geometry":{"type":"Polygon","coordinates":[[[-82.71791634502779,9.507916834225796],[-82.71791634502779,9.516250167525868],[-82.72624967832775,9.516250167525868],[-82.72624967832775,9.507916834225796],[-82.71791634502779,9.507916834225796]]]},"properties":{"OBJECTID":208,"Id":208,"gridcode":49,"Shape_Length":0.03333333320006204,"Shape_Area":0.0000694444438891474}},{"type":"Feature","id":209,"geometry":{"type":"Polygon","coordinates":[[[-82.70958301172777,9.507916834225796],[-82.70958301172777,9.516250167525868],[-82.71791634502779,9.516250167525868],[-82.71791634502779,9.507916834225796],[-82.70958301172777,9.507916834225796]]]},"properties":{"OBJECTID":209,"Id":209,"gridcode":50,"Shape_Length":0.03333333320017573,"Shape_Area":0.0000694444438896211}},{"type":"Feature","id":210,"geometry":{"type":"Polygon","coordinates":[[[-82.7012496784277,9.507916834225796],[-82.7012496784277,9.516250167525868],[-82.70958301172777,9.516250167525868],[-82.70958301172777,9.507916834225796],[-82.7012496784277,9.507916834225796]]]},"properties":{"OBJECTID":210,"Id":210,"gridcode":51,"Shape_Length":0.03333333320028942,"Shape_Area":0.00006944444389009479}},{"type":"Feature","id":211,"geometry":{"type":"Polygon","coordinates":[[[-82.69291634512774,9.507916834225796],[-82.69291634512774,9.516250167525868],[-82.7012496784277,9.516250167525868],[-82.7012496784277,9.507916834225796],[-82.69291634512774,9.507916834225796]]]},"properties":{"OBJECTID":211,"Id":211,"gridcode":38,"Shape_Length":0.03333333320006204,"Shape_Area":0.0000694444438891474}},{"type":"Feature","id":212,"geometry":{"type":"Polygon","coordinates":[[[-82.68458301182773,9.507916834225796],[-82.68458301182773,9.516250167525868],[-82.69291634512774,9.516250167525868],[-82.69291634512774,9.507916834225796],[-82.68458301182773,9.507916834225796]]]},"properties":{"OBJECTID":212,"Id":212,"gridcode":16,"Shape_Length":0.03333333320017573,"Shape_Area":0.0000694444438896211}},{"type":"Feature","id":213,"geometry":{"type":"Polygon","coordinates":[[[-82.67624967852777,9.507916834225796],[-82.67624967852777,9.516250167525868],[-82.68458301182773,9.516250167525868],[-82.68458301182773,9.507916834225796],[-82.67624967852777,9.507916834225796]]]},"properties":{"OBJECTID":213,"Id":213,"gridcode":23,"Shape_Length":0.03333333320006204,"Shape_Area":0.0000694444438891474}},{"type":"Feature","id":214,"geometry":{"type":"Polygon","coordinates":[[[-82.65958301192762,9.507916834225796],[-82.65958301192762,9.516250167525868],[-82.66791634522775,9.516250167525868],[-82.66791634522775,9.507916834225796],[-82.65958301192762,9.507916834225796]]]},"properties":{"OBJECTID":214,"Id":214,"gridcode":36,"Shape_Length":0.03333333320028942,"Shape_Area":0.00006944444389009479}},{"type":"Feature","id":215,"geometry":{"type":"Polygon","coordinates":[[[-82.60124967882763,9.507916834225796],[-82.60124967882763,9.516250167525868],[-82.60958301212776,9.516250167525868],[-82.60958301212776,9.507916834225796],[-82.60124967882763,9.507916834225796]]]},"properties":{"OBJECTID":215,"Id":215,"gridcode":93,"Shape_Length":0.03333333320028942,"Shape_Area":0.00006944444389009479}},{"type":"Feature","id":216,"geometry":{"type":"Polygon","coordinates":[[[-82.59291634552778,9.507916834225796],[-82.59291634552778,9.516250167525868],[-82.60124967882763,9.516250167525868],[-82.60124967882763,9.507916834225796],[-82.59291634552778,9.507916834225796]]]},"properties":{"OBJECTID":216,"Id":216,"gridcode":94,"Shape_Length":0.033333333199948356,"Shape_Area":0.00006944444388867371}},{"type":"Feature","id":217,"geometry":{"type":"Polygon","coordinates":[[[-82.58458301222771,9.507916834225796],[-82.58458301222771,9.516250167525868],[-82.59291634552778,9.516250167525868],[-82.59291634552778,9.507916834225796],[-82.58458301222771,9.507916834225796]]]},"properties":{"OBJECTID":217,"Id":217,"gridcode":59,"Shape_Length":0.03333333320028942,"Shape_Area":0.00006944444389009479}},{"type":"Feature","id":218,"geometry":{"type":"Polygon","coordinates":[[[-82.5762496789277,9.507916834225796],[-82.5762496789277,9.516250167525868],[-82.58458301222771,9.516250167525868],[-82.58458301222771,9.507916834225796],[-82.5762496789277,9.507916834225796]]]},"properties":{"OBJECTID":218,"Id":218,"gridcode":53,"Shape_Length":0.03333333320017573,"Shape_Area":0.0000694444438896211}},{"type":"Feature","id":219,"geometry":{"type":"Polygon","coordinates":[[[-82.56791634562774,9.507916834225796],[-82.56791634562774,9.516250167525868],[-82.5762496789277,9.516250167525868],[-82.5762496789277,9.507916834225796],[-82.56791634562774,9.507916834225796]]]},"properties":{"OBJECTID":219,"Id":219,"gridcode":49,"Shape_Length":0.03333333320006204,"Shape_Area":0.0000694444438891474}},{"type":"Feature","id":220,"geometry":{"type":"Polygon","coordinates":[[[-82.55958301232772,9.507916834225796],[-82.55958301232772,9.516250167525868],[-82.56791634562774,9.516250167525868],[-82.56791634562774,9.507916834225796],[-82.55958301232772,9.507916834225796]]]},"properties":{"OBJECTID":220,"Id":220,"gridcode":46,"Shape_Length":0.03333333320017573,"Shape_Area":0.0000694444438896211}},{"type":"Feature","id":221,"geometry":{"type":"Polygon","coordinates":[[[-82.55124967902776,9.507916834225796],[-82.55124967902776,9.516250167525868],[-82.55958301232772,9.516250167525868],[-82.55958301232772,9.507916834225796],[-82.55124967902776,9.507916834225796]]]},"properties":{"OBJECTID":221,"Id":221,"gridcode":44,"Shape_Length":0.03333333320006204,"Shape_Area":0.0000694444438891474}},{"type":"Feature","id":222,"geometry":{"type":"Polygon","coordinates":[[[-82.55958301232772,9.532916834125956],[-82.55958301232772,9.516250167525868],[-82.55124967902776,9.516250167525868],[-82.55124967902776,9.532916834125956],[-82.55958301232772,9.532916834125956]]]},"properties":{"OBJECTID":222,"Id":222,"gridcode":41,"Shape_Length":0.049999999800093065,"Shape_Area":0.0001388888877778211}},{"type":"Feature","id":223,"geometry":{"type":"Polygon","coordinates":[[[-82.54291634572775,9.507916834225796],[-82.54291634572775,9.516250167525868],[-82.55124967902776,9.516250167525868],[-82.55124967902776,9.507916834225796],[-82.54291634572775,9.507916834225796]]]},"properties":{"OBJECTID":223,"Id":223,"gridcode":42,"Shape_Length":0.03333333320017573,"Shape_Area":0.0000694444438896211}},{"type":"Feature","id":224,"geometry":{"type":"Polygon","coordinates":[[[-82.55124967902776,9.532916834125956],[-82.55124967902776,9.516250167525868],[-82.54291634572775,9.516250167525868],[-82.54291634572775,9.532916834125956],[-82.55124967902776,9.532916834125956]]]},"properties":{"OBJECTID":224,"Id":224,"gridcode":44,"Shape_Length":0.04999999980020675,"Shape_Area":0.0001388888877787685}},{"type":"Feature","id":225,"geometry":{"type":"Polygon","coordinates":[[[-82.53458301242779,9.507916834225796],[-82.53458301242779,9.516250167525868],[-82.54291634572775,9.516250167525868],[-82.54291634572775,9.507916834225796],[-82.53458301242779,9.507916834225796]]]},"properties":{"OBJECTID":225,"Id":225,"gridcode":43,"Shape_Length":0.03333333320006204,"Shape_Area":0.0000694444438891474}},{"type":"Feature","id":226,"geometry":{"type":"Polygon","coordinates":[[[-82.50958301252774,9.507916834225796],[-82.50958301252774,9.516250167525868],[-82.5179163458277,9.516250167525868],[-82.5179163458277,9.507916834225796],[-82.50958301252774,9.507916834225796]]]},"properties":{"OBJECTID":226,"Id":226,"gridcode":41,"Shape_Length":0.03333333320006204,"Shape_Area":0.0000694444438891474}},{"type":"Feature","id":227,"geometry":{"type":"Polygon","coordinates":[[[-82.54291634572775,9.516250167525868],[-82.50958301252774,9.516250167525868],[-82.50958301252774,9.524583500825884],[-82.54291634572775,9.524583500825884],[-82.54291634572775,9.516250167525868]]]},"properties":{"OBJECTID":227,"Id":227,"gridcode":45,"Shape_Length":0.08333333300004142,"Shape_Area":0.0002777777755561159}},{"type":"Feature","id":228,"geometry":{"type":"Polygon","coordinates":[[[-82.49291634592777,9.507916834225796],[-82.49291634592777,9.516250167525868],[-82.50124967922773,9.516250167525868],[-82.50124967922773,9.507916834225796],[-82.49291634592777,9.507916834225796]]]},"properties":{"OBJECTID":228,"Id":228,"gridcode":45,"Shape_Length":0.03333333320006204,"Shape_Area":0.0000694444438891474}},{"type":"Feature","id":229,"geometry":{"type":"Polygon","coordinates":[[[-82.48458301262775,9.507916834225796],[-82.48458301262775,9.516250167525868],[-82.49291634592777,9.516250167525868],[-82.49291634592777,9.507916834225796],[-82.48458301262775,9.507916834225796]]]},"properties":{"OBJECTID":229,"Id":229,"gridcode":44,"Shape_Length":0.03333333320017573,"Shape_Area":0.0000694444438896211}},{"type":"Feature","id":230,"geometry":{"type":"Polygon","coordinates":[[[-82.84291634452774,9.49958350092595],[-82.84291634452774,9.507916834225796],[-82.85124967782775,9.507916834225796],[-82.85124967782775,9.49958350092595],[-82.84291634452774,9.49958350092595]]]},"properties":{"OBJECTID":230,"Id":230,"gridcode":14,"Shape_Length":0.03333333319972098,"Shape_Area":0.00006944444388772632}},{"type":"Feature","id":231,"geometry":{"type":"Polygon","coordinates":[[[-82.83458301122778,9.49958350092595],[-82.83458301122778,9.507916834225796],[-82.84291634452774,9.507916834225796],[-82.84291634452774,9.49958350092595],[-82.83458301122778,9.49958350092595]]]},"properties":{"OBJECTID":231,"Id":231,"gridcode":20,"Shape_Length":0.033333333199607296,"Shape_Area":0.00006944444388725262}},{"type":"Feature","id":232,"geometry":{"type":"Polygon","coordinates":[[[-82.81791634462769,9.49958350092595],[-82.81791634462769,9.507916834225796],[-82.82624967792765,9.507916834225796],[-82.82624967792765,9.49958350092595],[-82.81791634462769,9.49958350092595]]]},"properties":{"OBJECTID":232,"Id":232,"gridcode":20,"Shape_Length":0.03333333319972098,"Shape_Area":0.00006944444388772632}},{"type":"Feature","id":233,"geometry":{"type":"Polygon","coordinates":[[[-82.80958301132773,9.49958350092595],[-82.80958301132773,9.507916834225796],[-82.81791634462769,9.507916834225796],[-82.81791634462769,9.49958350092595],[-82.80958301132773,9.49958350092595]]]},"properties":{"OBJECTID":233,"Id":233,"gridcode":22,"Shape_Length":0.033333333199607296,"Shape_Area":0.00006944444388725262}},{"type":"Feature","id":234,"geometry":{"type":"Polygon","coordinates":[[[-82.81791634462769,9.524583500825884],[-82.81791634462769,9.507916834225796],[-82.80958301132773,9.507916834225796],[-82.80958301132773,9.524583500825884],[-82.81791634462769,9.524583500825884]]]},"properties":{"OBJECTID":234,"Id":234,"gridcode":24,"Shape_Length":0.049999999800093065,"Shape_Area":0.0001388888877778211}},{"type":"Feature","id":235,"geometry":{"type":"Polygon","coordinates":[[[-82.75124967822774,9.49958350092595],[-82.75124967822774,9.507916834225796],[-82.7595830115277,9.507916834225796],[-82.7595830115277,9.49958350092595],[-82.75124967822774,9.49958350092595]]]},"properties":{"OBJECTID":235,"Id":235,"gridcode":24,"Shape_Length":0.033333333199607296,"Shape_Area":0.00006944444388725262}},{"type":"Feature","id":236,"geometry":{"type":"Polygon","coordinates":[[[-82.74291634492772,9.49958350092595],[-82.74291634492772,9.507916834225796],[-82.75124967822774,9.507916834225796],[-82.75124967822774,9.49958350092595],[-82.74291634492772,9.49958350092595]]]},"properties":{"OBJECTID":236,"Id":236,"gridcode":29,"Shape_Length":0.03333333319972098,"Shape_Area":0.00006944444388772632}},{"type":"Feature","id":237,"geometry":{"type":"Polygon","coordinates":[[[-82.73458301162776,9.49958350092595],[-82.73458301162776,9.507916834225796],[-82.74291634492772,9.507916834225796],[-82.74291634492772,9.49958350092595],[-82.73458301162776,9.49958350092595]]]},"properties":{"OBJECTID":237,"Id":237,"gridcode":36,"Shape_Length":0.033333333199607296,"Shape_Area":0.00006944444388725262}},{"type":"Feature","id":238,"geometry":{"type":"Polygon","coordinates":[[[-82.72624967832775,9.49958350092595],[-82.72624967832775,9.507916834225796],[-82.73458301162776,9.507916834225796],[-82.73458301162776,9.49958350092595],[-82.72624967832775,9.49958350092595]]]},"properties":{"OBJECTID":238,"Id":238,"gridcode":41,"Shape_Length":0.03333333319972098,"Shape_Area":0.00006944444388772632}},{"type":"Feature","id":239,"geometry":{"type":"Polygon","coordinates":[[[-82.71791634502779,9.49958350092595],[-82.71791634502779,9.507916834225796],[-82.72624967832775,9.507916834225796],[-82.72624967832775,9.49958350092595],[-82.71791634502779,9.49958350092595]]]},"properties":{"OBJECTID":239,"Id":239,"gridcode":44,"Shape_Length":0.033333333199607296,"Shape_Area":0.00006944444388725262}},{"type":"Feature","id":240,"geometry":{"type":"Polygon","coordinates":[[[-82.70958301172777,9.49958350092595],[-82.70958301172777,9.507916834225796],[-82.71791634502779,9.507916834225796],[-82.71791634502779,9.49958350092595],[-82.70958301172777,9.49958350092595]]]},"properties":{"OBJECTID":240,"Id":240,"gridcode":45,"Shape_Length":0.03333333319972098,"Shape_Area":0.00006944444388772632}},{"type":"Feature","id":241,"geometry":{"type":"Polygon","coordinates":[[[-82.7012496784277,9.49958350092595],[-82.7012496784277,9.507916834225796],[-82.70958301172777,9.507916834225796],[-82.70958301172777,9.49958350092595],[-82.7012496784277,9.49958350092595]]]},"properties":{"OBJECTID":241,"Id":241,"gridcode":50,"Shape_Length":0.03333333319983467,"Shape_Area":0.00006944444388820001}},{"type":"Feature","id":242,"geometry":{"type":"Polygon","coordinates":[[[-82.69291634512774,9.49958350092595],[-82.69291634512774,9.507916834225796],[-82.7012496784277,9.507916834225796],[-82.7012496784277,9.49958350092595],[-82.69291634512774,9.49958350092595]]]},"properties":{"OBJECTID":242,"Id":242,"gridcode":54,"Shape_Length":0.033333333199607296,"Shape_Area":0.00006944444388725262}},{"type":"Feature","id":243,"geometry":{"type":"Polygon","coordinates":[[[-82.68458301182773,9.49958350092595],[-82.68458301182773,9.507916834225796],[-82.69291634512774,9.507916834225796],[-82.69291634512774,9.49958350092595],[-82.68458301182773,9.49958350092595]]]},"properties":{"OBJECTID":243,"Id":243,"gridcode":49,"Shape_Length":0.03333333319972098,"Shape_Area":0.00006944444388772632}},{"type":"Feature","id":244,"geometry":{"type":"Polygon","coordinates":[[[-82.67624967852777,9.49958350092595],[-82.67624967852777,9.507916834225796],[-82.68458301182773,9.507916834225796],[-82.68458301182773,9.49958350092595],[-82.67624967852777,9.49958350092595]]]},"properties":{"OBJECTID":244,"Id":244,"gridcode":50,"Shape_Length":0.033333333199607296,"Shape_Area":0.00006944444388725262}},{"type":"Feature","id":245,"geometry":{"type":"Polygon","coordinates":[[[-82.66791634522775,9.49958350092595],[-82.66791634522775,9.507916834225796],[-82.67624967852777,9.507916834225796],[-82.67624967852777,9.49958350092595],[-82.66791634522775,9.49958350092595]]]},"properties":{"OBJECTID":245,"Id":245,"gridcode":38,"Shape_Length":0.03333333319972098,"Shape_Area":0.00006944444388772632}},{"type":"Feature","id":246,"geometry":{"type":"Polygon","coordinates":[[[-82.65958301192762,9.49958350092595],[-82.65958301192762,9.507916834225796],[-82.66791634522775,9.507916834225796],[-82.66791634522775,9.49958350092595],[-82.65958301192762,9.49958350092595]]]},"properties":{"OBJECTID":246,"Id":246,"gridcode":49,"Shape_Length":0.03333333319983467,"Shape_Area":0.00006944444388820001}},{"type":"Feature","id":247,"geometry":{"type":"Polygon","coordinates":[[[-82.65124967862778,9.49958350092595],[-82.65124967862778,9.507916834225796],[-82.65958301192762,9.507916834225796],[-82.65958301192762,9.49958350092595],[-82.65124967862778,9.49958350092595]]]},"properties":{"OBJECTID":247,"Id":247,"gridcode":26,"Shape_Length":0.03333333319949361,"Shape_Area":0.00006944444388677893}},{"type":"Feature","id":248,"geometry":{"type":"Polygon","coordinates":[[[-82.62624967872773,9.49958350092595],[-82.62624967872773,9.507916834225796],[-82.63458301202769,9.507916834225796],[-82.63458301202769,9.49958350092595],[-82.62624967872773,9.49958350092595]]]},"properties":{"OBJECTID":248,"Id":248,"gridcode":64,"Shape_Length":0.033333333199607296,"Shape_Area":0.00006944444388725262}},{"type":"Feature","id":249,"geometry":{"type":"Polygon","coordinates":[[[-82.61791634542777,9.49958350092595],[-82.61791634542777,9.507916834225796],[-82.62624967872773,9.507916834225796],[-82.62624967872773,9.49958350092595],[-82.61791634542777,9.49958350092595]]]},"properties":{"OBJECTID":249,"Id":249,"gridcode":183,"Shape_Length":0.033333333199607296,"Shape_Area":0.00006944444388725262}},{"type":"Feature","id":250,"geometry":{"type":"Polygon","coordinates":[[[-82.60958301212776,9.49958350092595],[-82.60958301212776,9.507916834225796],[-82.61791634542777,9.507916834225796],[-82.61791634542777,9.49958350092595],[-82.60958301212776,9.49958350092595]]]},"properties":{"OBJECTID":250,"Id":250,"gridcode":622,"Shape_Length":0.03333333319972098,"Shape_Area":0.00006944444388772632}},{"type":"Feature","id":251,"geometry":{"type":"Polygon","coordinates":[[[-82.60124967882763,9.49958350092595],[-82.60124967882763,9.507916834225796],[-82.60958301212776,9.507916834225796],[-82.60958301212776,9.49958350092595],[-82.60124967882763,9.49958350092595]]]},"properties":{"OBJECTID":251,"Id":251,"gridcode":326,"Shape_Length":0.03333333319983467,"Shape_Area":0.00006944444388820001}},{"type":"Feature","id":252,"geometry":{"type":"Polygon","coordinates":[[[-82.59291634552778,9.49958350092595],[-82.59291634552778,9.507916834225796],[-82.60124967882763,9.507916834225796],[-82.60124967882763,9.49958350092595],[-82.59291634552778,9.49958350092595]]]},"properties":{"OBJECTID":252,"Id":252,"gridcode":123,"Shape_Length":0.03333333319949361,"Shape_Area":0.00006944444388677893}},{"type":"Feature","id":253,"geometry":{"type":"Polygon","coordinates":[[[-82.58458301222771,9.49958350092595],[-82.58458301222771,9.507916834225796],[-82.59291634552778,9.507916834225796],[-82.59291634552778,9.49958350092595],[-82.58458301222771,9.49958350092595]]]},"properties":{"OBJECTID":253,"Id":253,"gridcode":110,"Shape_Length":0.03333333319983467,"Shape_Area":0.00006944444388820001}},{"type":"Feature","id":254,"geometry":{"type":"Polygon","coordinates":[[[-82.5762496789277,9.49958350092595],[-82.5762496789277,9.507916834225796],[-82.58458301222771,9.507916834225796],[-82.58458301222771,9.49958350092595],[-82.5762496789277,9.49958350092595]]]},"properties":{"OBJECTID":254,"Id":254,"gridcode":77,"Shape_Length":0.03333333319972098,"Shape_Area":0.00006944444388772632}},{"type":"Feature","id":255,"geometry":{"type":"Polygon","coordinates":[[[-82.56791634562774,9.49958350092595],[-82.56791634562774,9.507916834225796],[-82.5762496789277,9.507916834225796],[-82.5762496789277,9.49958350092595],[-82.56791634562774,9.49958350092595]]]},"properties":{"OBJECTID":255,"Id":255,"gridcode":50,"Shape_Length":0.033333333199607296,"Shape_Area":0.00006944444388725262}},{"type":"Feature","id":256,"geometry":{"type":"Polygon","coordinates":[[[-82.53458301242779,9.49958350092595],[-82.53458301242779,9.507916834225796],[-82.54291634572775,9.507916834225796],[-82.54291634572775,9.49958350092595],[-82.53458301242779,9.49958350092595]]]},"properties":{"OBJECTID":256,"Id":256,"gridcode":44,"Shape_Length":0.033333333199607296,"Shape_Area":0.00006944444388725262}},{"type":"Feature","id":257,"geometry":{"type":"Polygon","coordinates":[[[-82.52624967912772,9.49958350092595],[-82.52624967912772,9.507916834225796],[-82.53458301242779,9.507916834225796],[-82.53458301242779,9.49958350092595],[-82.52624967912772,9.49958350092595]]]},"properties":{"OBJECTID":257,"Id":257,"gridcode":45,"Shape_Length":0.03333333319983467,"Shape_Area":0.00006944444388820001}},{"type":"Feature","id":258,"geometry":{"type":"Polygon","coordinates":[[[-82.5179163458277,9.49958350092595],[-82.5179163458277,9.507916834225796],[-82.52624967912772,9.507916834225796],[-82.52624967912772,9.49958350092595],[-82.5179163458277,9.49958350092595]]]},"properties":{"OBJECTID":258,"Id":258,"gridcode":42,"Shape_Length":0.03333333319972098,"Shape_Area":0.00006944444388772632}},{"type":"Feature","id":259,"geometry":{"type":"Polygon","coordinates":[[[-82.53458301242779,9.507916834225796],[-82.5179163458277,9.507916834225796],[-82.5179163458277,9.516250167525868],[-82.53458301242779,9.516250167525868],[-82.53458301242779,9.507916834225796]]]},"properties":{"OBJECTID":259,"Id":259,"gridcode":44,"Shape_Length":0.04999999980032044,"Shape_Area":0.0001388888877797159}},{"type":"Feature","id":260,"geometry":{"type":"Polygon","coordinates":[[[-82.50958301252774,9.49958350092595],[-82.50958301252774,9.507916834225796],[-82.5179163458277,9.507916834225796],[-82.5179163458277,9.49958350092595],[-82.50958301252774,9.49958350092595]]]},"properties":{"OBJECTID":260,"Id":260,"gridcode":46,"Shape_Length":0.033333333199607296,"Shape_Area":0.00006944444388725262}},{"type":"Feature","id":261,"geometry":{"type":"Polygon","coordinates":[[[-82.50124967922773,9.49958350092595],[-82.50124967922773,9.507916834225796],[-82.50958301252774,9.507916834225796],[-82.50958301252774,9.49958350092595],[-82.50124967922773,9.49958350092595]]]},"properties":{"OBJECTID":261,"Id":261,"gridcode":45,"Shape_Length":0.03333333319972098,"Shape_Area":0.00006944444388772632}},{"type":"Feature","id":262,"geometry":{"type":"Polygon","coordinates":[[[-82.50958301252774,9.524583500825884],[-82.50958301252774,9.507916834225796],[-82.50124967922773,9.507916834225796],[-82.50124967922773,9.524583500825884],[-82.50958301252774,9.524583500825884]]]},"properties":{"OBJECTID":262,"Id":262,"gridcode":43,"Shape_Length":0.04999999980020675,"Shape_Area":0.0001388888877787685}},{"type":"Feature","id":263,"geometry":{"type":"Polygon","coordinates":[[[-82.49291634592777,9.49958350092595],[-82.49291634592777,9.507916834225796],[-82.50124967922773,9.507916834225796],[-82.50124967922773,9.49958350092595],[-82.49291634592777,9.49958350092595]]]},"properties":{"OBJECTID":263,"Id":263,"gridcode":44,"Shape_Length":0.033333333199607296,"Shape_Area":0.00006944444388725262}},{"type":"Feature","id":264,"geometry":{"type":"Polygon","coordinates":[[[-82.47624967932768,9.49958350092595],[-82.47624967932768,9.507916834225796],[-82.48458301262775,9.507916834225796],[-82.48458301262775,9.49958350092595],[-82.47624967932768,9.49958350092595]]]},"properties":{"OBJECTID":264,"Id":264,"gridcode":47,"Shape_Length":0.03333333319983467,"Shape_Area":0.00006944444388820001}},{"type":"Feature","id":265,"geometry":{"type":"Polygon","coordinates":[[[-82.85958301112777,9.491250167625935],[-82.85958301112777,9.49958350092595],[-82.86791634442773,9.49958350092595],[-82.86791634442773,9.491250167625935],[-82.85958301112777,9.491250167625935]]]},"properties":{"OBJECTID":265,"Id":265,"gridcode":3,"Shape_Length":0.033333333199948356,"Shape_Area":0.00006944444388867371}},{"type":"Feature","id":266,"geometry":{"type":"Polygon","coordinates":[[[-82.85124967782775,9.491250167625935],[-82.85124967782775,9.49958350092595],[-82.85958301112777,9.49958350092595],[-82.85958301112777,9.491250167625935],[-82.85124967782775,9.491250167625935]]]},"properties":{"OBJECTID":266,"Id":266,"gridcode":6,"Shape_Length":0.03333333320006204,"Shape_Area":0.0000694444438891474}},{"type":"Feature","id":267,"geometry":{"type":"Polygon","coordinates":[[[-82.84291634452774,9.491250167625935],[-82.84291634452774,9.49958350092595],[-82.85124967782775,9.49958350092595],[-82.85124967782775,9.491250167625935],[-82.84291634452774,9.491250167625935]]]},"properties":{"OBJECTID":267,"Id":267,"gridcode":15,"Shape_Length":0.03333333320006204,"Shape_Area":0.0000694444438891474}},{"type":"Feature","id":268,"geometry":{"type":"Polygon","coordinates":[[[-82.78458301142774,9.516250167525868],[-82.78458301142774,9.49958350092595],[-82.77624967812778,9.49958350092595],[-82.77624967812778,9.516250167525868],[-82.78458301142774,9.516250167525868]]]},"properties":{"OBJECTID":268,"Id":268,"gridcode":26,"Shape_Length":0.049999999799752004,"Shape_Area":0.00013888888777640002}},{"type":"Feature","id":269,"geometry":{"type":"Polygon","coordinates":[[[-82.77624967812778,9.516250167525868],[-82.77624967812778,9.49958350092595],[-82.76791634482765,9.49958350092595],[-82.76791634482765,9.516250167525868],[-82.77624967812778,9.516250167525868]]]},"properties":{"OBJECTID":269,"Id":269,"gridcode":24,"Shape_Length":0.04999999979997938,"Shape_Area":0.0001388888877782948}},{"type":"Feature","id":270,"geometry":{"type":"Polygon","coordinates":[[[-82.72624967832775,9.491250167625935],[-82.72624967832775,9.49958350092595],[-82.73458301162776,9.49958350092595],[-82.73458301162776,9.491250167625935],[-82.72624967832775,9.491250167625935]]]},"properties":{"OBJECTID":270,"Id":270,"gridcode":28,"Shape_Length":0.03333333320006204,"Shape_Area":0.0000694444438891474}},{"type":"Feature","id":271,"geometry":{"type":"Polygon","coordinates":[[[-82.71791634502779,9.491250167625935],[-82.71791634502779,9.49958350092595],[-82.72624967832775,9.49958350092595],[-82.72624967832775,9.491250167625935],[-82.71791634502779,9.491250167625935]]]},"properties":{"OBJECTID":271,"Id":271,"gridcode":35,"Shape_Length":0.033333333199948356,"Shape_Area":0.00006944444388867371}},{"type":"Feature","id":272,"geometry":{"type":"Polygon","coordinates":[[[-82.70958301172777,9.491250167625935],[-82.70958301172777,9.49958350092595],[-82.71791634502779,9.49958350092595],[-82.71791634502779,9.491250167625935],[-82.70958301172777,9.491250167625935]]]},"properties":{"OBJECTID":272,"Id":272,"gridcode":39,"Shape_Length":0.03333333320006204,"Shape_Area":0.0000694444438891474}},{"type":"Feature","id":273,"geometry":{"type":"Polygon","coordinates":[[[-82.7012496784277,9.491250167625935],[-82.7012496784277,9.49958350092595],[-82.70958301172777,9.49958350092595],[-82.70958301172777,9.491250167625935],[-82.7012496784277,9.491250167625935]]]},"properties":{"OBJECTID":273,"Id":273,"gridcode":51,"Shape_Length":0.03333333320017573,"Shape_Area":0.0000694444438896211}},{"type":"Feature","id":274,"geometry":{"type":"Polygon","coordinates":[[[-82.69291634512774,9.491250167625935],[-82.69291634512774,9.49958350092595],[-82.7012496784277,9.49958350092595],[-82.7012496784277,9.491250167625935],[-82.69291634512774,9.491250167625935]]]},"properties":{"OBJECTID":274,"Id":274,"gridcode":53,"Shape_Length":0.033333333199948356,"Shape_Area":0.00006944444388867371}},{"type":"Feature","id":275,"geometry":{"type":"Polygon","coordinates":[[[-82.68458301182773,9.491250167625935],[-82.68458301182773,9.49958350092595],[-82.69291634512774,9.49958350092595],[-82.69291634512774,9.491250167625935],[-82.68458301182773,9.491250167625935]]]},"properties":{"OBJECTID":275,"Id":275,"gridcode":57,"Shape_Length":0.03333333320006204,"Shape_Area":0.0000694444438891474}},{"type":"Feature","id":276,"geometry":{"type":"Polygon","coordinates":[[[-82.67624967852777,9.491250167625935],[-82.67624967852777,9.49958350092595],[-82.68458301182773,9.49958350092595],[-82.68458301182773,9.491250167625935],[-82.67624967852777,9.491250167625935]]]},"properties":{"OBJECTID":276,"Id":276,"gridcode":110,"Shape_Length":0.033333333199948356,"Shape_Area":0.00006944444388867371}},{"type":"Feature","id":277,"geometry":{"type":"Polygon","coordinates":[[[-82.66791634522775,9.491250167625935],[-82.66791634522775,9.49958350092595],[-82.67624967852777,9.49958350092595],[-82.67624967852777,9.491250167625935],[-82.66791634522775,9.491250167625935]]]},"properties":{"OBJECTID":277,"Id":277,"gridcode":165,"Shape_Length":0.03333333320006204,"Shape_Area":0.0000694444438891474}},{"type":"Feature","id":278,"geometry":{"type":"Polygon","coordinates":[[[-82.65958301192762,9.491250167625935],[-82.65958301192762,9.49958350092595],[-82.66791634522775,9.49958350092595],[-82.66791634522775,9.491250167625935],[-82.65958301192762,9.491250167625935]]]},"properties":{"OBJECTID":278,"Id":278,"gridcode":64,"Shape_Length":0.03333333320017573,"Shape_Area":0.0000694444438896211}},{"type":"Feature","id":279,"geometry":{"type":"Polygon","coordinates":[[[-82.6429163453277,9.491250167625935],[-82.6429163453277,9.49958350092595],[-82.65124967862778,9.49958350092595],[-82.65124967862778,9.491250167625935],[-82.6429163453277,9.491250167625935]]]},"properties":{"OBJECTID":279,"Id":279,"gridcode":34,"Shape_Length":0.03333333320017573,"Shape_Area":0.0000694444438896211}},{"type":"Feature","id":280,"geometry":{"type":"Polygon","coordinates":[[[-82.63458301202769,9.491250167625935],[-82.63458301202769,9.49958350092595],[-82.6429163453277,9.49958350092595],[-82.6429163453277,9.491250167625935],[-82.63458301202769,9.491250167625935]]]},"properties":{"OBJECTID":280,"Id":280,"gridcode":42,"Shape_Length":0.03333333320006204,"Shape_Area":0.0000694444438891474}},{"type":"Feature","id":281,"geometry":{"type":"Polygon","coordinates":[[[-82.62624967872773,9.491250167625935],[-82.62624967872773,9.49958350092595],[-82.63458301202769,9.49958350092595],[-82.63458301202769,9.491250167625935],[-82.62624967872773,9.491250167625935]]]},"properties":{"OBJECTID":281,"Id":281,"gridcode":109,"Shape_Length":0.033333333199948356,"Shape_Area":0.00006944444388867371}},{"type":"Feature","id":282,"geometry":{"type":"Polygon","coordinates":[[[-82.61791634542777,9.491250167625935],[-82.61791634542777,9.49958350092595],[-82.62624967872773,9.49958350092595],[-82.62624967872773,9.491250167625935],[-82.61791634542777,9.491250167625935]]]},"properties":{"OBJECTID":282,"Id":282,"gridcode":232,"Shape_Length":0.033333333199948356,"Shape_Area":0.00006944444388867371}},{"type":"Feature","id":283,"geometry":{"type":"Polygon","coordinates":[[[-82.60958301212776,9.491250167625935],[-82.60958301212776,9.49958350092595],[-82.61791634542777,9.49958350092595],[-82.61791634542777,9.491250167625935],[-82.60958301212776,9.491250167625935]]]},"properties":{"OBJECTID":283,"Id":283,"gridcode":1148,"Shape_Length":0.03333333320006204,"Shape_Area":0.0000694444438891474}},{"type":"Feature","id":284,"geometry":{"type":"Polygon","coordinates":[[[-82.60124967882763,9.491250167625935],[-82.60124967882763,9.49958350092595],[-82.60958301212776,9.49958350092595],[-82.60958301212776,9.491250167625935],[-82.60124967882763,9.491250167625935]]]},"properties":{"OBJECTID":284,"Id":284,"gridcode":626,"Shape_Length":0.03333333320017573,"Shape_Area":0.0000694444438896211}},{"type":"Feature","id":285,"geometry":{"type":"Polygon","coordinates":[[[-82.59291634552778,9.491250167625935],[-82.59291634552778,9.49958350092595],[-82.60124967882763,9.49958350092595],[-82.60124967882763,9.491250167625935],[-82.59291634552778,9.491250167625935]]]},"properties":{"OBJECTID":285,"Id":285,"gridcode":151,"Shape_Length":0.03333333319983467,"Shape_Area":0.00006944444388820001}},{"type":"Feature","id":286,"geometry":{"type":"Polygon","coordinates":[[[-82.58458301222771,9.491250167625935],[-82.58458301222771,9.49958350092595],[-82.59291634552778,9.49958350092595],[-82.59291634552778,9.491250167625935],[-82.58458301222771,9.491250167625935]]]},"properties":{"OBJECTID":286,"Id":286,"gridcode":263,"Shape_Length":0.03333333320017573,"Shape_Area":0.0000694444438896211}},{"type":"Feature","id":287,"geometry":{"type":"Polygon","coordinates":[[[-82.5762496789277,9.491250167625935],[-82.5762496789277,9.49958350092595],[-82.58458301222771,9.49958350092595],[-82.58458301222771,9.491250167625935],[-82.5762496789277,9.491250167625935]]]},"properties":{"OBJECTID":287,"Id":287,"gridcode":164,"Shape_Length":0.03333333320006204,"Shape_Area":0.0000694444438891474}},{"type":"Feature","id":288,"geometry":{"type":"Polygon","coordinates":[[[-82.56791634562774,9.491250167625935],[-82.56791634562774,9.49958350092595],[-82.5762496789277,9.49958350092595],[-82.5762496789277,9.491250167625935],[-82.56791634562774,9.491250167625935]]]},"properties":{"OBJECTID":288,"Id":288,"gridcode":59,"Shape_Length":0.033333333199948356,"Shape_Area":0.00006944444388867371}},{"type":"Feature","id":289,"geometry":{"type":"Polygon","coordinates":[[[-82.52624967912772,9.491250167625935],[-82.52624967912772,9.49958350092595],[-82.53458301242779,9.49958350092595],[-82.53458301242779,9.491250167625935],[-82.52624967912772,9.491250167625935]]]},"properties":{"OBJECTID":289,"Id":289,"gridcode":46,"Shape_Length":0.03333333320017573,"Shape_Area":0.0000694444438896211}},{"type":"Feature","id":290,"geometry":{"type":"Polygon","coordinates":[[[-82.5179163458277,9.491250167625935],[-82.5179163458277,9.49958350092595],[-82.52624967912772,9.49958350092595],[-82.52624967912772,9.491250167625935],[-82.5179163458277,9.491250167625935]]]},"properties":{"OBJECTID":290,"Id":290,"gridcode":48,"Shape_Length":0.03333333320006204,"Shape_Area":0.0000694444438891474}},{"type":"Feature","id":291,"geometry":{"type":"Polygon","coordinates":[[[-82.50958301252774,9.491250167625935],[-82.50958301252774,9.49958350092595],[-82.5179163458277,9.49958350092595],[-82.5179163458277,9.491250167625935],[-82.50958301252774,9.491250167625935]]]},"properties":{"OBJECTID":291,"Id":291,"gridcode":55,"Shape_Length":0.033333333199948356,"Shape_Area":0.00006944444388867371}},{"type":"Feature","id":292,"geometry":{"type":"Polygon","coordinates":[[[-82.50124967922773,9.491250167625935],[-82.50124967922773,9.49958350092595],[-82.50958301252774,9.49958350092595],[-82.50958301252774,9.491250167625935],[-82.50124967922773,9.491250167625935]]]},"properties":{"OBJECTID":292,"Id":292,"gridcode":52,"Shape_Length":0.03333333320006204,"Shape_Area":0.0000694444438891474}},{"type":"Feature","id":293,"geometry":{"type":"Polygon","coordinates":[[[-82.49291634592777,9.491250167625935],[-82.49291634592777,9.49958350092595],[-82.50124967922773,9.49958350092595],[-82.50124967922773,9.491250167625935],[-82.49291634592777,9.491250167625935]]]},"properties":{"OBJECTID":293,"Id":293,"gridcode":48,"Shape_Length":0.033333333199948356,"Shape_Area":0.00006944444388867371}},{"type":"Feature","id":294,"geometry":{"type":"Polygon","coordinates":[[[-82.47624967932768,9.491250167625935],[-82.47624967932768,9.49958350092595],[-82.48458301262775,9.49958350092595],[-82.48458301262775,9.491250167625935],[-82.47624967932768,9.491250167625935]]]},"properties":{"OBJECTID":294,"Id":294,"gridcode":45,"Shape_Length":0.03333333320017573,"Shape_Area":0.0000694444438896211}},{"type":"Feature","id":295,"geometry":{"type":"Polygon","coordinates":[[[-82.46791634602766,9.491250167625935],[-82.46791634602766,9.49958350092595],[-82.47624967932768,9.49958350092595],[-82.47624967932768,9.491250167625935],[-82.46791634602766,9.491250167625935]]]},"properties":{"OBJECTID":295,"Id":295,"gridcode":44,"Shape_Length":0.033333333199948356,"Shape_Area":0.00006944444388867371}},{"type":"Feature","id":296,"geometry":{"type":"Polygon","coordinates":[[[-82.90124967762779,9.482916834325863],[-82.90124967762779,9.491250167625935],[-82.90958301092775,9.491250167625935],[-82.90958301092775,9.482916834325863],[-82.90124967762779,9.482916834325863]]]},"properties":{"OBJECTID":296,"Id":296,"gridcode":3,"Shape_Length":0.03333333320006204,"Shape_Area":0.0000694444438891474}},{"type":"Feature","id":297,"geometry":{"type":"Polygon","coordinates":[[[-82.89291634432777,9.482916834325863],[-82.89291634432777,9.491250167625935],[-82.90124967762779,9.491250167625935],[-82.90124967762779,9.482916834325863],[-82.89291634432777,9.482916834325863]]]},"properties":{"OBJECTID":297,"Id":297,"gridcode":4,"Shape_Length":0.03333333320017573,"Shape_Area":0.0000694444438896211}},{"type":"Feature","id":298,"geometry":{"type":"Polygon","coordinates":[[[-82.8845830110277,9.482916834325863],[-82.8845830110277,9.491250167625935],[-82.89291634432777,9.491250167625935],[-82.89291634432777,9.482916834325863],[-82.8845830110277,9.482916834325863]]]},"properties":{"OBJECTID":298,"Id":298,"gridcode":9,"Shape_Length":0.03333333320028942,"Shape_Area":0.00006944444389009479}},{"type":"Feature","id":299,"geometry":{"type":"Polygon","coordinates":[[[-82.87624967772769,9.482916834325863],[-82.87624967772769,9.491250167625935],[-82.8845830110277,9.491250167625935],[-82.8845830110277,9.482916834325863],[-82.87624967772769,9.482916834325863]]]},"properties":{"OBJECTID":299,"Id":299,"gridcode":13,"Shape_Length":0.03333333320017573,"Shape_Area":0.0000694444438896211}},{"type":"Feature","id":300,"geometry":{"type":"Polygon","coordinates":[[[-82.86791634442773,9.482916834325863],[-82.86791634442773,9.491250167625935],[-82.87624967772769,9.491250167625935],[-82.87624967772769,9.482916834325863],[-82.86791634442773,9.482916834325863]]]},"properties":{"OBJECTID":300,"Id":300,"gridcode":16,"Shape_Length":0.03333333320006204,"Shape_Area":0.0000694444438891474}},{"type":"Feature","id":301,"geometry":{"type":"Polygon","coordinates":[[[-82.85958301112777,9.482916834325863],[-82.85958301112777,9.491250167625935],[-82.86791634442773,9.491250167625935],[-82.86791634442773,9.482916834325863],[-82.85958301112777,9.482916834325863]]]},"properties":{"OBJECTID":301,"Id":301,"gridcode":18,"Shape_Length":0.03333333320006204,"Shape_Area":0.0000694444438891474}},{"type":"Feature","id":302,"geometry":{"type":"Polygon","coordinates":[[[-82.83458301122778,9.482916834325863],[-82.83458301122778,9.491250167625935],[-82.84291634452774,9.491250167625935],[-82.84291634452774,9.482916834325863],[-82.83458301122778,9.482916834325863]]]},"properties":{"OBJECTID":302,"Id":302,"gridcode":20,"Shape_Length":0.03333333320006204,"Shape_Area":0.0000694444438891474}},{"type":"Feature","id":303,"geometry":{"type":"Polygon","coordinates":[[[-82.80958301132773,9.482916834325863],[-82.80958301132773,9.491250167625935],[-82.81791634462769,9.491250167625935],[-82.81791634462769,9.482916834325863],[-82.80958301132773,9.482916834325863]]]},"properties":{"OBJECTID":303,"Id":303,"gridcode":20,"Shape_Length":0.03333333320006204,"Shape_Area":0.0000694444438891474}},{"type":"Feature","id":304,"geometry":{"type":"Polygon","coordinates":[[[-82.84291634452774,9.491250167625935],[-82.80124967802772,9.491250167625935],[-82.80124967802772,9.507916834225796],[-82.80958301132773,9.507916834225796],[-82.80958301132773,9.49958350092595],[-82.82624967792765,9.49958350092595],[-82.82624967792765,9.507916834225796],[-82.83458301122778,9.507916834225796],[-82.83458301122778,9.49958350092595],[-82.84291634452774,9.49958350092595],[-82.84291634452774,9.491250167625935]]]},"properties":{"OBJECTID":304,"Id":304,"gridcode":21,"Shape_Length":0.13333333279945236,"Shape_Area":0.00048611110722118967}},{"type":"Feature","id":305,"geometry":{"type":"Polygon","coordinates":[[[-82.79291634472776,9.482916834325863],[-82.79291634472776,9.491250167625935],[-82.80124967802772,9.491250167625935],[-82.80124967802772,9.482916834325863],[-82.79291634472776,9.482916834325863]]]},"properties":{"OBJECTID":305,"Id":305,"gridcode":20,"Shape_Length":0.03333333320006204,"Shape_Area":0.0000694444438891474}},{"type":"Feature","id":306,"geometry":{"type":"Polygon","coordinates":[[[-82.7595830115277,9.482916834325863],[-82.7595830115277,9.491250167625935],[-82.76791634482765,9.491250167625935],[-82.76791634482765,9.482916834325863],[-82.7595830115277,9.482916834325863]]]},"properties":{"OBJECTID":306,"Id":306,"gridcode":21,"Shape_Length":0.03333333320017573,"Shape_Area":0.0000694444438896211}},{"type":"Feature","id":307,"geometry":{"type":"Polygon","coordinates":[[[-82.74291634492772,9.482916834325863],[-82.74291634492772,9.491250167625935],[-82.75124967822774,9.491250167625935],[-82.75124967822774,9.482916834325863],[-82.74291634492772,9.482916834325863]]]},"properties":{"OBJECTID":307,"Id":307,"gridcode":20,"Shape_Length":0.03333333320017573,"Shape_Area":0.0000694444438896211}},{"type":"Feature","id":308,"geometry":{"type":"Polygon","coordinates":[[[-82.70958301172777,9.482916834325863],[-82.70958301172777,9.491250167625935],[-82.71791634502779,9.491250167625935],[-82.71791634502779,9.482916834325863],[-82.70958301172777,9.482916834325863]]]},"properties":{"OBJECTID":308,"Id":308,"gridcode":35,"Shape_Length":0.03333333320017573,"Shape_Area":0.0000694444438896211}},{"type":"Feature","id":309,"geometry":{"type":"Polygon","coordinates":[[[-82.7012496784277,9.482916834325863],[-82.7012496784277,9.491250167625935],[-82.70958301172777,9.491250167625935],[-82.70958301172777,9.482916834325863],[-82.7012496784277,9.482916834325863]]]},"properties":{"OBJECTID":309,"Id":309,"gridcode":47,"Shape_Length":0.03333333320028942,"Shape_Area":0.00006944444389009479}},{"type":"Feature","id":310,"geometry":{"type":"Polygon","coordinates":[[[-82.69291634512774,9.482916834325863],[-82.69291634512774,9.491250167625935],[-82.7012496784277,9.491250167625935],[-82.7012496784277,9.482916834325863],[-82.69291634512774,9.482916834325863]]]},"properties":{"OBJECTID":310,"Id":310,"gridcode":52,"Shape_Length":0.03333333320006204,"Shape_Area":0.0000694444438891474}},{"type":"Feature","id":311,"geometry":{"type":"Polygon","coordinates":[[[-82.68458301182773,9.482916834325863],[-82.68458301182773,9.491250167625935],[-82.69291634512774,9.491250167625935],[-82.69291634512774,9.482916834325863],[-82.68458301182773,9.482916834325863]]]},"properties":{"OBJECTID":311,"Id":311,"gridcode":56,"Shape_Length":0.03333333320017573,"Shape_Area":0.0000694444438896211}},{"type":"Feature","id":312,"geometry":{"type":"Polygon","coordinates":[[[-82.67624967852777,9.482916834325863],[-82.67624967852777,9.491250167625935],[-82.68458301182773,9.491250167625935],[-82.68458301182773,9.482916834325863],[-82.67624967852777,9.482916834325863]]]},"properties":{"OBJECTID":312,"Id":312,"gridcode":76,"Shape_Length":0.03333333320006204,"Shape_Area":0.0000694444438891474}},{"type":"Feature","id":313,"geometry":{"type":"Polygon","coordinates":[[[-82.66791634522775,9.482916834325863],[-82.66791634522775,9.491250167625935],[-82.67624967852777,9.491250167625935],[-82.67624967852777,9.482916834325863],[-82.66791634522775,9.482916834325863]]]},"properties":{"OBJECTID":313,"Id":313,"gridcode":87,"Shape_Length":0.03333333320017573,"Shape_Area":0.0000694444438896211}},{"type":"Feature","id":314,"geometry":{"type":"Polygon","coordinates":[[[-82.65958301192762,9.482916834325863],[-82.65958301192762,9.491250167625935],[-82.66791634522775,9.491250167625935],[-82.66791634522775,9.482916834325863],[-82.65958301192762,9.482916834325863]]]},"properties":{"OBJECTID":314,"Id":314,"gridcode":59,"Shape_Length":0.03333333320028942,"Shape_Area":0.00006944444389009479}},{"type":"Feature","id":315,"geometry":{"type":"Polygon","coordinates":[[[-82.6429163453277,9.482916834325863],[-82.6429163453277,9.491250167625935],[-82.65124967862778,9.491250167625935],[-82.65124967862778,9.482916834325863],[-82.6429163453277,9.482916834325863]]]},"properties":{"OBJECTID":315,"Id":315,"gridcode":49,"Shape_Length":0.03333333320028942,"Shape_Area":0.00006944444389009479}},{"type":"Feature","id":316,"geometry":{"type":"Polygon","coordinates":[[[-82.63458301202769,9.482916834325863],[-82.63458301202769,9.491250167625935],[-82.6429163453277,9.491250167625935],[-82.6429163453277,9.482916834325863],[-82.63458301202769,9.482916834325863]]]},"properties":{"OBJECTID":316,"Id":316,"gridcode":63,"Shape_Length":0.03333333320017573,"Shape_Area":0.0000694444438896211}},{"type":"Feature","id":317,"geometry":{"type":"Polygon","coordinates":[[[-82.62624967872773,9.482916834325863],[-82.62624967872773,9.491250167625935],[-82.63458301202769,9.491250167625935],[-82.63458301202769,9.482916834325863],[-82.62624967872773,9.482916834325863]]]},"properties":{"OBJECTID":317,"Id":317,"gridcode":104,"Shape_Length":0.03333333320006204,"Shape_Area":0.0000694444438891474}},{"type":"Feature","id":318,"geometry":{"type":"Polygon","coordinates":[[[-82.61791634542777,9.482916834325863],[-82.61791634542777,9.491250167625935],[-82.62624967872773,9.491250167625935],[-82.62624967872773,9.482916834325863],[-82.61791634542777,9.482916834325863]]]},"properties":{"OBJECTID":318,"Id":318,"gridcode":170,"Shape_Length":0.03333333320006204,"Shape_Area":0.0000694444438891474}},{"type":"Feature","id":319,"geometry":{"type":"Polygon","coordinates":[[[-82.60958301212776,9.482916834325863],[-82.60958301212776,9.491250167625935],[-82.61791634542777,9.491250167625935],[-82.61791634542777,9.482916834325863],[-82.60958301212776,9.482916834325863]]]},"properties":{"OBJECTID":319,"Id":319,"gridcode":479,"Shape_Length":0.03333333320017573,"Shape_Area":0.0000694444438896211}},{"type":"Feature","id":320,"geometry":{"type":"Polygon","coordinates":[[[-82.60124967882763,9.482916834325863],[-82.60124967882763,9.491250167625935],[-82.60958301212776,9.491250167625935],[-82.60958301212776,9.482916834325863],[-82.60124967882763,9.482916834325863]]]},"properties":{"OBJECTID":320,"Id":320,"gridcode":412,"Shape_Length":0.03333333320028942,"Shape_Area":0.00006944444389009479}},{"type":"Feature","id":321,"geometry":{"type":"Polygon","coordinates":[[[-82.59291634552778,9.482916834325863],[-82.59291634552778,9.491250167625935],[-82.60124967882763,9.491250167625935],[-82.60124967882763,9.482916834325863],[-82.59291634552778,9.482916834325863]]]},"properties":{"OBJECTID":321,"Id":321,"gridcode":125,"Shape_Length":0.033333333199948356,"Shape_Area":0.00006944444388867371}},{"type":"Feature","id":322,"geometry":{"type":"Polygon","coordinates":[[[-82.58458301222771,9.482916834325863],[-82.58458301222771,9.491250167625935],[-82.59291634552778,9.491250167625935],[-82.59291634552778,9.482916834325863],[-82.58458301222771,9.482916834325863]]]},"properties":{"OBJECTID":322,"Id":322,"gridcode":128,"Shape_Length":0.03333333320028942,"Shape_Area":0.00006944444389009479}},{"type":"Feature","id":323,"geometry":{"type":"Polygon","coordinates":[[[-82.5762496789277,9.482916834325863],[-82.5762496789277,9.491250167625935],[-82.58458301222771,9.491250167625935],[-82.58458301222771,9.482916834325863],[-82.5762496789277,9.482916834325863]]]},"properties":{"OBJECTID":323,"Id":323,"gridcode":130,"Shape_Length":0.03333333320017573,"Shape_Area":0.0000694444438896211}},{"type":"Feature","id":324,"geometry":{"type":"Polygon","coordinates":[[[-82.56791634562774,9.482916834325863],[-82.56791634562774,9.491250167625935],[-82.5762496789277,9.491250167625935],[-82.5762496789277,9.482916834325863],[-82.56791634562774,9.482916834325863]]]},"properties":{"OBJECTID":324,"Id":324,"gridcode":63,"Shape_Length":0.03333333320006204,"Shape_Area":0.0000694444438891474}},{"type":"Feature","id":325,"geometry":{"type":"Polygon","coordinates":[[[-82.55958301232772,9.482916834325863],[-82.55958301232772,9.491250167625935],[-82.56791634562774,9.491250167625935],[-82.56791634562774,9.482916834325863],[-82.55958301232772,9.482916834325863]]]},"properties":{"OBJECTID":325,"Id":325,"gridcode":48,"Shape_Length":0.03333333320017573,"Shape_Area":0.0000694444438896211}},{"type":"Feature","id":326,"geometry":{"type":"Polygon","coordinates":[[[-82.56791634562774,9.507916834225796],[-82.56791634562774,9.491250167625935],[-82.55958301232772,9.491250167625935],[-82.55958301232772,9.507916834225796],[-82.56791634562774,9.507916834225796]]]},"properties":{"OBJECTID":326,"Id":326,"gridcode":42,"Shape_Length":0.049999999799752004,"Shape_Area":0.00013888888777687373}},{"type":"Feature","id":327,"geometry":{"type":"Polygon","coordinates":[[[-82.53458301242779,9.482916834325863],[-82.53458301242779,9.491250167625935],[-82.54291634572775,9.491250167625935],[-82.54291634572775,9.482916834325863],[-82.53458301242779,9.482916834325863]]]},"properties":{"OBJECTID":327,"Id":327,"gridcode":49,"Shape_Length":0.03333333320006204,"Shape_Area":0.0000694444438891474}},{"type":"Feature","id":328,"geometry":{"type":"Polygon","coordinates":[[[-82.55958301232772,9.491250167625935],[-82.53458301242779,9.491250167625935],[-82.53458301242779,9.49958350092595],[-82.54291634572775,9.49958350092595],[-82.54291634572775,9.507916834225796],[-82.55958301232772,9.507916834225796],[-82.55958301232772,9.491250167625935]]]},"properties":{"OBJECTID":328,"Id":328,"gridcode":43,"Shape_Length":0.08333333299958667,"Shape_Area":0.00034722221944147373}},{"type":"Feature","id":329,"geometry":{"type":"Polygon","coordinates":[[[-82.52624967912772,9.482916834325863],[-82.52624967912772,9.491250167625935],[-82.53458301242779,9.491250167625935],[-82.53458301242779,9.482916834325863],[-82.52624967912772,9.482916834325863]]]},"properties":{"OBJECTID":329,"Id":329,"gridcode":55,"Shape_Length":0.03333333320028942,"Shape_Area":0.00006944444389009479}},{"type":"Feature","id":330,"geometry":{"type":"Polygon","coordinates":[[[-82.5179163458277,9.482916834325863],[-82.5179163458277,9.491250167625935],[-82.52624967912772,9.491250167625935],[-82.52624967912772,9.482916834325863],[-82.5179163458277,9.482916834325863]]]},"properties":{"OBJECTID":330,"Id":330,"gridcode":81,"Shape_Length":0.03333333320017573,"Shape_Area":0.0000694444438896211}},{"type":"Feature","id":331,"geometry":{"type":"Polygon","coordinates":[[[-82.50958301252774,9.482916834325863],[-82.50958301252774,9.491250167625935],[-82.5179163458277,9.491250167625935],[-82.5179163458277,9.482916834325863],[-82.50958301252774,9.482916834325863]]]},"properties":{"OBJECTID":331,"Id":331,"gridcode":141,"Shape_Length":0.03333333320006204,"Shape_Area":0.0000694444438891474}},{"type":"Feature","id":332,"geometry":{"type":"Polygon","coordinates":[[[-82.50124967922773,9.482916834325863],[-82.50124967922773,9.491250167625935],[-82.50958301252774,9.491250167625935],[-82.50958301252774,9.482916834325863],[-82.50124967922773,9.482916834325863]]]},"properties":{"OBJECTID":332,"Id":332,"gridcode":122,"Shape_Length":0.03333333320017573,"Shape_Area":0.0000694444438896211}},{"type":"Feature","id":333,"geometry":{"type":"Polygon","coordinates":[[[-82.49291634592777,9.482916834325863],[-82.49291634592777,9.491250167625935],[-82.50124967922773,9.491250167625935],[-82.50124967922773,9.482916834325863],[-82.49291634592777,9.482916834325863]]]},"properties":{"OBJECTID":333,"Id":333,"gridcode":70,"Shape_Length":0.03333333320006204,"Shape_Area":0.0000694444438891474}},{"type":"Feature","id":334,"geometry":{"type":"Polygon","coordinates":[[[-82.48458301262775,9.482916834325863],[-82.48458301262775,9.491250167625935],[-82.49291634592777,9.491250167625935],[-82.49291634592777,9.482916834325863],[-82.48458301262775,9.482916834325863]]]},"properties":{"OBJECTID":334,"Id":334,"gridcode":54,"Shape_Length":0.03333333320017573,"Shape_Area":0.0000694444438896211}},{"type":"Feature","id":335,"geometry":{"type":"Polygon","coordinates":[[[-82.49291634592777,9.507916834225796],[-82.49291634592777,9.491250167625935],[-82.48458301262775,9.491250167625935],[-82.48458301262775,9.507916834225796],[-82.49291634592777,9.507916834225796]]]},"properties":{"OBJECTID":335,"Id":335,"gridcode":46,"Shape_Length":0.049999999799752004,"Shape_Area":0.00013888888777687373}},{"type":"Feature","id":336,"geometry":{"type":"Polygon","coordinates":[[[-82.47624967932768,9.482916834325863],[-82.47624967932768,9.491250167625935],[-82.48458301262775,9.491250167625935],[-82.48458301262775,9.482916834325863],[-82.47624967932768,9.482916834325863]]]},"properties":{"OBJECTID":336,"Id":336,"gridcode":49,"Shape_Length":0.03333333320028942,"Shape_Area":0.00006944444389009479}},{"type":"Feature","id":337,"geometry":{"type":"Polygon","coordinates":[[[-82.46791634602766,9.482916834325863],[-82.46791634602766,9.491250167625935],[-82.47624967932768,9.491250167625935],[-82.47624967932768,9.482916834325863],[-82.46791634602766,9.482916834325863]]]},"properties":{"OBJECTID":337,"Id":337,"gridcode":47,"Shape_Length":0.03333333320006204,"Shape_Area":0.0000694444438891474}},{"type":"Feature","id":338,"geometry":{"type":"Polygon","coordinates":[[[-82.92624967752772,9.474583501025847],[-82.92624967752772,9.482916834325863],[-82.93458301082768,9.482916834325863],[-82.93458301082768,9.474583501025847],[-82.92624967752772,9.474583501025847]]]},"properties":{"OBJECTID":338,"Id":338,"gridcode":7,"Shape_Length":0.033333333199948356,"Shape_Area":0.00006944444388867371}},{"type":"Feature","id":339,"geometry":{"type":"Polygon","coordinates":[[[-82.91791634422776,9.474583501025847],[-82.91791634422776,9.482916834325863],[-82.92624967752772,9.482916834325863],[-82.92624967752772,9.474583501025847],[-82.91791634422776,9.474583501025847]]]},"properties":{"OBJECTID":339,"Id":339,"gridcode":13,"Shape_Length":0.033333333199948356,"Shape_Area":0.00006944444388867371}},{"type":"Feature","id":340,"geometry":{"type":"Polygon","coordinates":[[[-82.90958301092775,9.474583501025847],[-82.90958301092775,9.482916834325863],[-82.91791634422776,9.482916834325863],[-82.91791634422776,9.474583501025847],[-82.90958301092775,9.474583501025847]]]},"properties":{"OBJECTID":340,"Id":340,"gridcode":20,"Shape_Length":0.03333333320006204,"Shape_Area":0.0000694444438891474}},{"type":"Feature","id":341,"geometry":{"type":"Polygon","coordinates":[[[-82.90124967762779,9.474583501025847],[-82.90124967762779,9.482916834325863],[-82.90958301092775,9.482916834325863],[-82.90958301092775,9.474583501025847],[-82.90124967762779,9.474583501025847]]]},"properties":{"OBJECTID":341,"Id":341,"gridcode":22,"Shape_Length":0.033333333199948356,"Shape_Area":0.00006944444388867371}},{"type":"Feature","id":342,"geometry":{"type":"Polygon","coordinates":[[[-82.89291634432777,9.474583501025847],[-82.89291634432777,9.482916834325863],[-82.90124967762779,9.482916834325863],[-82.90124967762779,9.474583501025847],[-82.89291634432777,9.474583501025847]]]},"properties":{"OBJECTID":342,"Id":342,"gridcode":24,"Shape_Length":0.03333333320006204,"Shape_Area":0.0000694444438891474}},{"type":"Feature","id":343,"geometry":{"type":"Polygon","coordinates":[[[-82.86791634442773,9.474583501025847],[-82.86791634442773,9.482916834325863],[-82.87624967772769,9.482916834325863],[-82.87624967772769,9.474583501025847],[-82.86791634442773,9.474583501025847]]]},"properties":{"OBJECTID":343,"Id":343,"gridcode":21,"Shape_Length":0.033333333199948356,"Shape_Area":0.00006944444388867371}},{"type":"Feature","id":344,"geometry":{"type":"Polygon","coordinates":[[[-82.85958301112777,9.474583501025847],[-82.85958301112777,9.482916834325863],[-82.86791634442773,9.482916834325863],[-82.86791634442773,9.474583501025847],[-82.85958301112777,9.474583501025847]]]},"properties":{"OBJECTID":344,"Id":344,"gridcode":20,"Shape_Length":0.033333333199948356,"Shape_Area":0.00006944444388867371}},{"type":"Feature","id":345,"geometry":{"type":"Polygon","coordinates":[[[-82.83458301122778,9.482916834325863],[-82.81791634462769,9.482916834325863],[-82.81791634462769,9.491250167625935],[-82.83458301122778,9.491250167625935],[-82.83458301122778,9.482916834325863]]]},"properties":{"OBJECTID":345,"Id":345,"gridcode":19,"Shape_Length":0.04999999980032044,"Shape_Area":0.0001388888877797159}},{"type":"Feature","id":346,"geometry":{"type":"Polygon","coordinates":[[[-82.78458301142774,9.474583501025847],[-82.78458301142774,9.482916834325863],[-82.79291634472776,9.482916834325863],[-82.79291634472776,9.474583501025847],[-82.78458301142774,9.474583501025847]]]},"properties":{"OBJECTID":346,"Id":346,"gridcode":21,"Shape_Length":0.03333333320006204,"Shape_Area":0.0000694444438891474}},{"type":"Feature","id":347,"geometry":{"type":"Polygon","coordinates":[[[-82.75124967822774,9.474583501025847],[-82.75124967822774,9.482916834325863],[-82.7595830115277,9.482916834325863],[-82.7595830115277,9.474583501025847],[-82.75124967822774,9.474583501025847]]]},"properties":{"OBJECTID":347,"Id":347,"gridcode":22,"Shape_Length":0.033333333199948356,"Shape_Area":0.00006944444388867371}},{"type":"Feature","id":348,"geometry":{"type":"Polygon","coordinates":[[[-82.7595830115277,9.491250167625935],[-82.7595830115277,9.482916834325863],[-82.75124967822774,9.482916834325863],[-82.75124967822774,9.491250167625935],[-82.74291634492772,9.491250167625935],[-82.74291634492772,9.49958350092595],[-82.7595830115277,9.49958350092595],[-82.7595830115277,9.507916834225796],[-82.76791634482765,9.507916834225796],[-82.76791634482765,9.49958350092595],[-82.78458301142774,9.49958350092595],[-82.78458301142774,9.507916834225796],[-82.79291634472776,9.507916834225796],[-82.79291634472776,9.516250167525868],[-82.80124967802772,9.516250167525868],[-82.80124967802772,9.532916834125956],[-82.80958301132773,9.532916834125956],[-82.80958301132773,9.507916834225796],[-82.80124967802772,9.507916834225796],[-82.80124967802772,9.491250167625935],[-82.79291634472776,9.491250167625935],[-82.79291634472776,9.482916834325863],[-82.78458301142774,9.482916834325863],[-82.78458301142774,9.491250167625935],[-82.7595830115277,9.491250167625935]]]},"properties":{"OBJECTID":348,"Id":348,"gridcode":23,"Shape_Length":0.2666666656000416,"Shape_Area":0.0011111111022220953}},{"type":"Feature","id":349,"geometry":{"type":"Polygon","coordinates":[[[-82.74291634492772,9.474583501025847],[-82.74291634492772,9.482916834325863],[-82.75124967822774,9.482916834325863],[-82.75124967822774,9.474583501025847],[-82.74291634492772,9.474583501025847]]]},"properties":{"OBJECTID":349,"Id":349,"gridcode":14,"Shape_Length":0.03333333320006204,"Shape_Area":0.0000694444438891474}},{"type":"Feature","id":350,"geometry":{"type":"Polygon","coordinates":[[[-82.73458301162776,9.474583501025847],[-82.73458301162776,9.482916834325863],[-82.74291634492772,9.482916834325863],[-82.74291634492772,9.474583501025847],[-82.73458301162776,9.474583501025847]]]},"properties":{"OBJECTID":350,"Id":350,"gridcode":12,"Shape_Length":0.033333333199948356,"Shape_Area":0.00006944444388867371}},{"type":"Feature","id":351,"geometry":{"type":"Polygon","coordinates":[[[-82.72624967832775,9.474583501025847],[-82.72624967832775,9.482916834325863],[-82.73458301162776,9.482916834325863],[-82.73458301162776,9.474583501025847],[-82.72624967832775,9.474583501025847]]]},"properties":{"OBJECTID":351,"Id":351,"gridcode":22,"Shape_Length":0.03333333320006204,"Shape_Area":0.0000694444438891474}},{"type":"Feature","id":352,"geometry":{"type":"Polygon","coordinates":[[[-82.74291634492772,9.482916834325863],[-82.72624967832775,9.482916834325863],[-82.72624967832775,9.491250167625935],[-82.73458301162776,9.491250167625935],[-82.73458301162776,9.49958350092595],[-82.74291634492772,9.49958350092595],[-82.74291634492772,9.482916834325863]]]},"properties":{"OBJECTID":352,"Id":352,"gridcode":24,"Shape_Length":0.06666666640012409,"Shape_Area":0.0002083333316674422}},{"type":"Feature","id":353,"geometry":{"type":"Polygon","coordinates":[[[-82.70958301172777,9.474583501025847],[-82.70958301172777,9.482916834325863],[-82.71791634502779,9.482916834325863],[-82.71791634502779,9.474583501025847],[-82.70958301172777,9.474583501025847]]]},"properties":{"OBJECTID":353,"Id":353,"gridcode":33,"Shape_Length":0.03333333320006204,"Shape_Area":0.0000694444438891474}},{"type":"Feature","id":354,"geometry":{"type":"Polygon","coordinates":[[[-82.7012496784277,9.474583501025847],[-82.7012496784277,9.482916834325863],[-82.70958301172777,9.482916834325863],[-82.70958301172777,9.474583501025847],[-82.7012496784277,9.474583501025847]]]},"properties":{"OBJECTID":354,"Id":354,"gridcode":41,"Shape_Length":0.03333333320017573,"Shape_Area":0.0000694444438896211}},{"type":"Feature","id":355,"geometry":{"type":"Polygon","coordinates":[[[-82.69291634512774,9.474583501025847],[-82.69291634512774,9.482916834325863],[-82.7012496784277,9.482916834325863],[-82.7012496784277,9.474583501025847],[-82.69291634512774,9.474583501025847]]]},"properties":{"OBJECTID":355,"Id":355,"gridcode":51,"Shape_Length":0.033333333199948356,"Shape_Area":0.00006944444388867371}},{"type":"Feature","id":356,"geometry":{"type":"Polygon","coordinates":[[[-82.68458301182773,9.474583501025847],[-82.68458301182773,9.482916834325863],[-82.69291634512774,9.482916834325863],[-82.69291634512774,9.474583501025847],[-82.68458301182773,9.474583501025847]]]},"properties":{"OBJECTID":356,"Id":356,"gridcode":52,"Shape_Length":0.03333333320006204,"Shape_Area":0.0000694444438891474}},{"type":"Feature","id":357,"geometry":{"type":"Polygon","coordinates":[[[-82.67624967852777,9.474583501025847],[-82.67624967852777,9.482916834325863],[-82.68458301182773,9.482916834325863],[-82.68458301182773,9.474583501025847],[-82.67624967852777,9.474583501025847]]]},"properties":{"OBJECTID":357,"Id":357,"gridcode":57,"Shape_Length":0.033333333199948356,"Shape_Area":0.00006944444388867371}},{"type":"Feature","id":358,"geometry":{"type":"Polygon","coordinates":[[[-82.66791634522775,9.474583501025847],[-82.66791634522775,9.482916834325863],[-82.67624967852777,9.482916834325863],[-82.67624967852777,9.474583501025847],[-82.66791634522775,9.474583501025847]]]},"properties":{"OBJECTID":358,"Id":358,"gridcode":54,"Shape_Length":0.03333333320006204,"Shape_Area":0.0000694444438891474}},{"type":"Feature","id":359,"geometry":{"type":"Polygon","coordinates":[[[-82.65958301192762,9.474583501025847],[-82.65958301192762,9.482916834325863],[-82.66791634522775,9.482916834325863],[-82.66791634522775,9.474583501025847],[-82.65958301192762,9.474583501025847]]]},"properties":{"OBJECTID":359,"Id":359,"gridcode":50,"Shape_Length":0.03333333320017573,"Shape_Area":0.0000694444438896211}},{"type":"Feature","id":360,"geometry":{"type":"Polygon","coordinates":[[[-82.6429163453277,9.474583501025847],[-82.6429163453277,9.482916834325863],[-82.65124967862778,9.482916834325863],[-82.65124967862778,9.474583501025847],[-82.6429163453277,9.474583501025847]]]},"properties":{"OBJECTID":360,"Id":360,"gridcode":50,"Shape_Length":0.03333333320017573,"Shape_Area":0.0000694444438896211}},{"type":"Feature","id":361,"geometry":{"type":"Polygon","coordinates":[[[-82.63458301202769,9.474583501025847],[-82.63458301202769,9.482916834325863],[-82.6429163453277,9.482916834325863],[-82.6429163453277,9.474583501025847],[-82.63458301202769,9.474583501025847]]]},"properties":{"OBJECTID":361,"Id":361,"gridcode":52,"Shape_Length":0.03333333320006204,"Shape_Area":0.0000694444438891474}},{"type":"Feature","id":362,"geometry":{"type":"Polygon","coordinates":[[[-82.62624967872773,9.474583501025847],[-82.62624967872773,9.482916834325863],[-82.63458301202769,9.482916834325863],[-82.63458301202769,9.474583501025847],[-82.62624967872773,9.474583501025847]]]},"properties":{"OBJECTID":362,"Id":362,"gridcode":57,"Shape_Length":0.033333333199948356,"Shape_Area":0.00006944444388867371}},{"type":"Feature","id":363,"geometry":{"type":"Polygon","coordinates":[[[-82.61791634542777,9.474583501025847],[-82.61791634542777,9.482916834325863],[-82.62624967872773,9.482916834325863],[-82.62624967872773,9.474583501025847],[-82.61791634542777,9.474583501025847]]]},"properties":{"OBJECTID":363,"Id":363,"gridcode":64,"Shape_Length":0.033333333199948356,"Shape_Area":0.00006944444388867371}},{"type":"Feature","id":364,"geometry":{"type":"Polygon","coordinates":[[[-82.60958301212776,9.474583501025847],[-82.60958301212776,9.482916834325863],[-82.61791634542777,9.482916834325863],[-82.61791634542777,9.474583501025847],[-82.60958301212776,9.474583501025847]]]},"properties":{"OBJECTID":364,"Id":364,"gridcode":84,"Shape_Length":0.03333333320006204,"Shape_Area":0.0000694444438891474}},{"type":"Feature","id":365,"geometry":{"type":"Polygon","coordinates":[[[-82.60124967882763,9.474583501025847],[-82.60124967882763,9.482916834325863],[-82.60958301212776,9.482916834325863],[-82.60958301212776,9.474583501025847],[-82.60124967882763,9.474583501025847]]]},"properties":{"OBJECTID":365,"Id":365,"gridcode":106,"Shape_Length":0.03333333320017573,"Shape_Area":0.0000694444438896211}},{"type":"Feature","id":366,"geometry":{"type":"Polygon","coordinates":[[[-82.59291634552778,9.474583501025847],[-82.59291634552778,9.482916834325863],[-82.60124967882763,9.482916834325863],[-82.60124967882763,9.474583501025847],[-82.59291634552778,9.474583501025847]]]},"properties":{"OBJECTID":366,"Id":366,"gridcode":74,"Shape_Length":0.03333333319983467,"Shape_Area":0.00006944444388820001}},{"type":"Feature","id":367,"geometry":{"type":"Polygon","coordinates":[[[-82.58458301222771,9.474583501025847],[-82.58458301222771,9.482916834325863],[-82.59291634552778,9.482916834325863],[-82.59291634552778,9.474583501025847],[-82.58458301222771,9.474583501025847]]]},"properties":{"OBJECTID":367,"Id":367,"gridcode":61,"Shape_Length":0.03333333320017573,"Shape_Area":0.0000694444438896211}},{"type":"Feature","id":368,"geometry":{"type":"Polygon","coordinates":[[[-82.55124967902776,9.474583501025847],[-82.55124967902776,9.482916834325863],[-82.55958301232772,9.482916834325863],[-82.55958301232772,9.474583501025847],[-82.55124967902776,9.474583501025847]]]},"properties":{"OBJECTID":368,"Id":368,"gridcode":63,"Shape_Length":0.033333333199948356,"Shape_Area":0.00006944444388867371}},{"type":"Feature","id":369,"geometry":{"type":"Polygon","coordinates":[[[-82.54291634572775,9.474583501025847],[-82.54291634572775,9.482916834325863],[-82.55124967902776,9.482916834325863],[-82.55124967902776,9.474583501025847],[-82.54291634572775,9.474583501025847]]]},"properties":{"OBJECTID":369,"Id":369,"gridcode":66,"Shape_Length":0.03333333320006204,"Shape_Area":0.0000694444438891474}},{"type":"Feature","id":370,"geometry":{"type":"Polygon","coordinates":[[[-82.55958301232772,9.482916834325863],[-82.54291634572775,9.482916834325863],[-82.54291634572775,9.491250167625935],[-82.55958301232772,9.491250167625935],[-82.55958301232772,9.482916834325863]]]},"properties":{"OBJECTID":370,"Id":370,"gridcode":47,"Shape_Length":0.049999999800093065,"Shape_Area":0.0001388888877787685}},{"type":"Feature","id":371,"geometry":{"type":"Polygon","coordinates":[[[-82.53458301242779,9.474583501025847],[-82.53458301242779,9.482916834325863],[-82.54291634572775,9.482916834325863],[-82.54291634572775,9.474583501025847],[-82.53458301242779,9.474583501025847]]]},"properties":{"OBJECTID":371,"Id":371,"gridcode":78,"Shape_Length":0.033333333199948356,"Shape_Area":0.00006944444388867371}},{"type":"Feature","id":372,"geometry":{"type":"Polygon","coordinates":[[[-82.52624967912772,9.474583501025847],[-82.52624967912772,9.482916834325863],[-82.53458301242779,9.482916834325863],[-82.53458301242779,9.474583501025847],[-82.52624967912772,9.474583501025847]]]},"properties":{"OBJECTID":372,"Id":372,"gridcode":97,"Shape_Length":0.03333333320017573,"Shape_Area":0.0000694444438896211}},{"type":"Feature","id":373,"geometry":{"type":"Polygon","coordinates":[[[-82.5179163458277,9.474583501025847],[-82.5179163458277,9.482916834325863],[-82.52624967912772,9.482916834325863],[-82.52624967912772,9.474583501025847],[-82.5179163458277,9.474583501025847]]]},"properties":{"OBJECTID":373,"Id":373,"gridcode":330,"Shape_Length":0.03333333320006204,"Shape_Area":0.0000694444438891474}},{"type":"Feature","id":374,"geometry":{"type":"Polygon","coordinates":[[[-82.50958301252774,9.474583501025847],[-82.50958301252774,9.482916834325863],[-82.5179163458277,9.482916834325863],[-82.5179163458277,9.474583501025847],[-82.50958301252774,9.474583501025847]]]},"properties":{"OBJECTID":374,"Id":374,"gridcode":1508,"Shape_Length":0.033333333199948356,"Shape_Area":0.00006944444388867371}},{"type":"Feature","id":375,"geometry":{"type":"Polygon","coordinates":[[[-82.50124967922773,9.474583501025847],[-82.50124967922773,9.482916834325863],[-82.50958301252774,9.482916834325863],[-82.50958301252774,9.474583501025847],[-82.50124967922773,9.474583501025847]]]},"properties":{"OBJECTID":375,"Id":375,"gridcode":834,"Shape_Length":0.03333333320006204,"Shape_Area":0.0000694444438891474}},{"type":"Feature","id":376,"geometry":{"type":"Polygon","coordinates":[[[-82.49291634592777,9.474583501025847],[-82.49291634592777,9.482916834325863],[-82.50124967922773,9.482916834325863],[-82.50124967922773,9.474583501025847],[-82.49291634592777,9.474583501025847]]]},"properties":{"OBJECTID":376,"Id":376,"gridcode":220,"Shape_Length":0.033333333199948356,"Shape_Area":0.00006944444388867371}},{"type":"Feature","id":377,"geometry":{"type":"Polygon","coordinates":[[[-82.48458301262775,9.474583501025847],[-82.48458301262775,9.482916834325863],[-82.49291634592777,9.482916834325863],[-82.49291634592777,9.474583501025847],[-82.48458301262775,9.474583501025847]]]},"properties":{"OBJECTID":377,"Id":377,"gridcode":107,"Shape_Length":0.03333333320006204,"Shape_Area":0.0000694444438891474}},{"type":"Feature","id":378,"geometry":{"type":"Polygon","coordinates":[[[-82.47624967932768,9.474583501025847],[-82.47624967932768,9.482916834325863],[-82.48458301262775,9.482916834325863],[-82.48458301262775,9.474583501025847],[-82.47624967932768,9.474583501025847]]]},"properties":{"OBJECTID":378,"Id":378,"gridcode":116,"Shape_Length":0.03333333320017573,"Shape_Area":0.0000694444438896211}},{"type":"Feature","id":379,"geometry":{"type":"Polygon","coordinates":[[[-82.46791634602766,9.474583501025847],[-82.46791634602766,9.482916834325863],[-82.47624967932768,9.482916834325863],[-82.47624967932768,9.474583501025847],[-82.46791634602766,9.474583501025847]]]},"properties":{"OBJECTID":379,"Id":379,"gridcode":57,"Shape_Length":0.033333333199948356,"Shape_Area":0.00006944444388867371}},{"type":"Feature","id":380,"geometry":{"type":"Polygon","coordinates":[[[-82.46791634602766,9.482916834325863],[-82.45124967942775,9.482916834325863],[-82.45124967942775,9.491250167625935],[-82.46791634602766,9.491250167625935],[-82.46791634602766,9.482916834325863]]]},"properties":{"OBJECTID":380,"Id":380,"gridcode":46,"Shape_Length":0.049999999800093065,"Shape_Area":0.0001388888877787685}},{"type":"Feature","id":381,"geometry":{"type":"Polygon","coordinates":[[[-82.44291634612773,9.474583501025847],[-82.44291634612773,9.482916834325863],[-82.45124967942775,9.482916834325863],[-82.45124967942775,9.474583501025847],[-82.44291634612773,9.474583501025847]]]},"properties":{"OBJECTID":381,"Id":381,"gridcode":44,"Shape_Length":0.03333333320006204,"Shape_Area":0.0000694444438891474}},{"type":"Feature","id":382,"geometry":{"type":"Polygon","coordinates":[[[-82.91791634422776,9.466250167726002],[-82.91791634422776,9.474583501025847],[-82.92624967752772,9.474583501025847],[-82.92624967752772,9.466250167726002],[-82.91791634422776,9.466250167726002]]]},"properties":{"OBJECTID":382,"Id":382,"gridcode":27,"Shape_Length":0.033333333199607296,"Shape_Area":0.00006944444388725262}},{"type":"Feature","id":383,"geometry":{"type":"Polygon","coordinates":[[[-82.90958301092775,9.466250167726002],[-82.90958301092775,9.474583501025847],[-82.91791634422776,9.474583501025847],[-82.91791634422776,9.466250167726002],[-82.90958301092775,9.466250167726002]]]},"properties":{"OBJECTID":383,"Id":383,"gridcode":26,"Shape_Length":0.03333333319972098,"Shape_Area":0.00006944444388772632}},{"type":"Feature","id":384,"geometry":{"type":"Polygon","coordinates":[[[-82.90124967762779,9.466250167726002],[-82.90124967762779,9.474583501025847],[-82.90958301092775,9.474583501025847],[-82.90958301092775,9.466250167726002],[-82.90124967762779,9.466250167726002]]]},"properties":{"OBJECTID":384,"Id":384,"gridcode":25,"Shape_Length":0.033333333199607296,"Shape_Area":0.00006944444388725262}},{"type":"Feature","id":385,"geometry":{"type":"Polygon","coordinates":[[[-82.89291634432777,9.466250167726002],[-82.89291634432777,9.474583501025847],[-82.90124967762779,9.474583501025847],[-82.90124967762779,9.466250167726002],[-82.89291634432777,9.466250167726002]]]},"properties":{"OBJECTID":385,"Id":385,"gridcode":21,"Shape_Length":0.03333333319972098,"Shape_Area":0.00006944444388772632}},{"type":"Feature","id":386,"geometry":{"type":"Polygon","coordinates":[[[-82.8845830110277,9.466250167726002],[-82.8845830110277,9.474583501025847],[-82.89291634432777,9.474583501025847],[-82.89291634432777,9.466250167726002],[-82.8845830110277,9.466250167726002]]]},"properties":{"OBJECTID":386,"Id":386,"gridcode":19,"Shape_Length":0.03333333319983467,"Shape_Area":0.00006944444388820001}},{"type":"Feature","id":387,"geometry":{"type":"Polygon","coordinates":[[[-82.85958301112777,9.474583501025847],[-82.84291634452774,9.474583501025847],[-82.84291634452774,9.491250167625935],[-82.85958301112777,9.491250167625935],[-82.85958301112777,9.474583501025847]]]},"properties":{"OBJECTID":387,"Id":387,"gridcode":19,"Shape_Length":0.06666666640023777,"Shape_Area":0.000277777775557537}},{"type":"Feature","id":388,"geometry":{"type":"Polygon","coordinates":[[[-82.84291634452774,9.474583501025847],[-82.81791634462769,9.474583501025847],[-82.81791634462769,9.482916834325863],[-82.84291634452774,9.482916834325863],[-82.84291634452774,9.474583501025847]]]},"properties":{"OBJECTID":388,"Id":388,"gridcode":18,"Shape_Length":0.06666666640012409,"Shape_Area":0.0002083333316674422}},{"type":"Feature","id":389,"geometry":{"type":"Polygon","coordinates":[[[-82.80124967802772,9.466250167726002],[-82.80124967802772,9.474583501025847],[-82.80958301132773,9.474583501025847],[-82.80958301132773,9.466250167726002],[-82.80124967802772,9.466250167726002]]]},"properties":{"OBJECTID":389,"Id":389,"gridcode":18,"Shape_Length":0.03333333319972098,"Shape_Area":0.00006944444388772632}},{"type":"Feature","id":390,"geometry":{"type":"Polygon","coordinates":[[[-82.79291634472776,9.466250167726002],[-82.79291634472776,9.474583501025847],[-82.80124967802772,9.474583501025847],[-82.80124967802772,9.466250167726002],[-82.79291634472776,9.466250167726002]]]},"properties":{"OBJECTID":390,"Id":390,"gridcode":17,"Shape_Length":0.033333333199607296,"Shape_Area":0.00006944444388725262}},{"type":"Feature","id":391,"geometry":{"type":"Polygon","coordinates":[[[-82.81791634462769,9.474583501025847],[-82.79291634472776,9.474583501025847],[-82.79291634472776,9.482916834325863],[-82.80124967802772,9.482916834325863],[-82.80124967802772,9.491250167625935],[-82.80958301132773,9.491250167625935],[-82.80958301132773,9.482916834325863],[-82.81791634462769,9.482916834325863],[-82.81791634462769,9.474583501025847]]]},"properties":{"OBJECTID":391,"Id":391,"gridcode":19,"Shape_Length":0.08333333300004142,"Shape_Area":0.00027777777555611596}},{"type":"Feature","id":392,"geometry":{"type":"Polygon","coordinates":[[[-82.78458301142774,9.491250167625935],[-82.78458301142774,9.474583501025847],[-82.77624967812778,9.474583501025847],[-82.77624967812778,9.491250167625935],[-82.78458301142774,9.491250167625935]]]},"properties":{"OBJECTID":392,"Id":392,"gridcode":22,"Shape_Length":0.049999999800093065,"Shape_Area":0.0001388888877778211}},{"type":"Feature","id":393,"geometry":{"type":"Polygon","coordinates":[[[-82.77624967812778,9.474583501025847],[-82.7595830115277,9.474583501025847],[-82.7595830115277,9.482916834325863],[-82.76791634482765,9.482916834325863],[-82.76791634482765,9.491250167625935],[-82.77624967812778,9.491250167625935],[-82.77624967812778,9.474583501025847]]]},"properties":{"OBJECTID":393,"Id":393,"gridcode":20,"Shape_Length":0.06666666640035146,"Shape_Area":0.00020833333166886327}},{"type":"Feature","id":394,"geometry":{"type":"Polygon","coordinates":[[[-82.75124967822774,9.466250167726002],[-82.75124967822774,9.474583501025847],[-82.7595830115277,9.474583501025847],[-82.7595830115277,9.466250167726002],[-82.75124967822774,9.466250167726002]]]},"properties":{"OBJECTID":394,"Id":394,"gridcode":18,"Shape_Length":0.033333333199607296,"Shape_Area":0.00006944444388725262}},{"type":"Feature","id":395,"geometry":{"type":"Polygon","coordinates":[[[-82.74291634492772,9.466250167726002],[-82.74291634492772,9.474583501025847],[-82.75124967822774,9.474583501025847],[-82.75124967822774,9.466250167726002],[-82.74291634492772,9.466250167726002]]]},"properties":{"OBJECTID":395,"Id":395,"gridcode":13,"Shape_Length":0.03333333319972098,"Shape_Area":0.00006944444388772632}},{"type":"Feature","id":396,"geometry":{"type":"Polygon","coordinates":[[[-82.73458301162776,9.466250167726002],[-82.73458301162776,9.474583501025847],[-82.74291634492772,9.474583501025847],[-82.74291634492772,9.466250167726002],[-82.73458301162776,9.466250167726002]]]},"properties":{"OBJECTID":396,"Id":396,"gridcode":6,"Shape_Length":0.033333333199607296,"Shape_Area":0.00006944444388725262}},{"type":"Feature","id":397,"geometry":{"type":"Polygon","coordinates":[[[-82.72624967832775,9.466250167726002],[-82.72624967832775,9.474583501025847],[-82.73458301162776,9.474583501025847],[-82.73458301162776,9.466250167726002],[-82.72624967832775,9.466250167726002]]]},"properties":{"OBJECTID":397,"Id":397,"gridcode":7,"Shape_Length":0.03333333319972098,"Shape_Area":0.00006944444388772632}},{"type":"Feature","id":398,"geometry":{"type":"Polygon","coordinates":[[[-82.71791634502779,9.466250167726002],[-82.71791634502779,9.474583501025847],[-82.72624967832775,9.474583501025847],[-82.72624967832775,9.466250167726002],[-82.71791634502779,9.466250167726002]]]},"properties":{"OBJECTID":398,"Id":398,"gridcode":10,"Shape_Length":0.033333333199607296,"Shape_Area":0.00006944444388725262}},{"type":"Feature","id":399,"geometry":{"type":"Polygon","coordinates":[[[-82.72624967832775,9.491250167625935],[-82.72624967832775,9.474583501025847],[-82.71791634502779,9.474583501025847],[-82.71791634502779,9.491250167625935],[-82.72624967832775,9.491250167625935]]]},"properties":{"OBJECTID":399,"Id":399,"gridcode":28,"Shape_Length":0.049999999800093065,"Shape_Area":0.0001388888877778211}},{"type":"Feature","id":400,"geometry":{"type":"Polygon","coordinates":[[[-82.70958301172777,9.466250167726002],[-82.70958301172777,9.474583501025847],[-82.71791634502779,9.474583501025847],[-82.71791634502779,9.466250167726002],[-82.70958301172777,9.466250167726002]]]},"properties":{"OBJECTID":400,"Id":400,"gridcode":24,"Shape_Length":0.03333333319972098,"Shape_Area":0.00006944444388772632}},{"type":"Feature","id":401,"geometry":{"type":"Polygon","coordinates":[[[-82.7012496784277,9.466250167726002],[-82.7012496784277,9.474583501025847],[-82.70958301172777,9.474583501025847],[-82.70958301172777,9.466250167726002],[-82.7012496784277,9.466250167726002]]]},"properties":{"OBJECTID":401,"Id":401,"gridcode":35,"Shape_Length":0.03333333319983467,"Shape_Area":0.00006944444388820001}},{"type":"Feature","id":402,"geometry":{"type":"Polygon","coordinates":[[[-82.69291634512774,9.466250167726002],[-82.69291634512774,9.474583501025847],[-82.7012496784277,9.474583501025847],[-82.7012496784277,9.466250167726002],[-82.69291634512774,9.466250167726002]]]},"properties":{"OBJECTID":402,"Id":402,"gridcode":48,"Shape_Length":0.033333333199607296,"Shape_Area":0.00006944444388725262}},{"type":"Feature","id":403,"geometry":{"type":"Polygon","coordinates":[[[-82.68458301182773,9.466250167726002],[-82.68458301182773,9.474583501025847],[-82.69291634512774,9.474583501025847],[-82.69291634512774,9.466250167726002],[-82.68458301182773,9.466250167726002]]]},"properties":{"OBJECTID":403,"Id":403,"gridcode":55,"Shape_Length":0.03333333319972098,"Shape_Area":0.00006944444388772632}},{"type":"Feature","id":404,"geometry":{"type":"Polygon","coordinates":[[[-82.67624967852777,9.466250167726002],[-82.67624967852777,9.474583501025847],[-82.68458301182773,9.474583501025847],[-82.68458301182773,9.466250167726002],[-82.67624967852777,9.466250167726002]]]},"properties":{"OBJECTID":404,"Id":404,"gridcode":58,"Shape_Length":0.033333333199607296,"Shape_Area":0.00006944444388725262}},{"type":"Feature","id":405,"geometry":{"type":"Polygon","coordinates":[[[-82.66791634522775,9.466250167726002],[-82.66791634522775,9.474583501025847],[-82.67624967852777,9.474583501025847],[-82.67624967852777,9.466250167726002],[-82.66791634522775,9.466250167726002]]]},"properties":{"OBJECTID":405,"Id":405,"gridcode":55,"Shape_Length":0.03333333319972098,"Shape_Area":0.00006944444388772632}},{"type":"Feature","id":406,"geometry":{"type":"Polygon","coordinates":[[[-82.65958301192762,9.49958350092595],[-82.65958301192762,9.474583501025847],[-82.65124967862778,9.474583501025847],[-82.65124967862778,9.49958350092595],[-82.65958301192762,9.49958350092595]]]},"properties":{"OBJECTID":406,"Id":406,"gridcode":47,"Shape_Length":0.0666666664000104,"Shape_Area":0.00020833333166507374}},{"type":"Feature","id":407,"geometry":{"type":"Polygon","coordinates":[[[-82.63458301202769,9.466250167726002],[-82.63458301202769,9.474583501025847],[-82.6429163453277,9.474583501025847],[-82.6429163453277,9.466250167726002],[-82.63458301202769,9.466250167726002]]]},"properties":{"OBJECTID":407,"Id":407,"gridcode":51,"Shape_Length":0.03333333319972098,"Shape_Area":0.00006944444388772632}},{"type":"Feature","id":408,"geometry":{"type":"Polygon","coordinates":[[[-82.60958301212776,9.466250167726002],[-82.60958301212776,9.474583501025847],[-82.61791634542777,9.474583501025847],[-82.61791634542777,9.466250167726002],[-82.60958301212776,9.466250167726002]]]},"properties":{"OBJECTID":408,"Id":408,"gridcode":55,"Shape_Length":0.03333333319972098,"Shape_Area":0.00006944444388772632}},{"type":"Feature","id":409,"geometry":{"type":"Polygon","coordinates":[[[-82.60124967882763,9.466250167726002],[-82.60124967882763,9.474583501025847],[-82.60958301212776,9.474583501025847],[-82.60958301212776,9.466250167726002],[-82.60124967882763,9.466250167726002]]]},"properties":{"OBJECTID":409,"Id":409,"gridcode":54,"Shape_Length":0.03333333319983467,"Shape_Area":0.00006944444388820001}},{"type":"Feature","id":410,"geometry":{"type":"Polygon","coordinates":[[[-82.59291634552778,9.466250167726002],[-82.59291634552778,9.474583501025847],[-82.60124967882763,9.474583501025847],[-82.60124967882763,9.466250167726002],[-82.59291634552778,9.466250167726002]]]},"properties":{"OBJECTID":410,"Id":410,"gridcode":52,"Shape_Length":0.03333333319949361,"Shape_Area":0.00006944444388677893}},{"type":"Feature","id":411,"geometry":{"type":"Polygon","coordinates":[[[-82.58458301222771,9.466250167726002],[-82.58458301222771,9.474583501025847],[-82.59291634552778,9.474583501025847],[-82.59291634552778,9.466250167726002],[-82.58458301222771,9.466250167726002]]]},"properties":{"OBJECTID":411,"Id":411,"gridcode":54,"Shape_Length":0.03333333319983467,"Shape_Area":0.00006944444388820001}},{"type":"Feature","id":412,"geometry":{"type":"Polygon","coordinates":[[[-82.5762496789277,9.466250167726002],[-82.5762496789277,9.474583501025847],[-82.58458301222771,9.474583501025847],[-82.58458301222771,9.466250167726002],[-82.5762496789277,9.466250167726002]]]},"properties":{"OBJECTID":412,"Id":412,"gridcode":58,"Shape_Length":0.03333333319972098,"Shape_Area":0.00006944444388772632}},{"type":"Feature","id":413,"geometry":{"type":"Polygon","coordinates":[[[-82.56791634562774,9.466250167726002],[-82.56791634562774,9.474583501025847],[-82.5762496789277,9.474583501025847],[-82.5762496789277,9.466250167726002],[-82.56791634562774,9.466250167726002]]]},"properties":{"OBJECTID":413,"Id":413,"gridcode":64,"Shape_Length":0.033333333199607296,"Shape_Area":0.00006944444388725262}},{"type":"Feature","id":414,"geometry":{"type":"Polygon","coordinates":[[[-82.55958301232772,9.466250167726002],[-82.55958301232772,9.474583501025847],[-82.56791634562774,9.474583501025847],[-82.56791634562774,9.466250167726002],[-82.55958301232772,9.466250167726002]]]},"properties":{"OBJECTID":414,"Id":414,"gridcode":94,"Shape_Length":0.03333333319972098,"Shape_Area":0.00006944444388772632}},{"type":"Feature","id":415,"geometry":{"type":"Polygon","coordinates":[[[-82.58458301222771,9.474583501025847],[-82.55958301232772,9.474583501025847],[-82.55958301232772,9.482916834325863],[-82.58458301222771,9.482916834325863],[-82.58458301222771,9.474583501025847]]]},"properties":{"OBJECTID":415,"Id":415,"gridcode":65,"Shape_Length":0.0666666664000104,"Shape_Area":0.00020833333166696852}},{"type":"Feature","id":416,"geometry":{"type":"Polygon","coordinates":[[[-82.55124967902776,9.466250167726002],[-82.55124967902776,9.474583501025847],[-82.55958301232772,9.474583501025847],[-82.55958301232772,9.466250167726002],[-82.55124967902776,9.466250167726002]]]},"properties":{"OBJECTID":416,"Id":416,"gridcode":136,"Shape_Length":0.033333333199607296,"Shape_Area":0.00006944444388725262}},{"type":"Feature","id":417,"geometry":{"type":"Polygon","coordinates":[[[-82.54291634572775,9.466250167726002],[-82.54291634572775,9.474583501025847],[-82.55124967902776,9.474583501025847],[-82.55124967902776,9.466250167726002],[-82.54291634572775,9.466250167726002]]]},"properties":{"OBJECTID":417,"Id":417,"gridcode":162,"Shape_Length":0.03333333319972098,"Shape_Area":0.00006944444388772632}},{"type":"Feature","id":418,"geometry":{"type":"Polygon","coordinates":[[[-82.53458301242779,9.466250167726002],[-82.53458301242779,9.474583501025847],[-82.54291634572775,9.474583501025847],[-82.54291634572775,9.466250167726002],[-82.53458301242779,9.466250167726002]]]},"properties":{"OBJECTID":418,"Id":418,"gridcode":226,"Shape_Length":0.033333333199607296,"Shape_Area":0.00006944444388725262}},{"type":"Feature","id":419,"geometry":{"type":"Polygon","coordinates":[[[-82.52624967912772,9.466250167726002],[-82.52624967912772,9.474583501025847],[-82.53458301242779,9.474583501025847],[-82.53458301242779,9.466250167726002],[-82.52624967912772,9.466250167726002]]]},"properties":{"OBJECTID":419,"Id":419,"gridcode":249,"Shape_Length":0.03333333319983467,"Shape_Area":0.00006944444388820001}},{"type":"Feature","id":420,"geometry":{"type":"Polygon","coordinates":[[[-82.5179163458277,9.466250167726002],[-82.5179163458277,9.474583501025847],[-82.52624967912772,9.474583501025847],[-82.52624967912772,9.466250167726002],[-82.5179163458277,9.466250167726002]]]},"properties":{"OBJECTID":420,"Id":420,"gridcode":1577,"Shape_Length":0.03333333319972098,"Shape_Area":0.00006944444388772632}},{"type":"Feature","id":421,"geometry":{"type":"Polygon","coordinates":[[[-82.50958301252774,9.466250167726002],[-82.50958301252774,9.474583501025847],[-82.5179163458277,9.474583501025847],[-82.5179163458277,9.466250167726002],[-82.50958301252774,9.466250167726002]]]},"properties":{"OBJECTID":421,"Id":421,"gridcode":3824,"Shape_Length":0.033333333199607296,"Shape_Area":0.00006944444388725262}},{"type":"Feature","id":422,"geometry":{"type":"Polygon","coordinates":[[[-82.50124967922773,9.466250167726002],[-82.50124967922773,9.474583501025847],[-82.50958301252774,9.474583501025847],[-82.50958301252774,9.466250167726002],[-82.50124967922773,9.466250167726002]]]},"properties":{"OBJECTID":422,"Id":422,"gridcode":704,"Shape_Length":0.03333333319972098,"Shape_Area":0.00006944444388772632}},{"type":"Feature","id":423,"geometry":{"type":"Polygon","coordinates":[[[-82.49291634592777,9.466250167726002],[-82.49291634592777,9.474583501025847],[-82.50124967922773,9.474583501025847],[-82.50124967922773,9.466250167726002],[-82.49291634592777,9.466250167726002]]]},"properties":{"OBJECTID":423,"Id":423,"gridcode":245,"Shape_Length":0.033333333199607296,"Shape_Area":0.00006944444388725262}},{"type":"Feature","id":424,"geometry":{"type":"Polygon","coordinates":[[[-82.48458301262775,9.466250167726002],[-82.48458301262775,9.474583501025847],[-82.49291634592777,9.474583501025847],[-82.49291634592777,9.466250167726002],[-82.48458301262775,9.466250167726002]]]},"properties":{"OBJECTID":424,"Id":424,"gridcode":144,"Shape_Length":0.03333333319972098,"Shape_Area":0.00006944444388772632}},{"type":"Feature","id":425,"geometry":{"type":"Polygon","coordinates":[[[-82.47624967932768,9.466250167726002],[-82.47624967932768,9.474583501025847],[-82.48458301262775,9.474583501025847],[-82.48458301262775,9.466250167726002],[-82.47624967932768,9.466250167726002]]]},"properties":{"OBJECTID":425,"Id":425,"gridcode":155,"Shape_Length":0.03333333319983467,"Shape_Area":0.00006944444388820001}},{"type":"Feature","id":426,"geometry":{"type":"Polygon","coordinates":[[[-82.46791634602766,9.466250167726002],[-82.46791634602766,9.474583501025847],[-82.47624967932768,9.474583501025847],[-82.47624967932768,9.466250167726002],[-82.46791634602766,9.466250167726002]]]},"properties":{"OBJECTID":426,"Id":426,"gridcode":62,"Shape_Length":0.033333333199607296,"Shape_Area":0.00006944444388725262}},{"type":"Feature","id":427,"geometry":{"type":"Polygon","coordinates":[[[-82.45124967942775,9.466250167726002],[-82.45124967942775,9.474583501025847],[-82.4595830127277,9.474583501025847],[-82.4595830127277,9.466250167726002],[-82.45124967942775,9.466250167726002]]]},"properties":{"OBJECTID":427,"Id":427,"gridcode":45,"Shape_Length":0.033333333199607296,"Shape_Area":0.00006944444388725262}},{"type":"Feature","id":428,"geometry":{"type":"Polygon","coordinates":[[[-82.44291634612773,9.466250167726002],[-82.44291634612773,9.474583501025847],[-82.45124967942775,9.474583501025847],[-82.45124967942775,9.466250167726002],[-82.44291634612773,9.466250167726002]]]},"properties":{"OBJECTID":428,"Id":428,"gridcode":41,"Shape_Length":0.03333333319972098,"Shape_Area":0.00006944444388772632}},{"type":"Feature","id":429,"geometry":{"type":"Polygon","coordinates":[[[-82.43458301282777,9.466250167726002],[-82.43458301282777,9.474583501025847],[-82.44291634612773,9.474583501025847],[-82.44291634612773,9.466250167726002],[-82.43458301282777,9.466250167726002]]]},"properties":{"OBJECTID":429,"Id":429,"gridcode":42,"Shape_Length":0.033333333199607296,"Shape_Area":0.00006944444388725262}},{"type":"Feature","id":430,"geometry":{"type":"Polygon","coordinates":[[[-82.90958301092775,9.45791683442593],[-82.90958301092775,9.466250167726002],[-82.91791634422776,9.466250167726002],[-82.91791634422776,9.45791683442593],[-82.90958301092775,9.45791683442593]]]},"properties":{"OBJECTID":430,"Id":430,"gridcode":25,"Shape_Length":0.03333333320017573,"Shape_Area":0.0000694444438896211}},{"type":"Feature","id":431,"geometry":{"type":"Polygon","coordinates":[[[-82.90124967762779,9.45791683442593],[-82.90124967762779,9.466250167726002],[-82.90958301092775,9.466250167726002],[-82.90958301092775,9.45791683442593],[-82.90124967762779,9.45791683442593]]]},"properties":{"OBJECTID":431,"Id":431,"gridcode":22,"Shape_Length":0.03333333320006204,"Shape_Area":0.0000694444438891474}},{"type":"Feature","id":432,"geometry":{"type":"Polygon","coordinates":[[[-82.89291634432777,9.45791683442593],[-82.89291634432777,9.466250167726002],[-82.90124967762779,9.466250167726002],[-82.90124967762779,9.45791683442593],[-82.89291634432777,9.45791683442593]]]},"properties":{"OBJECTID":432,"Id":432,"gridcode":19,"Shape_Length":0.03333333320017573,"Shape_Area":0.0000694444438896211}},{"type":"Feature","id":433,"geometry":{"type":"Polygon","coordinates":[[[-82.83458301122778,9.45791683442593],[-82.83458301122778,9.466250167726002],[-82.84291634452774,9.466250167726002],[-82.84291634452774,9.45791683442593],[-82.83458301122778,9.45791683442593]]]},"properties":{"OBJECTID":433,"Id":433,"gridcode":15,"Shape_Length":0.03333333320006204,"Shape_Area":0.0000694444438891474}},{"type":"Feature","id":434,"geometry":{"type":"Polygon","coordinates":[[[-82.78458301142774,9.45791683442593],[-82.78458301142774,9.466250167726002],[-82.79291634472776,9.466250167726002],[-82.79291634472776,9.45791683442593],[-82.78458301142774,9.45791683442593]]]},"properties":{"OBJECTID":434,"Id":434,"gridcode":17,"Shape_Length":0.03333333320017573,"Shape_Area":0.0000694444438896211}},{"type":"Feature","id":435,"geometry":{"type":"Polygon","coordinates":[[[-82.7595830115277,9.45791683442593],[-82.7595830115277,9.466250167726002],[-82.76791634482765,9.466250167726002],[-82.76791634482765,9.45791683442593],[-82.7595830115277,9.45791683442593]]]},"properties":{"OBJECTID":435,"Id":435,"gridcode":18,"Shape_Length":0.03333333320017573,"Shape_Area":0.0000694444438896211}},{"type":"Feature","id":436,"geometry":{"type":"Polygon","coordinates":[[[-82.77624967812778,9.466250167726002],[-82.7595830115277,9.466250167726002],[-82.7595830115277,9.474583501025847],[-82.77624967812778,9.474583501025847],[-82.77624967812778,9.466250167726002]]]},"properties":{"OBJECTID":436,"Id":436,"gridcode":19,"Shape_Length":0.04999999979986569,"Shape_Area":0.00013888888777592633}},{"type":"Feature","id":437,"geometry":{"type":"Polygon","coordinates":[[[-82.75124967822774,9.45791683442593],[-82.75124967822774,9.466250167726002],[-82.7595830115277,9.466250167726002],[-82.7595830115277,9.45791683442593],[-82.75124967822774,9.45791683442593]]]},"properties":{"OBJECTID":437,"Id":437,"gridcode":17,"Shape_Length":0.03333333320006204,"Shape_Area":0.0000694444438891474}},{"type":"Feature","id":438,"geometry":{"type":"Polygon","coordinates":[[[-82.74291634492772,9.45791683442593],[-82.74291634492772,9.466250167726002],[-82.75124967822774,9.466250167726002],[-82.75124967822774,9.45791683442593],[-82.74291634492772,9.45791683442593]]]},"properties":{"OBJECTID":438,"Id":438,"gridcode":12,"Shape_Length":0.03333333320017573,"Shape_Area":0.0000694444438896211}},{"type":"Feature","id":439,"geometry":{"type":"Polygon","coordinates":[[[-82.7012496784277,9.45791683442593],[-82.7012496784277,9.466250167726002],[-82.70958301172777,9.466250167726002],[-82.70958301172777,9.45791683442593],[-82.7012496784277,9.45791683442593]]]},"properties":{"OBJECTID":439,"Id":439,"gridcode":23,"Shape_Length":0.03333333320028942,"Shape_Area":0.00006944444389009479}},{"type":"Feature","id":440,"geometry":{"type":"Polygon","coordinates":[[[-82.69291634512774,9.45791683442593],[-82.69291634512774,9.466250167726002],[-82.7012496784277,9.466250167726002],[-82.7012496784277,9.45791683442593],[-82.69291634512774,9.45791683442593]]]},"properties":{"OBJECTID":440,"Id":440,"gridcode":42,"Shape_Length":0.03333333320006204,"Shape_Area":0.0000694444438891474}},{"type":"Feature","id":441,"geometry":{"type":"Polygon","coordinates":[[[-82.68458301182773,9.45791683442593],[-82.68458301182773,9.466250167726002],[-82.69291634512774,9.466250167726002],[-82.69291634512774,9.45791683442593],[-82.68458301182773,9.45791683442593]]]},"properties":{"OBJECTID":441,"Id":441,"gridcode":48,"Shape_Length":0.03333333320017573,"Shape_Area":0.0000694444438896211}},{"type":"Feature","id":442,"geometry":{"type":"Polygon","coordinates":[[[-82.67624967852777,9.45791683442593],[-82.67624967852777,9.466250167726002],[-82.68458301182773,9.466250167726002],[-82.68458301182773,9.45791683442593],[-82.67624967852777,9.45791683442593]]]},"properties":{"OBJECTID":442,"Id":442,"gridcode":56,"Shape_Length":0.03333333320006204,"Shape_Area":0.0000694444438891474}},{"type":"Feature","id":443,"geometry":{"type":"Polygon","coordinates":[[[-82.66791634522775,9.45791683442593],[-82.66791634522775,9.466250167726002],[-82.67624967852777,9.466250167726002],[-82.67624967852777,9.45791683442593],[-82.66791634522775,9.45791683442593]]]},"properties":{"OBJECTID":443,"Id":443,"gridcode":51,"Shape_Length":0.03333333320017573,"Shape_Area":0.0000694444438896211}},{"type":"Feature","id":444,"geometry":{"type":"Polygon","coordinates":[[[-82.65958301192762,9.45791683442593],[-82.65958301192762,9.466250167726002],[-82.66791634522775,9.466250167726002],[-82.66791634522775,9.45791683442593],[-82.65958301192762,9.45791683442593]]]},"properties":{"OBJECTID":444,"Id":444,"gridcode":48,"Shape_Length":0.03333333320028942,"Shape_Area":0.00006944444389009479}},{"type":"Feature","id":445,"geometry":{"type":"Polygon","coordinates":[[[-82.65124967862778,9.45791683442593],[-82.65124967862778,9.466250167726002],[-82.65958301192762,9.466250167726002],[-82.65958301192762,9.45791683442593],[-82.65124967862778,9.45791683442593]]]},"properties":{"OBJECTID":445,"Id":445,"gridcode":46,"Shape_Length":0.033333333199948356,"Shape_Area":0.00006944444388867371}},{"type":"Feature","id":446,"geometry":{"type":"Polygon","coordinates":[[[-82.6429163453277,9.45791683442593],[-82.6429163453277,9.466250167726002],[-82.65124967862778,9.466250167726002],[-82.65124967862778,9.45791683442593],[-82.6429163453277,9.45791683442593]]]},"properties":{"OBJECTID":446,"Id":446,"gridcode":45,"Shape_Length":0.03333333320028942,"Shape_Area":0.00006944444389009479}},{"type":"Feature","id":447,"geometry":{"type":"Polygon","coordinates":[[[-82.66791634522775,9.466250167726002],[-82.6429163453277,9.466250167726002],[-82.6429163453277,9.474583501025847],[-82.66791634522775,9.474583501025847],[-82.66791634522775,9.466250167726002]]]},"properties":{"OBJECTID":447,"Id":447,"gridcode":49,"Shape_Length":0.06666666639978303,"Shape_Area":0.00020833333166317896}},{"type":"Feature","id":448,"geometry":{"type":"Polygon","coordinates":[[[-82.63458301202769,9.45791683442593],[-82.63458301202769,9.466250167726002],[-82.6429163453277,9.466250167726002],[-82.6429163453277,9.45791683442593],[-82.63458301202769,9.45791683442593]]]},"properties":{"OBJECTID":448,"Id":448,"gridcode":47,"Shape_Length":0.03333333320017573,"Shape_Area":0.0000694444438896211}},{"type":"Feature","id":449,"geometry":{"type":"Polygon","coordinates":[[[-82.62624967872773,9.45791683442593],[-82.62624967872773,9.466250167726002],[-82.63458301202769,9.466250167726002],[-82.63458301202769,9.45791683442593],[-82.62624967872773,9.45791683442593]]]},"properties":{"OBJECTID":449,"Id":449,"gridcode":49,"Shape_Length":0.03333333320006204,"Shape_Area":0.0000694444438891474}},{"type":"Feature","id":450,"geometry":{"type":"Polygon","coordinates":[[[-82.60958301212776,9.45791683442593],[-82.60958301212776,9.466250167726002],[-82.61791634542777,9.466250167726002],[-82.61791634542777,9.45791683442593],[-82.60958301212776,9.45791683442593]]]},"properties":{"OBJECTID":450,"Id":450,"gridcode":51,"Shape_Length":0.03333333320017573,"Shape_Area":0.0000694444438896211}},{"type":"Feature","id":451,"geometry":{"type":"Polygon","coordinates":[[[-82.56791634562774,9.45791683442593],[-82.56791634562774,9.466250167726002],[-82.5762496789277,9.466250167726002],[-82.5762496789277,9.45791683442593],[-82.56791634562774,9.45791683442593]]]},"properties":{"OBJECTID":451,"Id":451,"gridcode":50,"Shape_Length":0.03333333320006204,"Shape_Area":0.0000694444438891474}},{"type":"Feature","id":452,"geometry":{"type":"Polygon","coordinates":[[[-82.55958301232772,9.45791683442593],[-82.55958301232772,9.466250167726002],[-82.56791634562774,9.466250167726002],[-82.56791634562774,9.45791683442593],[-82.55958301232772,9.45791683442593]]]},"properties":{"OBJECTID":452,"Id":452,"gridcode":70,"Shape_Length":0.03333333320017573,"Shape_Area":0.0000694444438896211}},{"type":"Feature","id":453,"geometry":{"type":"Polygon","coordinates":[[[-82.55124967902776,9.45791683442593],[-82.55124967902776,9.466250167726002],[-82.55958301232772,9.466250167726002],[-82.55958301232772,9.45791683442593],[-82.55124967902776,9.45791683442593]]]},"properties":{"OBJECTID":453,"Id":453,"gridcode":125,"Shape_Length":0.03333333320006204,"Shape_Area":0.0000694444438891474}},{"type":"Feature","id":454,"geometry":{"type":"Polygon","coordinates":[[[-82.54291634572775,9.45791683442593],[-82.54291634572775,9.466250167726002],[-82.55124967902776,9.466250167726002],[-82.55124967902776,9.45791683442593],[-82.54291634572775,9.45791683442593]]]},"properties":{"OBJECTID":454,"Id":454,"gridcode":152,"Shape_Length":0.03333333320017573,"Shape_Area":0.0000694444438896211}},{"type":"Feature","id":455,"geometry":{"type":"Polygon","coordinates":[[[-82.53458301242779,9.45791683442593],[-82.53458301242779,9.466250167726002],[-82.54291634572775,9.466250167726002],[-82.54291634572775,9.45791683442593],[-82.53458301242779,9.45791683442593]]]},"properties":{"OBJECTID":455,"Id":455,"gridcode":195,"Shape_Length":0.03333333320006204,"Shape_Area":0.0000694444438891474}},{"type":"Feature","id":456,"geometry":{"type":"Polygon","coordinates":[[[-82.52624967912772,9.45791683442593],[-82.52624967912772,9.466250167726002],[-82.53458301242779,9.466250167726002],[-82.53458301242779,9.45791683442593],[-82.52624967912772,9.45791683442593]]]},"properties":{"OBJECTID":456,"Id":456,"gridcode":252,"Shape_Length":0.03333333320028942,"Shape_Area":0.00006944444389009479}},{"type":"Feature","id":457,"geometry":{"type":"Polygon","coordinates":[[[-82.5179163458277,9.45791683442593],[-82.5179163458277,9.466250167726002],[-82.52624967912772,9.466250167726002],[-82.52624967912772,9.45791683442593],[-82.5179163458277,9.45791683442593]]]},"properties":{"OBJECTID":457,"Id":457,"gridcode":2132,"Shape_Length":0.03333333320017573,"Shape_Area":0.0000694444438896211}},{"type":"Feature","id":458,"geometry":{"type":"Polygon","coordinates":[[[-82.50958301252774,9.45791683442593],[-82.50958301252774,9.466250167726002],[-82.5179163458277,9.466250167726002],[-82.5179163458277,9.45791683442593],[-82.50958301252774,9.45791683442593]]]},"properties":{"OBJECTID":458,"Id":458,"gridcode":3343,"Shape_Length":0.03333333320006204,"Shape_Area":0.0000694444438891474}},{"type":"Feature","id":459,"geometry":{"type":"Polygon","coordinates":[[[-82.50124967922773,9.45791683442593],[-82.50124967922773,9.466250167726002],[-82.50958301252774,9.466250167726002],[-82.50958301252774,9.45791683442593],[-82.50124967922773,9.45791683442593]]]},"properties":{"OBJECTID":459,"Id":459,"gridcode":451,"Shape_Length":0.03333333320017573,"Shape_Area":0.0000694444438896211}},{"type":"Feature","id":460,"geometry":{"type":"Polygon","coordinates":[[[-82.49291634592777,9.45791683442593],[-82.49291634592777,9.466250167726002],[-82.50124967922773,9.466250167726002],[-82.50124967922773,9.45791683442593],[-82.49291634592777,9.45791683442593]]]},"properties":{"OBJECTID":460,"Id":460,"gridcode":279,"Shape_Length":0.03333333320006204,"Shape_Area":0.0000694444438891474}},{"type":"Feature","id":461,"geometry":{"type":"Polygon","coordinates":[[[-82.48458301262775,9.45791683442593],[-82.48458301262775,9.466250167726002],[-82.49291634592777,9.466250167726002],[-82.49291634592777,9.45791683442593],[-82.48458301262775,9.45791683442593]]]},"properties":{"OBJECTID":461,"Id":461,"gridcode":145,"Shape_Length":0.03333333320017573,"Shape_Area":0.0000694444438896211}},{"type":"Feature","id":462,"geometry":{"type":"Polygon","coordinates":[[[-82.47624967932768,9.45791683442593],[-82.47624967932768,9.466250167726002],[-82.48458301262775,9.466250167726002],[-82.48458301262775,9.45791683442593],[-82.47624967932768,9.45791683442593]]]},"properties":{"OBJECTID":462,"Id":462,"gridcode":96,"Shape_Length":0.03333333320028942,"Shape_Area":0.00006944444389009479}},{"type":"Feature","id":463,"geometry":{"type":"Polygon","coordinates":[[[-82.46791634602766,9.45791683442593],[-82.46791634602766,9.466250167726002],[-82.47624967932768,9.466250167726002],[-82.47624967932768,9.45791683442593],[-82.46791634602766,9.45791683442593]]]},"properties":{"OBJECTID":463,"Id":463,"gridcode":58,"Shape_Length":0.03333333320006204,"Shape_Area":0.0000694444438891474}},{"type":"Feature","id":464,"geometry":{"type":"Polygon","coordinates":[[[-82.46791634602766,9.482916834325863],[-82.46791634602766,9.466250167726002],[-82.4595830127277,9.466250167726002],[-82.4595830127277,9.474583501025847],[-82.45124967942775,9.474583501025847],[-82.45124967942775,9.482916834325863],[-82.46791634602766,9.482916834325863]]]},"properties":{"OBJECTID":464,"Id":464,"gridcode":47,"Shape_Length":0.06666666639966934,"Shape_Area":0.00020833333166554746}},{"type":"Feature","id":465,"geometry":{"type":"Polygon","coordinates":[[[-82.44291634612773,9.45791683442593],[-82.44291634612773,9.466250167726002],[-82.45124967942775,9.466250167726002],[-82.45124967942775,9.45791683442593],[-82.44291634612773,9.45791683442593]]]},"properties":{"OBJECTID":465,"Id":465,"gridcode":36,"Shape_Length":0.03333333320017573,"Shape_Area":0.0000694444438896211}},{"type":"Feature","id":466,"geometry":{"type":"Polygon","coordinates":[[[-82.43458301282777,9.45791683442593],[-82.43458301282777,9.466250167726002],[-82.44291634612773,9.466250167726002],[-82.44291634612773,9.45791683442593],[-82.43458301282777,9.45791683442593]]]},"properties":{"OBJECTID":466,"Id":466,"gridcode":44,"Shape_Length":0.03333333320006204,"Shape_Area":0.0000694444438891474}},{"type":"Feature","id":467,"geometry":{"type":"Polygon","coordinates":[[[-82.42624967952776,9.45791683442593],[-82.42624967952776,9.466250167726002],[-82.43458301282777,9.466250167726002],[-82.43458301282777,9.45791683442593],[-82.42624967952776,9.45791683442593]]]},"properties":{"OBJECTID":467,"Id":467,"gridcode":45,"Shape_Length":0.03333333320017573,"Shape_Area":0.0000694444438896211}},{"type":"Feature","id":468,"geometry":{"type":"Polygon","coordinates":[[[-82.92624967752772,9.449583501125915],[-82.92624967752772,9.45791683442593],[-82.93458301082768,9.45791683442593],[-82.93458301082768,9.449583501125915],[-82.92624967752772,9.449583501125915]]]},"properties":{"OBJECTID":468,"Id":468,"gridcode":25,"Shape_Length":0.033333333199948356,"Shape_Area":0.00006944444388867371}},{"type":"Feature","id":469,"geometry":{"type":"Polygon","coordinates":[[[-82.91791634422776,9.449583501125915],[-82.91791634422776,9.45791683442593],[-82.92624967752772,9.45791683442593],[-82.92624967752772,9.449583501125915],[-82.91791634422776,9.449583501125915]]]},"properties":{"OBJECTID":469,"Id":469,"gridcode":24,"Shape_Length":0.033333333199948356,"Shape_Area":0.00006944444388867371}},{"type":"Feature","id":470,"geometry":{"type":"Polygon","coordinates":[[[-82.93458301082768,9.45791683442593],[-82.91791634422776,9.45791683442593],[-82.91791634422776,9.466250167726002],[-82.92624967752772,9.466250167726002],[-82.92624967752772,9.474583501025847],[-82.93458301082768,9.474583501025847],[-82.93458301082768,9.45791683442593]]]},"properties":{"OBJECTID":470,"Id":470,"gridcode":26,"Shape_Length":0.06666666639966934,"Shape_Area":0.0002083333316655474}},{"type":"Feature","id":471,"geometry":{"type":"Polygon","coordinates":[[[-82.90958301092775,9.449583501125915],[-82.90958301092775,9.45791683442593],[-82.91791634422776,9.45791683442593],[-82.91791634422776,9.449583501125915],[-82.90958301092775,9.449583501125915]]]},"properties":{"OBJECTID":471,"Id":471,"gridcode":22,"Shape_Length":0.03333333320006204,"Shape_Area":0.0000694444438891474}},{"type":"Feature","id":472,"geometry":{"type":"Polygon","coordinates":[[[-82.89291634432777,9.45791683442593],[-82.87624967772769,9.45791683442593],[-82.87624967772769,9.482916834325863],[-82.89291634432777,9.482916834325863],[-82.89291634432777,9.474583501025847],[-82.8845830110277,9.474583501025847],[-82.8845830110277,9.466250167726002],[-82.89291634432777,9.466250167726002],[-82.89291634432777,9.45791683442593]]]},"properties":{"OBJECTID":472,"Id":472,"gridcode":20,"Shape_Length":0.09999999960018613,"Shape_Area":0.0003472222194462107}},{"type":"Feature","id":473,"geometry":{"type":"Polygon","coordinates":[[[-82.83458301122778,9.45791683442593],[-82.81791634462769,9.45791683442593],[-82.81791634462769,9.466250167726002],[-82.83458301122778,9.466250167726002],[-82.83458301122778,9.45791683442593]]]},"properties":{"OBJECTID":473,"Id":473,"gridcode":16,"Shape_Length":0.04999999980032044,"Shape_Area":0.0001388888877797159}},{"type":"Feature","id":474,"geometry":{"type":"Polygon","coordinates":[[[-82.81791634462769,9.466250167726002],[-82.81791634462769,9.45791683442593],[-82.80958301132773,9.45791683442593],[-82.80958301132773,9.474583501025847],[-82.84291634452774,9.474583501025847],[-82.84291634452774,9.466250167726002],[-82.81791634462769,9.466250167726002]]]},"properties":{"OBJECTID":474,"Id":474,"gridcode":17,"Shape_Length":0.09999999959984507,"Shape_Area":0.000347222219439579}},{"type":"Feature","id":475,"geometry":{"type":"Polygon","coordinates":[[[-82.78458301142774,9.466250167726002],[-82.78458301142774,9.45791683442593],[-82.77624967812778,9.45791683442593],[-82.77624967812778,9.474583501025847],[-82.79291634472776,9.474583501025847],[-82.79291634472776,9.466250167726002],[-82.78458301142774,9.466250167726002]]]},"properties":{"OBJECTID":475,"Id":475,"gridcode":18,"Shape_Length":0.06666666639978303,"Shape_Area":0.00020833333166412634}},{"type":"Feature","id":476,"geometry":{"type":"Polygon","coordinates":[[[-82.7595830115277,9.449583501125915],[-82.7595830115277,9.45791683442593],[-82.76791634482765,9.45791683442593],[-82.76791634482765,9.449583501125915],[-82.7595830115277,9.449583501125915]]]},"properties":{"OBJECTID":476,"Id":476,"gridcode":16,"Shape_Length":0.03333333320006204,"Shape_Area":0.0000694444438891474}},{"type":"Feature","id":477,"geometry":{"type":"Polygon","coordinates":[[[-82.75124967822774,9.449583501125915],[-82.75124967822774,9.45791683442593],[-82.7595830115277,9.45791683442593],[-82.7595830115277,9.449583501125915],[-82.75124967822774,9.449583501125915]]]},"properties":{"OBJECTID":477,"Id":477,"gridcode":15,"Shape_Length":0.033333333199948356,"Shape_Area":0.00006944444388867371}},{"type":"Feature","id":478,"geometry":{"type":"Polygon","coordinates":[[[-82.69291634512774,9.449583501125915],[-82.69291634512774,9.45791683442593],[-82.7012496784277,9.45791683442593],[-82.7012496784277,9.449583501125915],[-82.69291634512774,9.449583501125915]]]},"properties":{"OBJECTID":478,"Id":478,"gridcode":9,"Shape_Length":0.033333333199948356,"Shape_Area":0.00006944444388867371}},{"type":"Feature","id":479,"geometry":{"type":"Polygon","coordinates":[[[-82.68458301182773,9.449583501125915],[-82.68458301182773,9.45791683442593],[-82.69291634512774,9.45791683442593],[-82.69291634512774,9.449583501125915],[-82.68458301182773,9.449583501125915]]]},"properties":{"OBJECTID":479,"Id":479,"gridcode":19,"Shape_Length":0.03333333320006204,"Shape_Area":0.0000694444438891474}},{"type":"Feature","id":480,"geometry":{"type":"Polygon","coordinates":[[[-82.67624967852777,9.449583501125915],[-82.67624967852777,9.45791683442593],[-82.68458301182773,9.45791683442593],[-82.68458301182773,9.449583501125915],[-82.67624967852777,9.449583501125915]]]},"properties":{"OBJECTID":480,"Id":480,"gridcode":31,"Shape_Length":0.033333333199948356,"Shape_Area":0.00006944444388867371}},{"type":"Feature","id":481,"geometry":{"type":"Polygon","coordinates":[[[-82.66791634522775,9.449583501125915],[-82.66791634522775,9.45791683442593],[-82.67624967852777,9.45791683442593],[-82.67624967852777,9.449583501125915],[-82.66791634522775,9.449583501125915]]]},"properties":{"OBJECTID":481,"Id":481,"gridcode":39,"Shape_Length":0.03333333320006204,"Shape_Area":0.0000694444438891474}},{"type":"Feature","id":482,"geometry":{"type":"Polygon","coordinates":[[[-82.65958301192762,9.449583501125915],[-82.65958301192762,9.45791683442593],[-82.66791634522775,9.45791683442593],[-82.66791634522775,9.449583501125915],[-82.65958301192762,9.449583501125915]]]},"properties":{"OBJECTID":482,"Id":482,"gridcode":41,"Shape_Length":0.03333333320017573,"Shape_Area":0.0000694444438896211}},{"type":"Feature","id":483,"geometry":{"type":"Polygon","coordinates":[[[-82.65124967862778,9.449583501125915],[-82.65124967862778,9.45791683442593],[-82.65958301192762,9.45791683442593],[-82.65958301192762,9.449583501125915],[-82.65124967862778,9.449583501125915]]]},"properties":{"OBJECTID":483,"Id":483,"gridcode":42,"Shape_Length":0.03333333319983467,"Shape_Area":0.00006944444388820001}},{"type":"Feature","id":484,"geometry":{"type":"Polygon","coordinates":[[[-82.6429163453277,9.449583501125915],[-82.6429163453277,9.45791683442593],[-82.65124967862778,9.45791683442593],[-82.65124967862778,9.449583501125915],[-82.6429163453277,9.449583501125915]]]},"properties":{"OBJECTID":484,"Id":484,"gridcode":32,"Shape_Length":0.03333333320017573,"Shape_Area":0.0000694444438896211}},{"type":"Feature","id":485,"geometry":{"type":"Polygon","coordinates":[[[-82.63458301202769,9.449583501125915],[-82.63458301202769,9.45791683442593],[-82.6429163453277,9.45791683442593],[-82.6429163453277,9.449583501125915],[-82.63458301202769,9.449583501125915]]]},"properties":{"OBJECTID":485,"Id":485,"gridcode":30,"Shape_Length":0.03333333320006204,"Shape_Area":0.0000694444438891474}},{"type":"Feature","id":486,"geometry":{"type":"Polygon","coordinates":[[[-82.62624967872773,9.449583501125915],[-82.62624967872773,9.45791683442593],[-82.63458301202769,9.45791683442593],[-82.63458301202769,9.449583501125915],[-82.62624967872773,9.449583501125915]]]},"properties":{"OBJECTID":486,"Id":486,"gridcode":28,"Shape_Length":0.033333333199948356,"Shape_Area":0.00006944444388867371}},{"type":"Feature","id":487,"geometry":{"type":"Polygon","coordinates":[[[-82.61791634542777,9.449583501125915],[-82.61791634542777,9.45791683442593],[-82.62624967872773,9.45791683442593],[-82.62624967872773,9.449583501125915],[-82.61791634542777,9.449583501125915]]]},"properties":{"OBJECTID":487,"Id":487,"gridcode":32,"Shape_Length":0.033333333199948356,"Shape_Area":0.00006944444388867371}},{"type":"Feature","id":488,"geometry":{"type":"Polygon","coordinates":[[[-82.62624967872773,9.466250167726002],[-82.62624967872773,9.45791683442593],[-82.61791634542777,9.45791683442593],[-82.61791634542777,9.474583501025847],[-82.63458301202769,9.474583501025847],[-82.63458301202769,9.466250167726002],[-82.62624967872773,9.466250167726002]]]},"properties":{"OBJECTID":488,"Id":488,"gridcode":50,"Shape_Length":0.06666666639966934,"Shape_Area":0.00020833333166365265}},{"type":"Feature","id":489,"geometry":{"type":"Polygon","coordinates":[[[-82.60958301212776,9.449583501125915],[-82.60958301212776,9.45791683442593],[-82.61791634542777,9.45791683442593],[-82.61791634542777,9.449583501125915],[-82.60958301212776,9.449583501125915]]]},"properties":{"OBJECTID":489,"Id":489,"gridcode":45,"Shape_Length":0.03333333320006204,"Shape_Area":0.0000694444438891474}},{"type":"Feature","id":490,"geometry":{"type":"Polygon","coordinates":[[[-82.60124967882763,9.449583501125915],[-82.60124967882763,9.45791683442593],[-82.60958301212776,9.45791683442593],[-82.60958301212776,9.449583501125915],[-82.60124967882763,9.449583501125915]]]},"properties":{"OBJECTID":490,"Id":490,"gridcode":46,"Shape_Length":0.03333333320017573,"Shape_Area":0.0000694444438896211}},{"type":"Feature","id":491,"geometry":{"type":"Polygon","coordinates":[[[-82.59291634552778,9.449583501125915],[-82.59291634552778,9.45791683442593],[-82.60124967882763,9.45791683442593],[-82.60124967882763,9.449583501125915],[-82.59291634552778,9.449583501125915]]]},"properties":{"OBJECTID":491,"Id":491,"gridcode":45,"Shape_Length":0.03333333319983467,"Shape_Area":0.00006944444388820001}},{"type":"Feature","id":492,"geometry":{"type":"Polygon","coordinates":[[[-82.60958301212776,9.45791683442593],[-82.59291634552778,9.45791683442593],[-82.59291634552778,9.466250167726002],[-82.60958301212776,9.466250167726002],[-82.60958301212776,9.45791683442593]]]},"properties":{"OBJECTID":492,"Id":492,"gridcode":48,"Shape_Length":0.049999999800093065,"Shape_Area":0.0001388888877787685}},{"type":"Feature","id":493,"geometry":{"type":"Polygon","coordinates":[[[-82.58458301222771,9.449583501125915],[-82.58458301222771,9.45791683442593],[-82.59291634552778,9.45791683442593],[-82.59291634552778,9.449583501125915],[-82.58458301222771,9.449583501125915]]]},"properties":{"OBJECTID":493,"Id":493,"gridcode":46,"Shape_Length":0.03333333320017573,"Shape_Area":0.0000694444438896211}},{"type":"Feature","id":494,"geometry":{"type":"Polygon","coordinates":[[[-82.59291634552778,9.45791683442593],[-82.5762496789277,9.45791683442593],[-82.5762496789277,9.466250167726002],[-82.59291634552778,9.466250167726002],[-82.59291634552778,9.45791683442593]]]},"properties":{"OBJECTID":494,"Id":494,"gridcode":47,"Shape_Length":0.04999999980032044,"Shape_Area":0.0001388888877797159}},{"type":"Feature","id":495,"geometry":{"type":"Polygon","coordinates":[[[-82.55958301232772,9.449583501125915],[-82.55958301232772,9.45791683442593],[-82.56791634562774,9.45791683442593],[-82.56791634562774,9.449583501125915],[-82.55958301232772,9.449583501125915]]]},"properties":{"OBJECTID":495,"Id":495,"gridcode":52,"Shape_Length":0.03333333320006204,"Shape_Area":0.0000694444438891474}},{"type":"Feature","id":496,"geometry":{"type":"Polygon","coordinates":[[[-82.55124967902776,9.449583501125915],[-82.55124967902776,9.45791683442593],[-82.55958301232772,9.45791683442593],[-82.55958301232772,9.449583501125915],[-82.55124967902776,9.449583501125915]]]},"properties":{"OBJECTID":496,"Id":496,"gridcode":61,"Shape_Length":0.033333333199948356,"Shape_Area":0.00006944444388867371}},{"type":"Feature","id":497,"geometry":{"type":"Polygon","coordinates":[[[-82.54291634572775,9.449583501125915],[-82.54291634572775,9.45791683442593],[-82.55124967902776,9.45791683442593],[-82.55124967902776,9.449583501125915],[-82.54291634572775,9.449583501125915]]]},"properties":{"OBJECTID":497,"Id":497,"gridcode":71,"Shape_Length":0.03333333320006204,"Shape_Area":0.0000694444438891474}},{"type":"Feature","id":498,"geometry":{"type":"Polygon","coordinates":[[[-82.53458301242779,9.449583501125915],[-82.53458301242779,9.45791683442593],[-82.54291634572775,9.45791683442593],[-82.54291634572775,9.449583501125915],[-82.53458301242779,9.449583501125915]]]},"properties":{"OBJECTID":498,"Id":498,"gridcode":110,"Shape_Length":0.033333333199948356,"Shape_Area":0.00006944444388867371}},{"type":"Feature","id":499,"geometry":{"type":"Polygon","coordinates":[[[-82.52624967912772,9.449583501125915],[-82.52624967912772,9.45791683442593],[-82.53458301242779,9.45791683442593],[-82.53458301242779,9.449583501125915],[-82.52624967912772,9.449583501125915]]]},"properties":{"OBJECTID":499,"Id":499,"gridcode":379,"Shape_Length":0.03333333320017573,"Shape_Area":0.0000694444438896211}},{"type":"Feature","id":500,"geometry":{"type":"Polygon","coordinates":[[[-82.5179163458277,9.449583501125915],[-82.5179163458277,9.45791683442593],[-82.52624967912772,9.45791683442593],[-82.52624967912772,9.449583501125915],[-82.5179163458277,9.449583501125915]]]},"properties":{"OBJECTID":500,"Id":500,"gridcode":3911,"Shape_Length":0.03333333320006204,"Shape_Area":0.0000694444438891474}},{"type":"Feature","id":501,"geometry":{"type":"Polygon","coordinates":[[[-82.50958301252774,9.449583501125915],[-82.50958301252774,9.45791683442593],[-82.5179163458277,9.45791683442593],[-82.5179163458277,9.449583501125915],[-82.50958301252774,9.449583501125915]]]},"properties":{"OBJECTID":501,"Id":501,"gridcode":3948,"Shape_Length":0.033333333199948356,"Shape_Area":0.00006944444388867371}},{"type":"Feature","id":502,"geometry":{"type":"Polygon","coordinates":[[[-82.50124967922773,9.449583501125915],[-82.50124967922773,9.45791683442593],[-82.50958301252774,9.45791683442593],[-82.50958301252774,9.449583501125915],[-82.50124967922773,9.449583501125915]]]},"properties":{"OBJECTID":502,"Id":502,"gridcode":428,"Shape_Length":0.03333333320006204,"Shape_Area":0.0000694444438891474}},{"type":"Feature","id":503,"geometry":{"type":"Polygon","coordinates":[[[-82.49291634592777,9.449583501125915],[-82.49291634592777,9.45791683442593],[-82.50124967922773,9.45791683442593],[-82.50124967922773,9.449583501125915],[-82.49291634592777,9.449583501125915]]]},"properties":{"OBJECTID":503,"Id":503,"gridcode":256,"Shape_Length":0.033333333199948356,"Shape_Area":0.00006944444388867371}},{"type":"Feature","id":504,"geometry":{"type":"Polygon","coordinates":[[[-82.48458301262775,9.449583501125915],[-82.48458301262775,9.45791683442593],[-82.49291634592777,9.45791683442593],[-82.49291634592777,9.449583501125915],[-82.48458301262775,9.449583501125915]]]},"properties":{"OBJECTID":504,"Id":504,"gridcode":223,"Shape_Length":0.03333333320006204,"Shape_Area":0.0000694444438891474}},{"type":"Feature","id":505,"geometry":{"type":"Polygon","coordinates":[[[-82.47624967932768,9.449583501125915],[-82.47624967932768,9.45791683442593],[-82.48458301262775,9.45791683442593],[-82.48458301262775,9.449583501125915],[-82.47624967932768,9.449583501125915]]]},"properties":{"OBJECTID":505,"Id":505,"gridcode":210,"Shape_Length":0.03333333320017573,"Shape_Area":0.0000694444438896211}},{"type":"Feature","id":506,"geometry":{"type":"Polygon","coordinates":[[[-82.46791634602766,9.449583501125915],[-82.46791634602766,9.45791683442593],[-82.47624967932768,9.45791683442593],[-82.47624967932768,9.449583501125915],[-82.46791634602766,9.449583501125915]]]},"properties":{"OBJECTID":506,"Id":506,"gridcode":99,"Shape_Length":0.033333333199948356,"Shape_Area":0.00006944444388867371}},{"type":"Feature","id":507,"geometry":{"type":"Polygon","coordinates":[[[-82.4595830127277,9.449583501125915],[-82.4595830127277,9.45791683442593],[-82.46791634602766,9.45791683442593],[-82.46791634602766,9.449583501125915],[-82.4595830127277,9.449583501125915]]]},"properties":{"OBJECTID":507,"Id":507,"gridcode":57,"Shape_Length":0.03333333320006204,"Shape_Area":0.0000694444438891474}},{"type":"Feature","id":508,"geometry":{"type":"Polygon","coordinates":[[[-82.45124967942775,9.449583501125915],[-82.45124967942775,9.45791683442593],[-82.4595830127277,9.45791683442593],[-82.4595830127277,9.449583501125915],[-82.45124967942775,9.449583501125915]]]},"properties":{"OBJECTID":508,"Id":508,"gridcode":47,"Shape_Length":0.033333333199948356,"Shape_Area":0.00006944444388867371}},{"type":"Feature","id":509,"geometry":{"type":"Polygon","coordinates":[[[-82.46791634602766,9.45791683442593],[-82.45124967942775,9.45791683442593],[-82.45124967942775,9.466250167726002],[-82.46791634602766,9.466250167726002],[-82.46791634602766,9.45791683442593]]]},"properties":{"OBJECTID":509,"Id":509,"gridcode":46,"Shape_Length":0.049999999800093065,"Shape_Area":0.0001388888877787685}},{"type":"Feature","id":510,"geometry":{"type":"Polygon","coordinates":[[[-82.44291634612773,9.449583501125915],[-82.44291634612773,9.45791683442593],[-82.45124967942775,9.45791683442593],[-82.45124967942775,9.449583501125915],[-82.44291634612773,9.449583501125915]]]},"properties":{"OBJECTID":510,"Id":510,"gridcode":32,"Shape_Length":0.03333333320006204,"Shape_Area":0.0000694444438891474}},{"type":"Feature","id":511,"geometry":{"type":"Polygon","coordinates":[[[-82.43458301282777,9.449583501125915],[-82.43458301282777,9.45791683442593],[-82.44291634612773,9.45791683442593],[-82.44291634612773,9.449583501125915],[-82.43458301282777,9.449583501125915]]]},"properties":{"OBJECTID":511,"Id":511,"gridcode":45,"Shape_Length":0.033333333199948356,"Shape_Area":0.00006944444388867371}},{"type":"Feature","id":512,"geometry":{"type":"Polygon","coordinates":[[[-82.41791634622768,9.449583501125915],[-82.41791634622768,9.45791683442593],[-82.42624967952776,9.45791683442593],[-82.42624967952776,9.449583501125915],[-82.41791634622768,9.449583501125915]]]},"properties":{"OBJECTID":512,"Id":512,"gridcode":47,"Shape_Length":0.03333333320017573,"Shape_Area":0.0000694444438896211}},{"type":"Feature","id":513,"geometry":{"type":"Polygon","coordinates":[[[-82.92624967752772,9.441250167825899],[-82.92624967752772,9.449583501125915],[-82.93458301082768,9.449583501125915],[-82.93458301082768,9.441250167825899],[-82.92624967752772,9.441250167825899]]]},"properties":{"OBJECTID":513,"Id":513,"gridcode":23,"Shape_Length":0.033333333199948356,"Shape_Area":0.00006944444388867371}},{"type":"Feature","id":514,"geometry":{"type":"Polygon","coordinates":[[[-82.91791634422776,9.441250167825899],[-82.91791634422776,9.449583501125915],[-82.92624967752772,9.449583501125915],[-82.92624967752772,9.441250167825899],[-82.91791634422776,9.441250167825899]]]},"properties":{"OBJECTID":514,"Id":514,"gridcode":22,"Shape_Length":0.033333333199948356,"Shape_Area":0.00006944444388867371}},{"type":"Feature","id":515,"geometry":{"type":"Polygon","coordinates":[[[-82.90958301092775,9.441250167825899],[-82.90958301092775,9.449583501125915],[-82.91791634422776,9.449583501125915],[-82.91791634422776,9.441250167825899],[-82.90958301092775,9.441250167825899]]]},"properties":{"OBJECTID":515,"Id":515,"gridcode":20,"Shape_Length":0.03333333320006204,"Shape_Area":0.0000694444438891474}},{"type":"Feature","id":516,"geometry":{"type":"Polygon","coordinates":[[[-82.90124967762779,9.441250167825899],[-82.90124967762779,9.449583501125915],[-82.90958301092775,9.449583501125915],[-82.90958301092775,9.441250167825899],[-82.90124967762779,9.441250167825899]]]},"properties":{"OBJECTID":516,"Id":516,"gridcode":16,"Shape_Length":0.033333333199948356,"Shape_Area":0.00006944444388867371}},{"type":"Feature","id":517,"geometry":{"type":"Polygon","coordinates":[[[-82.89291634432777,9.441250167825899],[-82.89291634432777,9.449583501125915],[-82.90124967762779,9.449583501125915],[-82.90124967762779,9.441250167825899],[-82.89291634432777,9.441250167825899]]]},"properties":{"OBJECTID":517,"Id":517,"gridcode":15,"Shape_Length":0.03333333320006204,"Shape_Area":0.0000694444438891474}},{"type":"Feature","id":518,"geometry":{"type":"Polygon","coordinates":[[[-82.8845830110277,9.441250167825899],[-82.8845830110277,9.449583501125915],[-82.89291634432777,9.449583501125915],[-82.89291634432777,9.441250167825899],[-82.8845830110277,9.441250167825899]]]},"properties":{"OBJECTID":518,"Id":518,"gridcode":14,"Shape_Length":0.03333333320017573,"Shape_Area":0.0000694444438896211}},{"type":"Feature","id":519,"geometry":{"type":"Polygon","coordinates":[[[-82.90958301092775,9.449583501125915],[-82.8845830110277,9.449583501125915],[-82.8845830110277,9.45791683442593],[-82.90958301092775,9.45791683442593],[-82.90958301092775,9.449583501125915]]]},"properties":{"OBJECTID":519,"Id":519,"gridcode":18,"Shape_Length":0.06666666640012409,"Shape_Area":0.0002083333316674422}},{"type":"Feature","id":520,"geometry":{"type":"Polygon","coordinates":[[[-82.87624967772769,9.441250167825899],[-82.87624967772769,9.449583501125915],[-82.8845830110277,9.449583501125915],[-82.8845830110277,9.441250167825899],[-82.87624967772769,9.441250167825899]]]},"properties":{"OBJECTID":520,"Id":520,"gridcode":16,"Shape_Length":0.03333333320006204,"Shape_Area":0.0000694444438891474}},{"type":"Feature","id":521,"geometry":{"type":"Polygon","coordinates":[[[-82.86791634442773,9.441250167825899],[-82.86791634442773,9.449583501125915],[-82.87624967772769,9.449583501125915],[-82.87624967772769,9.441250167825899],[-82.86791634442773,9.441250167825899]]]},"properties":{"OBJECTID":521,"Id":521,"gridcode":18,"Shape_Length":0.033333333199948356,"Shape_Area":0.00006944444388867371}},{"type":"Feature","id":522,"geometry":{"type":"Polygon","coordinates":[[[-82.84291634452774,9.441250167825899],[-82.84291634452774,9.449583501125915],[-82.85124967782775,9.449583501125915],[-82.85124967782775,9.441250167825899],[-82.84291634452774,9.441250167825899]]]},"properties":{"OBJECTID":522,"Id":522,"gridcode":16,"Shape_Length":0.03333333320006204,"Shape_Area":0.0000694444438891474}},{"type":"Feature","id":523,"geometry":{"type":"Polygon","coordinates":[[[-82.85124967782775,9.466250167726002],[-82.85124967782775,9.449583501125915],[-82.84291634452774,9.449583501125915],[-82.84291634452774,9.466250167726002],[-82.85124967782775,9.466250167726002]]]},"properties":{"OBJECTID":523,"Id":523,"gridcode":17,"Shape_Length":0.04999999980020675,"Shape_Area":0.0001388888877787685}},{"type":"Feature","id":524,"geometry":{"type":"Polygon","coordinates":[[[-82.84291634452774,9.449583501125915],[-82.81791634462769,9.449583501125915],[-82.81791634462769,9.45791683442593],[-82.84291634452774,9.45791683442593],[-82.84291634452774,9.449583501125915]]]},"properties":{"OBJECTID":524,"Id":524,"gridcode":14,"Shape_Length":0.06666666640012409,"Shape_Area":0.0002083333316674422}},{"type":"Feature","id":525,"geometry":{"type":"Polygon","coordinates":[[[-82.80958301132773,9.441250167825899],[-82.80958301132773,9.449583501125915],[-82.81791634462769,9.449583501125915],[-82.81791634462769,9.441250167825899],[-82.80958301132773,9.441250167825899]]]},"properties":{"OBJECTID":525,"Id":525,"gridcode":14,"Shape_Length":0.033333333199948356,"Shape_Area":0.00006944444388867371}},{"type":"Feature","id":526,"geometry":{"type":"Polygon","coordinates":[[[-82.81791634462769,9.449583501125915],[-82.78458301142774,9.449583501125915],[-82.78458301142774,9.45791683442593],[-82.79291634472776,9.45791683442593],[-82.79291634472776,9.466250167726002],[-82.80958301132773,9.466250167726002],[-82.80958301132773,9.45791683442593],[-82.81791634462769,9.45791683442593],[-82.81791634462769,9.449583501125915]]]},"properties":{"OBJECTID":526,"Id":526,"gridcode":16,"Shape_Length":0.09999999960007244,"Shape_Area":0.0004166666633344107}},{"type":"Feature","id":527,"geometry":{"type":"Polygon","coordinates":[[[-82.75124967822774,9.441250167825899],[-82.75124967822774,9.449583501125915],[-82.7595830115277,9.449583501125915],[-82.7595830115277,9.441250167825899],[-82.75124967822774,9.441250167825899]]]},"properties":{"OBJECTID":527,"Id":527,"gridcode":16,"Shape_Length":0.033333333199948356,"Shape_Area":0.00006944444388867371}},{"type":"Feature","id":528,"geometry":{"type":"Polygon","coordinates":[[[-82.66791634522775,9.441250167825899],[-82.66791634522775,9.449583501125915],[-82.67624967852777,9.449583501125915],[-82.67624967852777,9.441250167825899],[-82.66791634522775,9.441250167825899]]]},"properties":{"OBJECTID":528,"Id":528,"gridcode":13,"Shape_Length":0.03333333320006204,"Shape_Area":0.0000694444438891474}},{"type":"Feature","id":529,"geometry":{"type":"Polygon","coordinates":[[[-82.65958301192762,9.441250167825899],[-82.65958301192762,9.449583501125915],[-82.66791634522775,9.449583501125915],[-82.66791634522775,9.441250167825899],[-82.65958301192762,9.441250167825899]]]},"properties":{"OBJECTID":529,"Id":529,"gridcode":16,"Shape_Length":0.03333333320017573,"Shape_Area":0.0000694444438896211}},{"type":"Feature","id":530,"geometry":{"type":"Polygon","coordinates":[[[-82.65124967862778,9.441250167825899],[-82.65124967862778,9.449583501125915],[-82.65958301192762,9.449583501125915],[-82.65958301192762,9.441250167825899],[-82.65124967862778,9.441250167825899]]]},"properties":{"OBJECTID":530,"Id":530,"gridcode":15,"Shape_Length":0.03333333319983467,"Shape_Area":0.00006944444388820001}},{"type":"Feature","id":531,"geometry":{"type":"Polygon","coordinates":[[[-82.6429163453277,9.441250167825899],[-82.6429163453277,9.449583501125915],[-82.65124967862778,9.449583501125915],[-82.65124967862778,9.441250167825899],[-82.6429163453277,9.441250167825899]]]},"properties":{"OBJECTID":531,"Id":531,"gridcode":12,"Shape_Length":0.03333333320017573,"Shape_Area":0.0000694444438896211}},{"type":"Feature","id":532,"geometry":{"type":"Polygon","coordinates":[[[-82.62624967872773,9.441250167825899],[-82.62624967872773,9.449583501125915],[-82.63458301202769,9.449583501125915],[-82.63458301202769,9.441250167825899],[-82.62624967872773,9.441250167825899]]]},"properties":{"OBJECTID":532,"Id":532,"gridcode":22,"Shape_Length":0.033333333199948356,"Shape_Area":0.00006944444388867371}},{"type":"Feature","id":533,"geometry":{"type":"Polygon","coordinates":[[[-82.60124967882763,9.441250167825899],[-82.60124967882763,9.449583501125915],[-82.60958301212776,9.449583501125915],[-82.60958301212776,9.441250167825899],[-82.60124967882763,9.441250167825899]]]},"properties":{"OBJECTID":533,"Id":533,"gridcode":45,"Shape_Length":0.03333333320017573,"Shape_Area":0.0000694444438896211}},{"type":"Feature","id":534,"geometry":{"type":"Polygon","coordinates":[[[-82.59291634552778,9.441250167825899],[-82.59291634552778,9.449583501125915],[-82.60124967882763,9.449583501125915],[-82.60124967882763,9.441250167825899],[-82.59291634552778,9.441250167825899]]]},"properties":{"OBJECTID":534,"Id":534,"gridcode":47,"Shape_Length":0.03333333319983467,"Shape_Area":0.00006944444388820001}},{"type":"Feature","id":535,"geometry":{"type":"Polygon","coordinates":[[[-82.58458301222771,9.441250167825899],[-82.58458301222771,9.449583501125915],[-82.59291634552778,9.449583501125915],[-82.59291634552778,9.441250167825899],[-82.58458301222771,9.441250167825899]]]},"properties":{"OBJECTID":535,"Id":535,"gridcode":48,"Shape_Length":0.03333333320017573,"Shape_Area":0.0000694444438896211}},{"type":"Feature","id":536,"geometry":{"type":"Polygon","coordinates":[[[-82.56791634562774,9.441250167825899],[-82.56791634562774,9.449583501125915],[-82.5762496789277,9.449583501125915],[-82.5762496789277,9.441250167825899],[-82.56791634562774,9.441250167825899]]]},"properties":{"OBJECTID":536,"Id":536,"gridcode":48,"Shape_Length":0.033333333199948356,"Shape_Area":0.00006944444388867371}},{"type":"Feature","id":537,"geometry":{"type":"Polygon","coordinates":[[[-82.55958301232772,9.441250167825899],[-82.55958301232772,9.449583501125915],[-82.56791634562774,9.449583501125915],[-82.56791634562774,9.441250167825899],[-82.55958301232772,9.441250167825899]]]},"properties":{"OBJECTID":537,"Id":537,"gridcode":85,"Shape_Length":0.03333333320006204,"Shape_Area":0.0000694444438891474}},{"type":"Feature","id":538,"geometry":{"type":"Polygon","coordinates":[[[-82.55124967902776,9.441250167825899],[-82.55124967902776,9.449583501125915],[-82.55958301232772,9.449583501125915],[-82.55958301232772,9.441250167825899],[-82.55124967902776,9.441250167825899]]]},"properties":{"OBJECTID":538,"Id":538,"gridcode":94,"Shape_Length":0.033333333199948356,"Shape_Area":0.00006944444388867371}},{"type":"Feature","id":539,"geometry":{"type":"Polygon","coordinates":[[[-82.54291634572775,9.441250167825899],[-82.54291634572775,9.449583501125915],[-82.55124967902776,9.449583501125915],[-82.55124967902776,9.441250167825899],[-82.54291634572775,9.441250167825899]]]},"properties":{"OBJECTID":539,"Id":539,"gridcode":67,"Shape_Length":0.03333333320006204,"Shape_Area":0.0000694444438891474}},{"type":"Feature","id":540,"geometry":{"type":"Polygon","coordinates":[[[-82.53458301242779,9.441250167825899],[-82.53458301242779,9.449583501125915],[-82.54291634572775,9.449583501125915],[-82.54291634572775,9.441250167825899],[-82.53458301242779,9.441250167825899]]]},"properties":{"OBJECTID":540,"Id":540,"gridcode":122,"Shape_Length":0.033333333199948356,"Shape_Area":0.00006944444388867371}},{"type":"Feature","id":541,"geometry":{"type":"Polygon","coordinates":[[[-82.52624967912772,9.441250167825899],[-82.52624967912772,9.449583501125915],[-82.53458301242779,9.449583501125915],[-82.53458301242779,9.441250167825899],[-82.52624967912772,9.441250167825899]]]},"properties":{"OBJECTID":541,"Id":541,"gridcode":462,"Shape_Length":0.03333333320017573,"Shape_Area":0.0000694444438896211}},{"type":"Feature","id":542,"geometry":{"type":"Polygon","coordinates":[[[-82.5179163458277,9.441250167825899],[-82.5179163458277,9.449583501125915],[-82.52624967912772,9.449583501125915],[-82.52624967912772,9.441250167825899],[-82.5179163458277,9.441250167825899]]]},"properties":{"OBJECTID":542,"Id":542,"gridcode":5284,"Shape_Length":0.03333333320006204,"Shape_Area":0.0000694444438891474}},{"type":"Feature","id":543,"geometry":{"type":"Polygon","coordinates":[[[-82.50958301252774,9.441250167825899],[-82.50958301252774,9.449583501125915],[-82.5179163458277,9.449583501125915],[-82.5179163458277,9.441250167825899],[-82.50958301252774,9.441250167825899]]]},"properties":{"OBJECTID":543,"Id":543,"gridcode":2693,"Shape_Length":0.033333333199948356,"Shape_Area":0.00006944444388867371}},{"type":"Feature","id":544,"geometry":{"type":"Polygon","coordinates":[[[-82.50124967922773,9.441250167825899],[-82.50124967922773,9.449583501125915],[-82.50958301252774,9.449583501125915],[-82.50958301252774,9.441250167825899],[-82.50124967922773,9.441250167825899]]]},"properties":{"OBJECTID":544,"Id":544,"gridcode":276,"Shape_Length":0.03333333320006204,"Shape_Area":0.0000694444438891474}},{"type":"Feature","id":545,"geometry":{"type":"Polygon","coordinates":[[[-82.49291634592777,9.441250167825899],[-82.49291634592777,9.449583501125915],[-82.50124967922773,9.449583501125915],[-82.50124967922773,9.441250167825899],[-82.49291634592777,9.441250167825899]]]},"properties":{"OBJECTID":545,"Id":545,"gridcode":188,"Shape_Length":0.033333333199948356,"Shape_Area":0.00006944444388867371}},{"type":"Feature","id":546,"geometry":{"type":"Polygon","coordinates":[[[-82.48458301262775,9.441250167825899],[-82.48458301262775,9.449583501125915],[-82.49291634592777,9.449583501125915],[-82.49291634592777,9.441250167825899],[-82.48458301262775,9.441250167825899]]]},"properties":{"OBJECTID":546,"Id":546,"gridcode":211,"Shape_Length":0.03333333320006204,"Shape_Area":0.0000694444438891474}},{"type":"Feature","id":547,"geometry":{"type":"Polygon","coordinates":[[[-82.47624967932768,9.441250167825899],[-82.47624967932768,9.449583501125915],[-82.48458301262775,9.449583501125915],[-82.48458301262775,9.441250167825899],[-82.47624967932768,9.441250167825899]]]},"properties":{"OBJECTID":547,"Id":547,"gridcode":155,"Shape_Length":0.03333333320017573,"Shape_Area":0.0000694444438896211}},{"type":"Feature","id":548,"geometry":{"type":"Polygon","coordinates":[[[-82.46791634602766,9.441250167825899],[-82.46791634602766,9.449583501125915],[-82.47624967932768,9.449583501125915],[-82.47624967932768,9.441250167825899],[-82.46791634602766,9.441250167825899]]]},"properties":{"OBJECTID":548,"Id":548,"gridcode":80,"Shape_Length":0.033333333199948356,"Shape_Area":0.00006944444388867371}},{"type":"Feature","id":549,"geometry":{"type":"Polygon","coordinates":[[[-82.4595830127277,9.441250167825899],[-82.4595830127277,9.449583501125915],[-82.46791634602766,9.449583501125915],[-82.46791634602766,9.441250167825899],[-82.4595830127277,9.441250167825899]]]},"properties":{"OBJECTID":549,"Id":549,"gridcode":55,"Shape_Length":0.03333333320006204,"Shape_Area":0.0000694444438891474}},{"type":"Feature","id":550,"geometry":{"type":"Polygon","coordinates":[[[-82.45124967942775,9.441250167825899],[-82.45124967942775,9.449583501125915],[-82.4595830127277,9.449583501125915],[-82.4595830127277,9.441250167825899],[-82.45124967942775,9.441250167825899]]]},"properties":{"OBJECTID":550,"Id":550,"gridcode":43,"Shape_Length":0.033333333199948356,"Shape_Area":0.00006944444388867371}},{"type":"Feature","id":551,"geometry":{"type":"Polygon","coordinates":[[[-82.44291634612773,9.441250167825899],[-82.44291634612773,9.449583501125915],[-82.45124967942775,9.449583501125915],[-82.45124967942775,9.441250167825899],[-82.44291634612773,9.441250167825899]]]},"properties":{"OBJECTID":551,"Id":551,"gridcode":41,"Shape_Length":0.03333333320006204,"Shape_Area":0.0000694444438891474}},{"type":"Feature","id":552,"geometry":{"type":"Polygon","coordinates":[[[-82.40958301292767,9.441250167825899],[-82.40958301292767,9.449583501125915],[-82.41791634622768,9.449583501125915],[-82.41791634622768,9.441250167825899],[-82.40958301292767,9.441250167825899]]]},"properties":{"OBJECTID":552,"Id":552,"gridcode":44,"Shape_Length":0.033333333199948356,"Shape_Area":0.00006944444388867371}},{"type":"Feature","id":553,"geometry":{"type":"Polygon","coordinates":[[[-82.90958301092775,9.432916834525827],[-82.90958301092775,9.441250167825899],[-82.91791634422776,9.441250167825899],[-82.91791634422776,9.432916834525827],[-82.90958301092775,9.432916834525827]]]},"properties":{"OBJECTID":553,"Id":553,"gridcode":18,"Shape_Length":0.03333333320017573,"Shape_Area":0.0000694444438896211}},{"type":"Feature","id":554,"geometry":{"type":"Polygon","coordinates":[[[-82.87624967772769,9.432916834525827],[-82.87624967772769,9.441250167825899],[-82.8845830110277,9.441250167825899],[-82.8845830110277,9.432916834525827],[-82.87624967772769,9.432916834525827]]]},"properties":{"OBJECTID":554,"Id":554,"gridcode":14,"Shape_Length":0.03333333320017573,"Shape_Area":0.0000694444438896211}},{"type":"Feature","id":555,"geometry":{"type":"Polygon","coordinates":[[[-82.86791634442773,9.432916834525827],[-82.86791634442773,9.441250167825899],[-82.87624967772769,9.441250167825899],[-82.87624967772769,9.432916834525827],[-82.86791634442773,9.432916834525827]]]},"properties":{"OBJECTID":555,"Id":555,"gridcode":17,"Shape_Length":0.03333333320006204,"Shape_Area":0.0000694444438891474}},{"type":"Feature","id":556,"geometry":{"type":"Polygon","coordinates":[[[-82.85958301112777,9.432916834525827],[-82.85958301112777,9.441250167825899],[-82.86791634442773,9.441250167825899],[-82.86791634442773,9.432916834525827],[-82.85958301112777,9.432916834525827]]]},"properties":{"OBJECTID":556,"Id":556,"gridcode":18,"Shape_Length":0.03333333320006204,"Shape_Area":0.0000694444438891474}},{"type":"Feature","id":557,"geometry":{"type":"Polygon","coordinates":[[[-82.86791634442773,9.449583501125915],[-82.86791634442773,9.441250167825899],[-82.85958301112777,9.441250167825899],[-82.85958301112777,9.45791683442593],[-82.86791634442773,9.45791683442593],[-82.86791634442773,9.466250167726002],[-82.85958301112777,9.466250167726002],[-82.85958301112777,9.474583501025847],[-82.87624967772769,9.474583501025847],[-82.87624967772769,9.45791683442593],[-82.8845830110277,9.45791683442593],[-82.8845830110277,9.449583501125915],[-82.86791634442773,9.449583501125915]]]},"properties":{"OBJECTID":557,"Id":557,"gridcode":19,"Shape_Length":0.13333333279967974,"Shape_Area":0.0004861111072188212}},{"type":"Feature","id":558,"geometry":{"type":"Polygon","coordinates":[[[-82.85124967782775,9.432916834525827],[-82.85124967782775,9.441250167825899],[-82.85958301112777,9.441250167825899],[-82.85958301112777,9.432916834525827],[-82.85124967782775,9.432916834525827]]]},"properties":{"OBJECTID":558,"Id":558,"gridcode":17,"Shape_Length":0.03333333320017573,"Shape_Area":0.0000694444438896211}},{"type":"Feature","id":559,"geometry":{"type":"Polygon","coordinates":[[[-82.85958301112777,9.45791683442593],[-82.85958301112777,9.441250167825899],[-82.85124967782775,9.441250167825899],[-82.85124967782775,9.466250167726002],[-82.84291634452774,9.466250167726002],[-82.84291634452774,9.474583501025847],[-82.85958301112777,9.474583501025847],[-82.85958301112777,9.466250167726002],[-82.86791634442773,9.466250167726002],[-82.86791634442773,9.45791683442593],[-82.85958301112777,9.45791683442593]]]},"properties":{"OBJECTID":559,"Id":559,"gridcode":18,"Shape_Length":0.11666666619987609,"Shape_Area":0.0004166666633325159}},{"type":"Feature","id":560,"geometry":{"type":"Polygon","coordinates":[[[-82.84291634452774,9.432916834525827],[-82.84291634452774,9.441250167825899],[-82.85124967782775,9.441250167825899],[-82.85124967782775,9.432916834525827],[-82.84291634452774,9.432916834525827]]]},"properties":{"OBJECTID":560,"Id":560,"gridcode":15,"Shape_Length":0.03333333320017573,"Shape_Area":0.0000694444438896211}},{"type":"Feature","id":561,"geometry":{"type":"Polygon","coordinates":[[[-82.75124967822774,9.432916834525827],[-82.75124967822774,9.441250167825899],[-82.7595830115277,9.441250167825899],[-82.7595830115277,9.432916834525827],[-82.75124967822774,9.432916834525827]]]},"properties":{"OBJECTID":561,"Id":561,"gridcode":15,"Shape_Length":0.03333333320006204,"Shape_Area":0.0000694444438891474}},{"type":"Feature","id":562,"geometry":{"type":"Polygon","coordinates":[[[-82.74291634492772,9.432916834525827],[-82.74291634492772,9.441250167825899],[-82.75124967822774,9.441250167825899],[-82.75124967822774,9.432916834525827],[-82.74291634492772,9.432916834525827]]]},"properties":{"OBJECTID":562,"Id":562,"gridcode":12,"Shape_Length":0.03333333320017573,"Shape_Area":0.0000694444438896211}},{"type":"Feature","id":563,"geometry":{"type":"Polygon","coordinates":[[[-82.75124967822774,9.45791683442593],[-82.75124967822774,9.441250167825899],[-82.74291634492772,9.441250167825899],[-82.74291634492772,9.45791683442593],[-82.75124967822774,9.45791683442593]]]},"properties":{"OBJECTID":563,"Id":563,"gridcode":13,"Shape_Length":0.049999999800093065,"Shape_Area":0.0001388888877782948}},{"type":"Feature","id":564,"geometry":{"type":"Polygon","coordinates":[[[-82.73458301162776,9.441250167825899],[-82.71791634502779,9.441250167825899],[-82.71791634502779,9.45791683442593],[-82.72624967832775,9.45791683442593],[-82.72624967832775,9.466250167726002],[-82.73458301162776,9.466250167726002],[-82.73458301162776,9.441250167825899]]]},"properties":{"OBJECTID":564,"Id":564,"gridcode":6,"Shape_Length":0.08333333300015511,"Shape_Area":0.0003472222194452633}},{"type":"Feature","id":565,"geometry":{"type":"Polygon","coordinates":[[[-82.70958301172777,9.432916834525827],[-82.70958301172777,9.441250167825899],[-82.71791634502779,9.441250167825899],[-82.71791634502779,9.432916834525827],[-82.70958301172777,9.432916834525827]]]},"properties":{"OBJECTID":565,"Id":565,"gridcode":6,"Shape_Length":0.03333333320017573,"Shape_Area":0.0000694444438896211}},{"type":"Feature","id":566,"geometry":{"type":"Polygon","coordinates":[[[-82.71791634502779,9.45791683442593],[-82.71791634502779,9.441250167825899],[-82.70958301172777,9.441250167825899],[-82.70958301172777,9.466250167726002],[-82.72624967832775,9.466250167726002],[-82.72624967832775,9.45791683442593],[-82.71791634502779,9.45791683442593]]]},"properties":{"OBJECTID":566,"Id":566,"gridcode":7,"Shape_Length":0.08333333300015511,"Shape_Area":0.00027777777555706333}},{"type":"Feature","id":567,"geometry":{"type":"Polygon","coordinates":[[[-82.69291634512774,9.432916834525827],[-82.69291634512774,9.441250167825899],[-82.7012496784277,9.441250167825899],[-82.7012496784277,9.432916834525827],[-82.69291634512774,9.432916834525827]]]},"properties":{"OBJECTID":567,"Id":567,"gridcode":9,"Shape_Length":0.03333333320006204,"Shape_Area":0.0000694444438891474}},{"type":"Feature","id":568,"geometry":{"type":"Polygon","coordinates":[[[-82.62624967872773,9.432916834525827],[-82.62624967872773,9.441250167825899],[-82.63458301202769,9.441250167825899],[-82.63458301202769,9.432916834525827],[-82.62624967872773,9.432916834525827]]]},"properties":{"OBJECTID":568,"Id":568,"gridcode":34,"Shape_Length":0.03333333320006204,"Shape_Area":0.0000694444438891474}},{"type":"Feature","id":569,"geometry":{"type":"Polygon","coordinates":[[[-82.61791634542777,9.432916834525827],[-82.61791634542777,9.441250167825899],[-82.62624967872773,9.441250167825899],[-82.62624967872773,9.432916834525827],[-82.61791634542777,9.432916834525827]]]},"properties":{"OBJECTID":569,"Id":569,"gridcode":42,"Shape_Length":0.03333333320006204,"Shape_Area":0.0000694444438891474}},{"type":"Feature","id":570,"geometry":{"type":"Polygon","coordinates":[[[-82.62624967872773,9.441250167825899],[-82.60958301212776,9.441250167825899],[-82.60958301212776,9.449583501125915],[-82.62624967872773,9.449583501125915],[-82.62624967872773,9.441250167825899]]]},"properties":{"OBJECTID":570,"Id":570,"gridcode":43,"Shape_Length":0.04999999979997938,"Shape_Area":0.0001388888877778211}},{"type":"Feature","id":571,"geometry":{"type":"Polygon","coordinates":[[[-82.60124967882763,9.432916834525827],[-82.60124967882763,9.441250167825899],[-82.60958301212776,9.441250167825899],[-82.60958301212776,9.432916834525827],[-82.60124967882763,9.432916834525827]]]},"properties":{"OBJECTID":571,"Id":571,"gridcode":46,"Shape_Length":0.03333333320028942,"Shape_Area":0.00006944444389009479}},{"type":"Feature","id":572,"geometry":{"type":"Polygon","coordinates":[[[-82.58458301222771,9.432916834525827],[-82.58458301222771,9.441250167825899],[-82.59291634552778,9.441250167825899],[-82.59291634552778,9.432916834525827],[-82.58458301222771,9.432916834525827]]]},"properties":{"OBJECTID":572,"Id":572,"gridcode":49,"Shape_Length":0.03333333320028942,"Shape_Area":0.00006944444389009479}},{"type":"Feature","id":573,"geometry":{"type":"Polygon","coordinates":[[[-82.5762496789277,9.432916834525827],[-82.5762496789277,9.441250167825899],[-82.58458301222771,9.441250167825899],[-82.58458301222771,9.432916834525827],[-82.5762496789277,9.432916834525827]]]},"properties":{"OBJECTID":573,"Id":573,"gridcode":50,"Shape_Length":0.03333333320017573,"Shape_Area":0.0000694444438896211}},{"type":"Feature","id":574,"geometry":{"type":"Polygon","coordinates":[[[-82.58458301222771,9.45791683442593],[-82.58458301222771,9.441250167825899],[-82.5762496789277,9.441250167825899],[-82.5762496789277,9.449583501125915],[-82.56791634562774,9.449583501125915],[-82.56791634562774,9.45791683442593],[-82.58458301222771,9.45791683442593]]]},"properties":{"OBJECTID":574,"Id":574,"gridcode":44,"Shape_Length":0.0666666664000104,"Shape_Area":0.00020833333166696852}},{"type":"Feature","id":575,"geometry":{"type":"Polygon","coordinates":[[[-82.56791634562774,9.432916834525827],[-82.56791634562774,9.441250167825899],[-82.5762496789277,9.441250167825899],[-82.5762496789277,9.432916834525827],[-82.56791634562774,9.432916834525827]]]},"properties":{"OBJECTID":575,"Id":575,"gridcode":78,"Shape_Length":0.03333333320006204,"Shape_Area":0.0000694444438891474}},{"type":"Feature","id":576,"geometry":{"type":"Polygon","coordinates":[[[-82.55958301232772,9.432916834525827],[-82.55958301232772,9.441250167825899],[-82.56791634562774,9.441250167825899],[-82.56791634562774,9.432916834525827],[-82.55958301232772,9.432916834525827]]]},"properties":{"OBJECTID":576,"Id":576,"gridcode":184,"Shape_Length":0.03333333320017573,"Shape_Area":0.0000694444438896211}},{"type":"Feature","id":577,"geometry":{"type":"Polygon","coordinates":[[[-82.55124967902776,9.432916834525827],[-82.55124967902776,9.441250167825899],[-82.55958301232772,9.441250167825899],[-82.55958301232772,9.432916834525827],[-82.55124967902776,9.432916834525827]]]},"properties":{"OBJECTID":577,"Id":577,"gridcode":286,"Shape_Length":0.03333333320006204,"Shape_Area":0.0000694444438891474}},{"type":"Feature","id":578,"geometry":{"type":"Polygon","coordinates":[[[-82.54291634572775,9.432916834525827],[-82.54291634572775,9.441250167825899],[-82.55124967902776,9.441250167825899],[-82.55124967902776,9.432916834525827],[-82.54291634572775,9.432916834525827]]]},"properties":{"OBJECTID":578,"Id":578,"gridcode":110,"Shape_Length":0.03333333320017573,"Shape_Area":0.0000694444438896211}},{"type":"Feature","id":579,"geometry":{"type":"Polygon","coordinates":[[[-82.53458301242779,9.432916834525827],[-82.53458301242779,9.441250167825899],[-82.54291634572775,9.441250167825899],[-82.54291634572775,9.432916834525827],[-82.53458301242779,9.432916834525827]]]},"properties":{"OBJECTID":579,"Id":579,"gridcode":119,"Shape_Length":0.03333333320006204,"Shape_Area":0.0000694444438891474}},{"type":"Feature","id":580,"geometry":{"type":"Polygon","coordinates":[[[-82.52624967912772,9.432916834525827],[-82.52624967912772,9.441250167825899],[-82.53458301242779,9.441250167825899],[-82.53458301242779,9.432916834525827],[-82.52624967912772,9.432916834525827]]]},"properties":{"OBJECTID":580,"Id":580,"gridcode":318,"Shape_Length":0.03333333320028942,"Shape_Area":0.00006944444389009479}},{"type":"Feature","id":581,"geometry":{"type":"Polygon","coordinates":[[[-82.5179163458277,9.432916834525827],[-82.5179163458277,9.441250167825899],[-82.52624967912772,9.441250167825899],[-82.52624967912772,9.432916834525827],[-82.5179163458277,9.432916834525827]]]},"properties":{"OBJECTID":581,"Id":581,"gridcode":2384,"Shape_Length":0.03333333320017573,"Shape_Area":0.0000694444438896211}},{"type":"Feature","id":582,"geometry":{"type":"Polygon","coordinates":[[[-82.50958301252774,9.432916834525827],[-82.50958301252774,9.441250167825899],[-82.5179163458277,9.441250167825899],[-82.5179163458277,9.432916834525827],[-82.50958301252774,9.432916834525827]]]},"properties":{"OBJECTID":582,"Id":582,"gridcode":1115,"Shape_Length":0.03333333320006204,"Shape_Area":0.0000694444438891474}},{"type":"Feature","id":583,"geometry":{"type":"Polygon","coordinates":[[[-82.50124967922773,9.432916834525827],[-82.50124967922773,9.441250167825899],[-82.50958301252774,9.441250167825899],[-82.50958301252774,9.432916834525827],[-82.50124967922773,9.432916834525827]]]},"properties":{"OBJECTID":583,"Id":583,"gridcode":237,"Shape_Length":0.03333333320017573,"Shape_Area":0.0000694444438896211}},{"type":"Feature","id":584,"geometry":{"type":"Polygon","coordinates":[[[-82.49291634592777,9.432916834525827],[-82.49291634592777,9.441250167825899],[-82.50124967922773,9.441250167825899],[-82.50124967922773,9.432916834525827],[-82.49291634592777,9.432916834525827]]]},"properties":{"OBJECTID":584,"Id":584,"gridcode":270,"Shape_Length":0.03333333320006204,"Shape_Area":0.0000694444438891474}},{"type":"Feature","id":585,"geometry":{"type":"Polygon","coordinates":[[[-82.48458301262775,9.432916834525827],[-82.48458301262775,9.441250167825899],[-82.49291634592777,9.441250167825899],[-82.49291634592777,9.432916834525827],[-82.48458301262775,9.432916834525827]]]},"properties":{"OBJECTID":585,"Id":585,"gridcode":132,"Shape_Length":0.03333333320017573,"Shape_Area":0.0000694444438896211}},{"type":"Feature","id":586,"geometry":{"type":"Polygon","coordinates":[[[-82.47624967932768,9.432916834525827],[-82.47624967932768,9.441250167825899],[-82.48458301262775,9.441250167825899],[-82.48458301262775,9.432916834525827],[-82.47624967932768,9.432916834525827]]]},"properties":{"OBJECTID":586,"Id":586,"gridcode":106,"Shape_Length":0.03333333320028942,"Shape_Area":0.00006944444389009479}},{"type":"Feature","id":587,"geometry":{"type":"Polygon","coordinates":[[[-82.46791634602766,9.432916834525827],[-82.46791634602766,9.441250167825899],[-82.47624967932768,9.441250167825899],[-82.47624967932768,9.432916834525827],[-82.46791634602766,9.432916834525827]]]},"properties":{"OBJECTID":587,"Id":587,"gridcode":71,"Shape_Length":0.03333333320006204,"Shape_Area":0.0000694444438891474}},{"type":"Feature","id":588,"geometry":{"type":"Polygon","coordinates":[[[-82.4595830127277,9.432916834525827],[-82.4595830127277,9.441250167825899],[-82.46791634602766,9.441250167825899],[-82.46791634602766,9.432916834525827],[-82.4595830127277,9.432916834525827]]]},"properties":{"OBJECTID":588,"Id":588,"gridcode":38,"Shape_Length":0.03333333320017573,"Shape_Area":0.0000694444438896211}},{"type":"Feature","id":589,"geometry":{"type":"Polygon","coordinates":[[[-82.45124967942775,9.432916834525827],[-82.45124967942775,9.441250167825899],[-82.4595830127277,9.441250167825899],[-82.4595830127277,9.432916834525827],[-82.45124967942775,9.432916834525827]]]},"properties":{"OBJECTID":589,"Id":589,"gridcode":42,"Shape_Length":0.03333333320006204,"Shape_Area":0.0000694444438891474}},{"type":"Feature","id":590,"geometry":{"type":"Polygon","coordinates":[[[-82.44291634612773,9.432916834525827],[-82.44291634612773,9.441250167825899],[-82.45124967942775,9.441250167825899],[-82.45124967942775,9.432916834525827],[-82.44291634612773,9.432916834525827]]]},"properties":{"OBJECTID":590,"Id":590,"gridcode":44,"Shape_Length":0.03333333320017573,"Shape_Area":0.0000694444438896211}},{"type":"Feature","id":591,"geometry":{"type":"Polygon","coordinates":[[[-82.41791634622768,9.432916834525827],[-82.41791634622768,9.441250167825899],[-82.42624967952776,9.441250167825899],[-82.42624967952776,9.432916834525827],[-82.41791634622768,9.432916834525827]]]},"properties":{"OBJECTID":591,"Id":591,"gridcode":43,"Shape_Length":0.03333333320028942,"Shape_Area":0.00006944444389009479}},{"type":"Feature","id":592,"geometry":{"type":"Polygon","coordinates":[[[-82.40958301292767,9.432916834525827],[-82.40958301292767,9.441250167825899],[-82.41791634622768,9.441250167825899],[-82.41791634622768,9.432916834525827],[-82.40958301292767,9.432916834525827]]]},"properties":{"OBJECTID":592,"Id":592,"gridcode":42,"Shape_Length":0.03333333320006204,"Shape_Area":0.0000694444438891474}},{"type":"Feature","id":593,"geometry":{"type":"Polygon","coordinates":[[[-82.40124967962771,9.432916834525827],[-82.40124967962771,9.441250167825899],[-82.40958301292767,9.441250167825899],[-82.40958301292767,9.432916834525827],[-82.40124967962771,9.432916834525827]]]},"properties":{"OBJECTID":593,"Id":593,"gridcode":40,"Shape_Length":0.03333333320017573,"Shape_Area":0.0000694444438896211}},{"type":"Feature","id":594,"geometry":{"type":"Polygon","coordinates":[[[-82.35124967982767,9.432916834525827],[-82.35124967982767,9.441250167825899],[-82.35958301312769,9.441250167825899],[-82.35958301312769,9.432916834525827],[-82.35124967982767,9.432916834525827]]]},"properties":{"OBJECTID":594,"Id":594,"gridcode":43,"Shape_Length":0.03333333320017573,"Shape_Area":0.0000694444438896211}},{"type":"Feature","id":595,"geometry":{"type":"Polygon","coordinates":[[[-82.29291634672768,9.432916834525827],[-82.29291634672768,9.441250167825899],[-82.30124968002764,9.441250167825899],[-82.30124968002764,9.432916834525827],[-82.29291634672768,9.432916834525827]]]},"properties":{"OBJECTID":595,"Id":595,"gridcode":57,"Shape_Length":0.03333333320017573,"Shape_Area":0.0000694444438896211}},{"type":"Feature","id":596,"geometry":{"type":"Polygon","coordinates":[[[-82.28458301342772,9.432916834525827],[-82.28458301342772,9.441250167825899],[-82.29291634672768,9.441250167825899],[-82.29291634672768,9.432916834525827],[-82.28458301342772,9.432916834525827]]]},"properties":{"OBJECTID":596,"Id":596,"gridcode":52,"Shape_Length":0.03333333320006204,"Shape_Area":0.0000694444438891474}},{"type":"Feature","id":597,"geometry":{"type":"Polygon","coordinates":[[[-82.2762496801277,9.432916834525827],[-82.2762496801277,9.441250167825899],[-82.28458301342772,9.441250167825899],[-82.28458301342772,9.432916834525827],[-82.2762496801277,9.432916834525827]]]},"properties":{"OBJECTID":597,"Id":597,"gridcode":49,"Shape_Length":0.03333333320017573,"Shape_Area":0.0000694444438896211}},{"type":"Feature","id":598,"geometry":{"type":"Polygon","coordinates":[[[-82.25124968022766,9.432916834525827],[-82.25124968022766,9.441250167825899],[-82.25958301352773,9.441250167825899],[-82.25958301352773,9.432916834525827],[-82.25124968022766,9.432916834525827]]]},"properties":{"OBJECTID":598,"Id":598,"gridcode":47,"Shape_Length":0.03333333320028942,"Shape_Area":0.00006944444389009479}},{"type":"Feature","id":599,"geometry":{"type":"Polygon","coordinates":[[[-82.92624967752772,9.424583501225982],[-82.92624967752772,9.432916834525827],[-82.93458301082768,9.432916834525827],[-82.93458301082768,9.424583501225982],[-82.92624967752772,9.424583501225982]]]},"properties":{"OBJECTID":599,"Id":599,"gridcode":19,"Shape_Length":0.033333333199607296,"Shape_Area":0.00006944444388725262}},{"type":"Feature","id":600,"geometry":{"type":"Polygon","coordinates":[[[-82.93458301082768,9.432916834525827],[-82.91791634422776,9.432916834525827],[-82.91791634422776,9.441250167825899],[-82.93458301082768,9.441250167825899],[-82.93458301082768,9.432916834525827]]]},"properties":{"OBJECTID":600,"Id":600,"gridcode":21,"Shape_Length":0.04999999979997938,"Shape_Area":0.0001388888877782948}},{"type":"Feature","id":601,"geometry":{"type":"Polygon","coordinates":[[[-82.90958301092775,9.424583501225982],[-82.90958301092775,9.432916834525827],[-82.91791634422776,9.432916834525827],[-82.91791634422776,9.424583501225982],[-82.90958301092775,9.424583501225982]]]},"properties":{"OBJECTID":601,"Id":601,"gridcode":15,"Shape_Length":0.03333333319972098,"Shape_Area":0.00006944444388772632}},{"type":"Feature","id":602,"geometry":{"type":"Polygon","coordinates":[[[-82.85124967782775,9.424583501225982],[-82.85124967782775,9.432916834525827],[-82.85958301112777,9.432916834525827],[-82.85958301112777,9.424583501225982],[-82.85124967782775,9.424583501225982]]]},"properties":{"OBJECTID":602,"Id":602,"gridcode":15,"Shape_Length":0.03333333319972098,"Shape_Area":0.00006944444388772632}},{"type":"Feature","id":603,"geometry":{"type":"Polygon","coordinates":[[[-82.84291634452774,9.424583501225982],[-82.84291634452774,9.432916834525827],[-82.85124967782775,9.432916834525827],[-82.85124967782775,9.424583501225982],[-82.84291634452774,9.424583501225982]]]},"properties":{"OBJECTID":603,"Id":603,"gridcode":13,"Shape_Length":0.03333333319972098,"Shape_Area":0.00006944444388772632}},{"type":"Feature","id":604,"geometry":{"type":"Polygon","coordinates":[[[-82.80958301132773,9.424583501225982],[-82.80958301132773,9.432916834525827],[-82.81791634462769,9.432916834525827],[-82.81791634462769,9.424583501225982],[-82.80958301132773,9.424583501225982]]]},"properties":{"OBJECTID":604,"Id":604,"gridcode":14,"Shape_Length":0.033333333199607296,"Shape_Area":0.00006944444388725262}},{"type":"Feature","id":605,"geometry":{"type":"Polygon","coordinates":[[[-82.77624967812778,9.449583501125915],[-82.77624967812778,9.432916834525827],[-82.76791634482765,9.432916834525827],[-82.76791634482765,9.441250167825899],[-82.7595830115277,9.441250167825899],[-82.7595830115277,9.449583501125915],[-82.76791634482765,9.449583501125915],[-82.76791634482765,9.466250167726002],[-82.77624967812778,9.466250167726002],[-82.77624967812778,9.45791683442593],[-82.78458301142774,9.45791683442593],[-82.78458301142774,9.449583501125915],[-82.77624967812778,9.449583501125915]]]},"properties":{"OBJECTID":605,"Id":605,"gridcode":17,"Shape_Length":0.11666666620044452,"Shape_Area":0.00041666666333725285}},{"type":"Feature","id":606,"geometry":{"type":"Polygon","coordinates":[[[-82.74291634492772,9.424583501225982],[-82.74291634492772,9.432916834525827],[-82.75124967822774,9.432916834525827],[-82.75124967822774,9.424583501225982],[-82.74291634492772,9.424583501225982]]]},"properties":{"OBJECTID":606,"Id":606,"gridcode":10,"Shape_Length":0.03333333319972098,"Shape_Area":0.00006944444388772632}},{"type":"Feature","id":607,"geometry":{"type":"Polygon","coordinates":[[[-82.7012496784277,9.424583501225982],[-82.7012496784277,9.432916834525827],[-82.70958301172777,9.432916834525827],[-82.70958301172777,9.424583501225982],[-82.7012496784277,9.424583501225982]]]},"properties":{"OBJECTID":607,"Id":607,"gridcode":6,"Shape_Length":0.03333333319983467,"Shape_Area":0.00006944444388820001}},{"type":"Feature","id":608,"geometry":{"type":"Polygon","coordinates":[[[-82.70958301172777,9.45791683442593],[-82.70958301172777,9.432916834525827],[-82.7012496784277,9.432916834525827],[-82.7012496784277,9.45791683442593],[-82.70958301172777,9.45791683442593]]]},"properties":{"OBJECTID":608,"Id":608,"gridcode":8,"Shape_Length":0.06666666640035146,"Shape_Area":0.00020833333166933699}},{"type":"Feature","id":609,"geometry":{"type":"Polygon","coordinates":[[[-82.69291634512774,9.424583501225982],[-82.69291634512774,9.432916834525827],[-82.7012496784277,9.432916834525827],[-82.7012496784277,9.424583501225982],[-82.69291634512774,9.424583501225982]]]},"properties":{"OBJECTID":609,"Id":609,"gridcode":7,"Shape_Length":0.033333333199607296,"Shape_Area":0.00006944444388725262}},{"type":"Feature","id":610,"geometry":{"type":"Polygon","coordinates":[[[-82.68458301182773,9.424583501225982],[-82.68458301182773,9.432916834525827],[-82.69291634512774,9.432916834525827],[-82.69291634512774,9.424583501225982],[-82.68458301182773,9.424583501225982]]]},"properties":{"OBJECTID":610,"Id":610,"gridcode":8,"Shape_Length":0.03333333319972098,"Shape_Area":0.00006944444388772632}},{"type":"Feature","id":611,"geometry":{"type":"Polygon","coordinates":[[[-82.69291634512774,9.441250167825899],[-82.69291634512774,9.432916834525827],[-82.68458301182773,9.432916834525827],[-82.68458301182773,9.449583501125915],[-82.7012496784277,9.449583501125915],[-82.7012496784277,9.441250167825899],[-82.69291634512774,9.441250167825899]]]},"properties":{"OBJECTID":611,"Id":611,"gridcode":10,"Shape_Length":0.06666666640012409,"Shape_Area":0.0002083333316674422}},{"type":"Feature","id":612,"geometry":{"type":"Polygon","coordinates":[[[-82.67624967852777,9.424583501225982],[-82.67624967852777,9.432916834525827],[-82.68458301182773,9.432916834525827],[-82.68458301182773,9.424583501225982],[-82.67624967852777,9.424583501225982]]]},"properties":{"OBJECTID":612,"Id":612,"gridcode":10,"Shape_Length":0.033333333199607296,"Shape_Area":0.00006944444388725262}},{"type":"Feature","id":613,"geometry":{"type":"Polygon","coordinates":[[[-82.68458301182773,9.449583501125915],[-82.68458301182773,9.432916834525827],[-82.67624967852777,9.432916834525827],[-82.67624967852777,9.449583501125915],[-82.68458301182773,9.449583501125915]]]},"properties":{"OBJECTID":613,"Id":613,"gridcode":11,"Shape_Length":0.049999999800093065,"Shape_Area":0.0001388888877778211}},{"type":"Feature","id":614,"geometry":{"type":"Polygon","coordinates":[[[-82.67624967852777,9.432916834525827],[-82.65958301192762,9.432916834525827],[-82.65958301192762,9.441250167825899],[-82.67624967852777,9.441250167825899],[-82.67624967852777,9.432916834525827]]]},"properties":{"OBJECTID":614,"Id":614,"gridcode":12,"Shape_Length":0.04999999980032044,"Shape_Area":0.0001388888877797159}},{"type":"Feature","id":615,"geometry":{"type":"Polygon","coordinates":[[[-82.6429163453277,9.424583501225982],[-82.6429163453277,9.432916834525827],[-82.65124967862778,9.432916834525827],[-82.65124967862778,9.424583501225982],[-82.6429163453277,9.424583501225982]]]},"properties":{"OBJECTID":615,"Id":615,"gridcode":10,"Shape_Length":0.03333333319983467,"Shape_Area":0.00006944444388820001}},{"type":"Feature","id":616,"geometry":{"type":"Polygon","coordinates":[[[-82.63458301202769,9.424583501225982],[-82.63458301202769,9.432916834525827],[-82.6429163453277,9.432916834525827],[-82.6429163453277,9.424583501225982],[-82.63458301202769,9.424583501225982]]]},"properties":{"OBJECTID":616,"Id":616,"gridcode":16,"Shape_Length":0.03333333319972098,"Shape_Area":0.00006944444388772632}},{"type":"Feature","id":617,"geometry":{"type":"Polygon","coordinates":[[[-82.62624967872773,9.424583501225982],[-82.62624967872773,9.432916834525827],[-82.63458301202769,9.432916834525827],[-82.63458301202769,9.424583501225982],[-82.62624967872773,9.424583501225982]]]},"properties":{"OBJECTID":617,"Id":617,"gridcode":38,"Shape_Length":0.033333333199607296,"Shape_Area":0.00006944444388725262}},{"type":"Feature","id":618,"geometry":{"type":"Polygon","coordinates":[[[-82.61791634542777,9.424583501225982],[-82.61791634542777,9.432916834525827],[-82.62624967872773,9.432916834525827],[-82.62624967872773,9.424583501225982],[-82.61791634542777,9.424583501225982]]]},"properties":{"OBJECTID":618,"Id":618,"gridcode":40,"Shape_Length":0.033333333199607296,"Shape_Area":0.00006944444388725262}},{"type":"Feature","id":619,"geometry":{"type":"Polygon","coordinates":[[[-82.60124967882763,9.424583501225982],[-82.60124967882763,9.432916834525827],[-82.60958301212776,9.432916834525827],[-82.60958301212776,9.424583501225982],[-82.60124967882763,9.424583501225982]]]},"properties":{"OBJECTID":619,"Id":619,"gridcode":50,"Shape_Length":0.03333333319983467,"Shape_Area":0.00006944444388820001}},{"type":"Feature","id":620,"geometry":{"type":"Polygon","coordinates":[[[-82.58458301222771,9.424583501225982],[-82.58458301222771,9.432916834525827],[-82.59291634552778,9.432916834525827],[-82.59291634552778,9.424583501225982],[-82.58458301222771,9.424583501225982]]]},"properties":{"OBJECTID":620,"Id":620,"gridcode":47,"Shape_Length":0.03333333319983467,"Shape_Area":0.00006944444388820001}},{"type":"Feature","id":621,"geometry":{"type":"Polygon","coordinates":[[[-82.5762496789277,9.424583501225982],[-82.5762496789277,9.432916834525827],[-82.58458301222771,9.432916834525827],[-82.58458301222771,9.424583501225982],[-82.5762496789277,9.424583501225982]]]},"properties":{"OBJECTID":621,"Id":621,"gridcode":91,"Shape_Length":0.03333333319972098,"Shape_Area":0.00006944444388772632}},{"type":"Feature","id":622,"geometry":{"type":"Polygon","coordinates":[[[-82.56791634562774,9.424583501225982],[-82.56791634562774,9.432916834525827],[-82.5762496789277,9.432916834525827],[-82.5762496789277,9.424583501225982],[-82.56791634562774,9.424583501225982]]]},"properties":{"OBJECTID":622,"Id":622,"gridcode":226,"Shape_Length":0.033333333199607296,"Shape_Area":0.00006944444388725262}},{"type":"Feature","id":623,"geometry":{"type":"Polygon","coordinates":[[[-82.55958301232772,9.424583501225982],[-82.55958301232772,9.432916834525827],[-82.56791634562774,9.432916834525827],[-82.56791634562774,9.424583501225982],[-82.55958301232772,9.424583501225982]]]},"properties":{"OBJECTID":623,"Id":623,"gridcode":203,"Shape_Length":0.03333333319972098,"Shape_Area":0.00006944444388772632}},{"type":"Feature","id":624,"geometry":{"type":"Polygon","coordinates":[[[-82.55124967902776,9.424583501225982],[-82.55124967902776,9.432916834525827],[-82.55958301232772,9.432916834525827],[-82.55958301232772,9.424583501225982],[-82.55124967902776,9.424583501225982]]]},"properties":{"OBJECTID":624,"Id":624,"gridcode":539,"Shape_Length":0.033333333199607296,"Shape_Area":0.00006944444388725262}},{"type":"Feature","id":625,"geometry":{"type":"Polygon","coordinates":[[[-82.54291634572775,9.424583501225982],[-82.54291634572775,9.432916834525827],[-82.55124967902776,9.432916834525827],[-82.55124967902776,9.424583501225982],[-82.54291634572775,9.424583501225982]]]},"properties":{"OBJECTID":625,"Id":625,"gridcode":145,"Shape_Length":0.03333333319972098,"Shape_Area":0.00006944444388772632}},{"type":"Feature","id":626,"geometry":{"type":"Polygon","coordinates":[[[-82.53458301242779,9.424583501225982],[-82.53458301242779,9.432916834525827],[-82.54291634572775,9.432916834525827],[-82.54291634572775,9.424583501225982],[-82.53458301242779,9.424583501225982]]]},"properties":{"OBJECTID":626,"Id":626,"gridcode":121,"Shape_Length":0.033333333199607296,"Shape_Area":0.00006944444388725262}},{"type":"Feature","id":627,"geometry":{"type":"Polygon","coordinates":[[[-82.52624967912772,9.424583501225982],[-82.52624967912772,9.432916834525827],[-82.53458301242779,9.432916834525827],[-82.53458301242779,9.424583501225982],[-82.52624967912772,9.424583501225982]]]},"properties":{"OBJECTID":627,"Id":627,"gridcode":269,"Shape_Length":0.03333333319983467,"Shape_Area":0.00006944444388820001}},{"type":"Feature","id":628,"geometry":{"type":"Polygon","coordinates":[[[-82.5179163458277,9.424583501225982],[-82.5179163458277,9.432916834525827],[-82.52624967912772,9.432916834525827],[-82.52624967912772,9.424583501225982],[-82.5179163458277,9.424583501225982]]]},"properties":{"OBJECTID":628,"Id":628,"gridcode":1444,"Shape_Length":0.03333333319972098,"Shape_Area":0.00006944444388772632}},{"type":"Feature","id":629,"geometry":{"type":"Polygon","coordinates":[[[-82.50958301252774,9.424583501225982],[-82.50958301252774,9.432916834525827],[-82.5179163458277,9.432916834525827],[-82.5179163458277,9.424583501225982],[-82.50958301252774,9.424583501225982]]]},"properties":{"OBJECTID":629,"Id":629,"gridcode":453,"Shape_Length":0.033333333199607296,"Shape_Area":0.00006944444388725262}},{"type":"Feature","id":630,"geometry":{"type":"Polygon","coordinates":[[[-82.50124967922773,9.424583501225982],[-82.50124967922773,9.432916834525827],[-82.50958301252774,9.432916834525827],[-82.50958301252774,9.424583501225982],[-82.50124967922773,9.424583501225982]]]},"properties":{"OBJECTID":630,"Id":630,"gridcode":150,"Shape_Length":0.03333333319972098,"Shape_Area":0.00006944444388772632}},{"type":"Feature","id":631,"geometry":{"type":"Polygon","coordinates":[[[-82.49291634592777,9.424583501225982],[-82.49291634592777,9.432916834525827],[-82.50124967922773,9.432916834525827],[-82.50124967922773,9.424583501225982],[-82.49291634592777,9.424583501225982]]]},"properties":{"OBJECTID":631,"Id":631,"gridcode":133,"Shape_Length":0.033333333199607296,"Shape_Area":0.00006944444388725262}},{"type":"Feature","id":632,"geometry":{"type":"Polygon","coordinates":[[[-82.48458301262775,9.424583501225982],[-82.48458301262775,9.432916834525827],[-82.49291634592777,9.432916834525827],[-82.49291634592777,9.424583501225982],[-82.48458301262775,9.424583501225982]]]},"properties":{"OBJECTID":632,"Id":632,"gridcode":96,"Shape_Length":0.03333333319972098,"Shape_Area":0.00006944444388772632}},{"type":"Feature","id":633,"geometry":{"type":"Polygon","coordinates":[[[-82.47624967932768,9.424583501225982],[-82.47624967932768,9.432916834525827],[-82.48458301262775,9.432916834525827],[-82.48458301262775,9.424583501225982],[-82.47624967932768,9.424583501225982]]]},"properties":{"OBJECTID":633,"Id":633,"gridcode":74,"Shape_Length":0.03333333319983467,"Shape_Area":0.00006944444388820001}},{"type":"Feature","id":634,"geometry":{"type":"Polygon","coordinates":[[[-82.46791634602766,9.424583501225982],[-82.46791634602766,9.432916834525827],[-82.47624967932768,9.432916834525827],[-82.47624967932768,9.424583501225982],[-82.46791634602766,9.424583501225982]]]},"properties":{"OBJECTID":634,"Id":634,"gridcode":98,"Shape_Length":0.033333333199607296,"Shape_Area":0.00006944444388725262}},{"type":"Feature","id":635,"geometry":{"type":"Polygon","coordinates":[[[-82.4595830127277,9.424583501225982],[-82.4595830127277,9.432916834525827],[-82.46791634602766,9.432916834525827],[-82.46791634602766,9.424583501225982],[-82.4595830127277,9.424583501225982]]]},"properties":{"OBJECTID":635,"Id":635,"gridcode":55,"Shape_Length":0.03333333319972098,"Shape_Area":0.00006944444388772632}},{"type":"Feature","id":636,"geometry":{"type":"Polygon","coordinates":[[[-82.42624967952776,9.424583501225982],[-82.42624967952776,9.432916834525827],[-82.43458301282777,9.432916834525827],[-82.43458301282777,9.424583501225982],[-82.42624967952776,9.424583501225982]]]},"properties":{"OBJECTID":636,"Id":636,"gridcode":44,"Shape_Length":0.03333333319972098,"Shape_Area":0.00006944444388772632}},{"type":"Feature","id":637,"geometry":{"type":"Polygon","coordinates":[[[-82.43458301282777,9.441250167825899],[-82.43458301282777,9.432916834525827],[-82.42624967952776,9.432916834525827],[-82.42624967952776,9.441250167825899],[-82.41791634622768,9.441250167825899],[-82.41791634622768,9.449583501125915],[-82.42624967952776,9.449583501125915],[-82.42624967952776,9.45791683442593],[-82.43458301282777,9.45791683442593],[-82.43458301282777,9.449583501125915],[-82.44291634612773,9.449583501125915],[-82.44291634612773,9.441250167825899],[-82.43458301282777,9.441250167825899]]]},"properties":{"OBJECTID":637,"Id":637,"gridcode":46,"Shape_Length":0.09999999960029982,"Shape_Area":0.0003472222194462107}},{"type":"Feature","id":638,"geometry":{"type":"Polygon","coordinates":[[[-82.40958301292767,9.424583501225982],[-82.40958301292767,9.432916834525827],[-82.41791634622768,9.432916834525827],[-82.41791634622768,9.424583501225982],[-82.40958301292767,9.424583501225982]]]},"properties":{"OBJECTID":638,"Id":638,"gridcode":40,"Shape_Length":0.033333333199607296,"Shape_Area":0.00006944444388725262}},{"type":"Feature","id":639,"geometry":{"type":"Polygon","coordinates":[[[-82.39291634632775,9.424583501225982],[-82.39291634632775,9.432916834525827],[-82.40124967962771,9.432916834525827],[-82.40124967962771,9.424583501225982],[-82.39291634632775,9.424583501225982]]]},"properties":{"OBJECTID":639,"Id":639,"gridcode":38,"Shape_Length":0.033333333199607296,"Shape_Area":0.00006944444388725262}},{"type":"Feature","id":640,"geometry":{"type":"Polygon","coordinates":[[[-82.33458301322776,9.424583501225982],[-82.33458301322776,9.432916834525827],[-82.34291634652772,9.432916834525827],[-82.34291634652772,9.424583501225982],[-82.33458301322776,9.424583501225982]]]},"properties":{"OBJECTID":640,"Id":640,"gridcode":47,"Shape_Length":0.033333333199607296,"Shape_Area":0.00006944444388725262}},{"type":"Feature","id":641,"geometry":{"type":"Polygon","coordinates":[[[-82.31791634662773,9.424583501225982],[-82.31791634662773,9.432916834525827],[-82.32624967992774,9.432916834525827],[-82.32624967992774,9.424583501225982],[-82.31791634662773,9.424583501225982]]]},"properties":{"OBJECTID":641,"Id":641,"gridcode":76,"Shape_Length":0.03333333319972098,"Shape_Area":0.00006944444388772632}},{"type":"Feature","id":642,"geometry":{"type":"Polygon","coordinates":[[[-82.30958301332777,9.424583501225982],[-82.30958301332777,9.432916834525827],[-82.31791634662773,9.432916834525827],[-82.31791634662773,9.424583501225982],[-82.30958301332777,9.424583501225982]]]},"properties":{"OBJECTID":642,"Id":642,"gridcode":67,"Shape_Length":0.033333333199607296,"Shape_Area":0.00006944444388725262}},{"type":"Feature","id":643,"geometry":{"type":"Polygon","coordinates":[[[-82.30124968002764,9.424583501225982],[-82.30124968002764,9.432916834525827],[-82.30958301332777,9.432916834525827],[-82.30958301332777,9.424583501225982],[-82.30124968002764,9.424583501225982]]]},"properties":{"OBJECTID":643,"Id":643,"gridcode":63,"Shape_Length":0.03333333319983467,"Shape_Area":0.00006944444388820001}},{"type":"Feature","id":644,"geometry":{"type":"Polygon","coordinates":[[[-82.29291634672768,9.424583501225982],[-82.29291634672768,9.432916834525827],[-82.30124968002764,9.432916834525827],[-82.30124968002764,9.424583501225982],[-82.29291634672768,9.424583501225982]]]},"properties":{"OBJECTID":644,"Id":644,"gridcode":60,"Shape_Length":0.03333333319972098,"Shape_Area":0.00006944444388772632}},{"type":"Feature","id":645,"geometry":{"type":"Polygon","coordinates":[[[-82.28458301342772,9.424583501225982],[-82.28458301342772,9.432916834525827],[-82.29291634672768,9.432916834525827],[-82.29291634672768,9.424583501225982],[-82.28458301342772,9.424583501225982]]]},"properties":{"OBJECTID":645,"Id":645,"gridcode":49,"Shape_Length":0.033333333199607296,"Shape_Area":0.00006944444388725262}},{"type":"Feature","id":646,"geometry":{"type":"Polygon","coordinates":[[[-82.2762496801277,9.432916834525827],[-82.25958301352773,9.432916834525827],[-82.25958301352773,9.441250167825899],[-82.26791634682775,9.441250167825899],[-82.26791634682775,9.449583501125915],[-82.2762496801277,9.449583501125915],[-82.2762496801277,9.432916834525827]]]},"properties":{"OBJECTID":646,"Id":646,"gridcode":48,"Shape_Length":0.06666666640012409,"Shape_Area":0.0002083333316674422}},{"type":"Feature","id":647,"geometry":{"type":"Polygon","coordinates":[[[-82.8845830110277,9.424583501225982],[-82.85958301112777,9.424583501225982],[-82.85958301112777,9.432916834525827],[-82.8845830110277,9.432916834525827],[-82.8845830110277,9.424583501225982]]]},"properties":{"OBJECTID":647,"Id":647,"gridcode":16,"Shape_Length":0.06666666639955565,"Shape_Area":0.00020833333166223156}},{"type":"Feature","id":648,"geometry":{"type":"Polygon","coordinates":[[[-82.85124967782775,9.416250167925966],[-82.85124967782775,9.424583501225982],[-82.85958301112777,9.424583501225982],[-82.85958301112777,9.416250167925966],[-82.85124967782775,9.416250167925966]]]},"properties":{"OBJECTID":648,"Id":648,"gridcode":14,"Shape_Length":0.03333333320006204,"Shape_Area":0.0000694444438891474}},{"type":"Feature","id":649,"geometry":{"type":"Polygon","coordinates":[[[-82.84291634452774,9.424583501225982],[-82.82624967792765,9.424583501225982],[-82.82624967792765,9.432916834525827],[-82.84291634452774,9.432916834525827],[-82.84291634452774,9.424583501225982]]]},"properties":{"OBJECTID":649,"Id":649,"gridcode":12,"Shape_Length":0.049999999799752004,"Shape_Area":0.00013888888777545264}},{"type":"Feature","id":650,"geometry":{"type":"Polygon","coordinates":[[[-82.82624967792765,9.432916834525827],[-82.82624967792765,9.424583501225982],[-82.81791634462769,9.424583501225982],[-82.81791634462769,9.449583501125915],[-82.84291634452774,9.449583501125915],[-82.84291634452774,9.432916834525827],[-82.82624967792765,9.432916834525827]]]},"properties":{"OBJECTID":650,"Id":650,"gridcode":13,"Shape_Length":0.09999999959995876,"Shape_Area":0.0004861111072240318}},{"type":"Feature","id":651,"geometry":{"type":"Polygon","coordinates":[[[-82.80958301132773,9.416250167925966],[-82.80958301132773,9.424583501225982],[-82.81791634462769,9.424583501225982],[-82.81791634462769,9.416250167925966],[-82.80958301132773,9.416250167925966]]]},"properties":{"OBJECTID":651,"Id":651,"gridcode":12,"Shape_Length":0.033333333199948356,"Shape_Area":0.00006944444388867371}},{"type":"Feature","id":652,"geometry":{"type":"Polygon","coordinates":[[[-82.80958301132773,9.424583501225982],[-82.79291634472776,9.424583501225982],[-82.79291634472776,9.441250167825899],[-82.78458301142774,9.441250167825899],[-82.78458301142774,9.449583501125915],[-82.80958301132773,9.449583501125915],[-82.80958301132773,9.441250167825899],[-82.81791634462769,9.441250167825899],[-82.81791634462769,9.432916834525827],[-82.80958301132773,9.432916834525827],[-82.80958301132773,9.424583501225982]]]},"properties":{"OBJECTID":652,"Id":652,"gridcode":15,"Shape_Length":0.1166666661997624,"Shape_Area":0.0005555555511098633}},{"type":"Feature","id":653,"geometry":{"type":"Polygon","coordinates":[[[-82.75124967822774,9.416250167925966],[-82.75124967822774,9.424583501225982],[-82.7595830115277,9.424583501225982],[-82.7595830115277,9.416250167925966],[-82.75124967822774,9.416250167925966]]]},"properties":{"OBJECTID":653,"Id":653,"gridcode":9,"Shape_Length":0.033333333199948356,"Shape_Area":0.00006944444388867371}},{"type":"Feature","id":654,"geometry":{"type":"Polygon","coordinates":[[[-82.79291634472776,9.424583501225982],[-82.75124967822774,9.424583501225982],[-82.75124967822774,9.432916834525827],[-82.7595830115277,9.432916834525827],[-82.7595830115277,9.441250167825899],[-82.76791634482765,9.441250167825899],[-82.76791634482765,9.432916834525827],[-82.77624967812778,9.432916834525827],[-82.77624967812778,9.449583501125915],[-82.78458301142774,9.449583501125915],[-82.78458301142774,9.441250167825899],[-82.79291634472776,9.441250167825899],[-82.79291634472776,9.424583501225982]]]},"properties":{"OBJECTID":654,"Id":654,"gridcode":16,"Shape_Length":0.14999999940005182,"Shape_Area":0.0006249999949952212}},{"type":"Feature","id":655,"geometry":{"type":"Polygon","coordinates":[[[-82.73458301162776,9.424583501225982],[-82.70958301172777,9.424583501225982],[-82.70958301172777,9.432916834525827],[-82.71791634502779,9.432916834525827],[-82.71791634502779,9.441250167825899],[-82.73458301162776,9.441250167825899],[-82.73458301162776,9.466250167726002],[-82.74291634492772,9.466250167726002],[-82.74291634492772,9.432916834525827],[-82.73458301162776,9.432916834525827],[-82.73458301162776,9.424583501225982]]]},"properties":{"OBJECTID":655,"Id":655,"gridcode":5,"Shape_Length":0.14999999939993813,"Shape_Area":0.0006249999949971161}},{"type":"Feature","id":656,"geometry":{"type":"Polygon","coordinates":[[[-82.69291634512774,9.416250167925966],[-82.69291634512774,9.424583501225982],[-82.7012496784277,9.424583501225982],[-82.7012496784277,9.416250167925966],[-82.69291634512774,9.416250167925966]]]},"properties":{"OBJECTID":656,"Id":656,"gridcode":5,"Shape_Length":0.033333333199948356,"Shape_Area":0.00006944444388867371}},{"type":"Feature","id":657,"geometry":{"type":"Polygon","coordinates":[[[-82.68458301182773,9.416250167925966],[-82.68458301182773,9.424583501225982],[-82.69291634512774,9.424583501225982],[-82.69291634512774,9.416250167925966],[-82.68458301182773,9.416250167925966]]]},"properties":{"OBJECTID":657,"Id":657,"gridcode":6,"Shape_Length":0.03333333320006204,"Shape_Area":0.0000694444438891474}},{"type":"Feature","id":658,"geometry":{"type":"Polygon","coordinates":[[[-82.67624967852777,9.416250167925966],[-82.67624967852777,9.424583501225982],[-82.68458301182773,9.424583501225982],[-82.68458301182773,9.416250167925966],[-82.67624967852777,9.416250167925966]]]},"properties":{"OBJECTID":658,"Id":658,"gridcode":7,"Shape_Length":0.033333333199948356,"Shape_Area":0.00006944444388867371}},{"type":"Feature","id":659,"geometry":{"type":"Polygon","coordinates":[[[-82.67624967852777,9.424583501225982],[-82.65124967862778,9.424583501225982],[-82.65124967862778,9.432916834525827],[-82.63458301202769,9.432916834525827],[-82.63458301202769,9.449583501125915],[-82.6429163453277,9.449583501125915],[-82.6429163453277,9.441250167825899],[-82.65958301192762,9.441250167825899],[-82.65958301192762,9.432916834525827],[-82.67624967852777,9.432916834525827],[-82.67624967852777,9.424583501225982]]]},"properties":{"OBJECTID":659,"Id":659,"gridcode":11,"Shape_Length":0.1333333328000208,"Shape_Area":0.00048611110722024224}},{"type":"Feature","id":660,"geometry":{"type":"Polygon","coordinates":[[[-82.63458301202769,9.416250167925966],[-82.63458301202769,9.424583501225982],[-82.6429163453277,9.424583501225982],[-82.6429163453277,9.416250167925966],[-82.63458301202769,9.416250167925966]]]},"properties":{"OBJECTID":660,"Id":660,"gridcode":17,"Shape_Length":0.03333333320006204,"Shape_Area":0.0000694444438891474}},{"type":"Feature","id":661,"geometry":{"type":"Polygon","coordinates":[[[-82.62624967872773,9.416250167925966],[-82.62624967872773,9.424583501225982],[-82.63458301202769,9.424583501225982],[-82.63458301202769,9.416250167925966],[-82.62624967872773,9.416250167925966]]]},"properties":{"OBJECTID":661,"Id":661,"gridcode":34,"Shape_Length":0.033333333199948356,"Shape_Area":0.00006944444388867371}},{"type":"Feature","id":662,"geometry":{"type":"Polygon","coordinates":[[[-82.61791634542777,9.416250167925966],[-82.61791634542777,9.424583501225982],[-82.62624967872773,9.424583501225982],[-82.62624967872773,9.416250167925966],[-82.61791634542777,9.416250167925966]]]},"properties":{"OBJECTID":662,"Id":662,"gridcode":39,"Shape_Length":0.033333333199948356,"Shape_Area":0.00006944444388867371}},{"type":"Feature","id":663,"geometry":{"type":"Polygon","coordinates":[[[-82.60958301212776,9.416250167925966],[-82.60958301212776,9.424583501225982],[-82.61791634542777,9.424583501225982],[-82.61791634542777,9.416250167925966],[-82.60958301212776,9.416250167925966]]]},"properties":{"OBJECTID":663,"Id":663,"gridcode":41,"Shape_Length":0.03333333320006204,"Shape_Area":0.0000694444438891474}},{"type":"Feature","id":664,"geometry":{"type":"Polygon","coordinates":[[[-82.61791634542777,9.441250167825899],[-82.61791634542777,9.424583501225982],[-82.60958301212776,9.424583501225982],[-82.60958301212776,9.441250167825899],[-82.61791634542777,9.441250167825899]]]},"properties":{"OBJECTID":664,"Id":664,"gridcode":44,"Shape_Length":0.04999999979986569,"Shape_Area":0.00013888888777734742}},{"type":"Feature","id":665,"geometry":{"type":"Polygon","coordinates":[[[-82.60124967882763,9.416250167925966],[-82.60124967882763,9.424583501225982],[-82.60958301212776,9.424583501225982],[-82.60958301212776,9.416250167925966],[-82.60124967882763,9.416250167925966]]]},"properties":{"OBJECTID":665,"Id":665,"gridcode":47,"Shape_Length":0.03333333320017573,"Shape_Area":0.0000694444438896211}},{"type":"Feature","id":666,"geometry":{"type":"Polygon","coordinates":[[[-82.59291634552778,9.416250167925966],[-82.59291634552778,9.424583501225982],[-82.60124967882763,9.424583501225982],[-82.60124967882763,9.416250167925966],[-82.59291634552778,9.416250167925966]]]},"properties":{"OBJECTID":666,"Id":666,"gridcode":46,"Shape_Length":0.03333333319983467,"Shape_Area":0.00006944444388820001}},{"type":"Feature","id":667,"geometry":{"type":"Polygon","coordinates":[[[-82.60124967882763,9.441250167825899],[-82.60124967882763,9.424583501225982],[-82.59291634552778,9.424583501225982],[-82.59291634552778,9.441250167825899],[-82.60124967882763,9.441250167825899]]]},"properties":{"OBJECTID":667,"Id":667,"gridcode":48,"Shape_Length":0.04999999979963832,"Shape_Area":0.00013888888777545264}},{"type":"Feature","id":668,"geometry":{"type":"Polygon","coordinates":[[[-82.58458301222771,9.416250167925966],[-82.58458301222771,9.424583501225982],[-82.59291634552778,9.424583501225982],[-82.59291634552778,9.416250167925966],[-82.58458301222771,9.416250167925966]]]},"properties":{"OBJECTID":668,"Id":668,"gridcode":44,"Shape_Length":0.03333333320017573,"Shape_Area":0.0000694444438896211}},{"type":"Feature","id":669,"geometry":{"type":"Polygon","coordinates":[[[-82.5762496789277,9.416250167925966],[-82.5762496789277,9.424583501225982],[-82.58458301222771,9.424583501225982],[-82.58458301222771,9.416250167925966],[-82.5762496789277,9.416250167925966]]]},"properties":{"OBJECTID":669,"Id":669,"gridcode":67,"Shape_Length":0.03333333320006204,"Shape_Area":0.0000694444438891474}},{"type":"Feature","id":670,"geometry":{"type":"Polygon","coordinates":[[[-82.56791634562774,9.416250167925966],[-82.56791634562774,9.424583501225982],[-82.5762496789277,9.424583501225982],[-82.5762496789277,9.416250167925966],[-82.56791634562774,9.416250167925966]]]},"properties":{"OBJECTID":670,"Id":670,"gridcode":126,"Shape_Length":0.033333333199948356,"Shape_Area":0.00006944444388867371}},{"type":"Feature","id":671,"geometry":{"type":"Polygon","coordinates":[[[-82.55958301232772,9.416250167925966],[-82.55958301232772,9.424583501225982],[-82.56791634562774,9.424583501225982],[-82.56791634562774,9.416250167925966],[-82.55958301232772,9.416250167925966]]]},"properties":{"OBJECTID":671,"Id":671,"gridcode":132,"Shape_Length":0.03333333320006204,"Shape_Area":0.0000694444438891474}},{"type":"Feature","id":672,"geometry":{"type":"Polygon","coordinates":[[[-82.55124967902776,9.416250167925966],[-82.55124967902776,9.424583501225982],[-82.55958301232772,9.424583501225982],[-82.55958301232772,9.416250167925966],[-82.55124967902776,9.416250167925966]]]},"properties":{"OBJECTID":672,"Id":672,"gridcode":333,"Shape_Length":0.033333333199948356,"Shape_Area":0.00006944444388867371}},{"type":"Feature","id":673,"geometry":{"type":"Polygon","coordinates":[[[-82.54291634572775,9.416250167925966],[-82.54291634572775,9.424583501225982],[-82.55124967902776,9.424583501225982],[-82.55124967902776,9.416250167925966],[-82.54291634572775,9.416250167925966]]]},"properties":{"OBJECTID":673,"Id":673,"gridcode":137,"Shape_Length":0.03333333320006204,"Shape_Area":0.0000694444438891474}},{"type":"Feature","id":674,"geometry":{"type":"Polygon","coordinates":[[[-82.53458301242779,9.416250167925966],[-82.53458301242779,9.424583501225982],[-82.54291634572775,9.424583501225982],[-82.54291634572775,9.416250167925966],[-82.53458301242779,9.416250167925966]]]},"properties":{"OBJECTID":674,"Id":674,"gridcode":184,"Shape_Length":0.033333333199948356,"Shape_Area":0.00006944444388867371}},{"type":"Feature","id":675,"geometry":{"type":"Polygon","coordinates":[[[-82.52624967912772,9.416250167925966],[-82.52624967912772,9.424583501225982],[-82.53458301242779,9.424583501225982],[-82.53458301242779,9.416250167925966],[-82.52624967912772,9.416250167925966]]]},"properties":{"OBJECTID":675,"Id":675,"gridcode":1130,"Shape_Length":0.03333333320017573,"Shape_Area":0.0000694444438896211}},{"type":"Feature","id":676,"geometry":{"type":"Polygon","coordinates":[[[-82.5179163458277,9.416250167925966],[-82.5179163458277,9.424583501225982],[-82.52624967912772,9.424583501225982],[-82.52624967912772,9.416250167925966],[-82.5179163458277,9.416250167925966]]]},"properties":{"OBJECTID":676,"Id":676,"gridcode":4574,"Shape_Length":0.03333333320006204,"Shape_Area":0.0000694444438891474}},{"type":"Feature","id":677,"geometry":{"type":"Polygon","coordinates":[[[-82.50958301252774,9.416250167925966],[-82.50958301252774,9.424583501225982],[-82.5179163458277,9.424583501225982],[-82.5179163458277,9.416250167925966],[-82.50958301252774,9.416250167925966]]]},"properties":{"OBJECTID":677,"Id":677,"gridcode":925,"Shape_Length":0.033333333199948356,"Shape_Area":0.00006944444388867371}},{"type":"Feature","id":678,"geometry":{"type":"Polygon","coordinates":[[[-82.50124967922773,9.416250167925966],[-82.50124967922773,9.424583501225982],[-82.50958301252774,9.424583501225982],[-82.50958301252774,9.416250167925966],[-82.50124967922773,9.416250167925966]]]},"properties":{"OBJECTID":678,"Id":678,"gridcode":208,"Shape_Length":0.03333333320006204,"Shape_Area":0.0000694444438891474}},{"type":"Feature","id":679,"geometry":{"type":"Polygon","coordinates":[[[-82.49291634592777,9.416250167925966],[-82.49291634592777,9.424583501225982],[-82.50124967922773,9.424583501225982],[-82.50124967922773,9.416250167925966],[-82.49291634592777,9.416250167925966]]]},"properties":{"OBJECTID":679,"Id":679,"gridcode":179,"Shape_Length":0.033333333199948356,"Shape_Area":0.00006944444388867371}},{"type":"Feature","id":680,"geometry":{"type":"Polygon","coordinates":[[[-82.46791634602766,9.416250167925966],[-82.46791634602766,9.424583501225982],[-82.47624967932768,9.424583501225982],[-82.47624967932768,9.416250167925966],[-82.46791634602766,9.416250167925966]]]},"properties":{"OBJECTID":680,"Id":680,"gridcode":117,"Shape_Length":0.033333333199948356,"Shape_Area":0.00006944444388867371}},{"type":"Feature","id":681,"geometry":{"type":"Polygon","coordinates":[[[-82.4595830127277,9.416250167925966],[-82.4595830127277,9.424583501225982],[-82.46791634602766,9.424583501225982],[-82.46791634602766,9.416250167925966],[-82.4595830127277,9.416250167925966]]]},"properties":{"OBJECTID":681,"Id":681,"gridcode":62,"Shape_Length":0.03333333320006204,"Shape_Area":0.0000694444438891474}},{"type":"Feature","id":682,"geometry":{"type":"Polygon","coordinates":[[[-82.44291634612773,9.416250167925966],[-82.44291634612773,9.424583501225982],[-82.45124967942775,9.424583501225982],[-82.45124967942775,9.416250167925966],[-82.44291634612773,9.416250167925966]]]},"properties":{"OBJECTID":682,"Id":682,"gridcode":48,"Shape_Length":0.03333333320006204,"Shape_Area":0.0000694444438891474}},{"type":"Feature","id":683,"geometry":{"type":"Polygon","coordinates":[[[-82.43458301282777,9.416250167925966],[-82.43458301282777,9.424583501225982],[-82.44291634612773,9.424583501225982],[-82.44291634612773,9.416250167925966],[-82.43458301282777,9.416250167925966]]]},"properties":{"OBJECTID":683,"Id":683,"gridcode":46,"Shape_Length":0.033333333199948356,"Shape_Area":0.00006944444388867371}},{"type":"Feature","id":684,"geometry":{"type":"Polygon","coordinates":[[[-82.45124967942775,9.424583501225982],[-82.43458301282777,9.424583501225982],[-82.43458301282777,9.441250167825899],[-82.44291634612773,9.441250167825899],[-82.44291634612773,9.432916834525827],[-82.45124967942775,9.432916834525827],[-82.45124967942775,9.424583501225982]]]},"properties":{"OBJECTID":684,"Id":684,"gridcode":47,"Shape_Length":0.06666666639978303,"Shape_Area":0.00020833333166412634}},{"type":"Feature","id":685,"geometry":{"type":"Polygon","coordinates":[[[-82.38458301302774,9.416250167925966],[-82.38458301302774,9.424583501225982],[-82.39291634632775,9.424583501225982],[-82.39291634632775,9.416250167925966],[-82.38458301302774,9.416250167925966]]]},"properties":{"OBJECTID":685,"Id":685,"gridcode":41,"Shape_Length":0.03333333320006204,"Shape_Area":0.0000694444438891474}},{"type":"Feature","id":686,"geometry":{"type":"Polygon","coordinates":[[[-82.37624967972772,9.416250167925966],[-82.37624967972772,9.424583501225982],[-82.38458301302774,9.424583501225982],[-82.38458301302774,9.416250167925966],[-82.37624967972772,9.416250167925966]]]},"properties":{"OBJECTID":686,"Id":686,"gridcode":40,"Shape_Length":0.03333333320006204,"Shape_Area":0.0000694444438891474}},{"type":"Feature","id":687,"geometry":{"type":"Polygon","coordinates":[[[-82.36791634642776,9.416250167925966],[-82.36791634642776,9.424583501225982],[-82.37624967972772,9.424583501225982],[-82.37624967972772,9.416250167925966],[-82.36791634642776,9.416250167925966]]]},"properties":{"OBJECTID":687,"Id":687,"gridcode":41,"Shape_Length":0.033333333199948356,"Shape_Area":0.00006944444388867371}},{"type":"Feature","id":688,"geometry":{"type":"Polygon","coordinates":[[[-82.35958301312769,9.416250167925966],[-82.35958301312769,9.424583501225982],[-82.36791634642776,9.424583501225982],[-82.36791634642776,9.416250167925966],[-82.35958301312769,9.416250167925966]]]},"properties":{"OBJECTID":688,"Id":688,"gridcode":43,"Shape_Length":0.03333333320017573,"Shape_Area":0.0000694444438896211}},{"type":"Feature","id":689,"geometry":{"type":"Polygon","coordinates":[[[-82.35124967982767,9.441250167825899],[-82.35124967982767,9.424583501225982],[-82.34291634652772,9.424583501225982],[-82.34291634652772,9.441250167825899],[-82.35124967982767,9.441250167825899]]]},"properties":{"OBJECTID":689,"Id":689,"gridcode":45,"Shape_Length":0.049999999799752004,"Shape_Area":0.00013888888777640002}},{"type":"Feature","id":690,"geometry":{"type":"Polygon","coordinates":[[[-82.33458301322776,9.416250167925966],[-82.33458301322776,9.424583501225982],[-82.34291634652772,9.424583501225982],[-82.34291634652772,9.416250167925966],[-82.33458301322776,9.416250167925966]]]},"properties":{"OBJECTID":690,"Id":690,"gridcode":45,"Shape_Length":0.033333333199948356,"Shape_Area":0.00006944444388867371}},{"type":"Feature","id":691,"geometry":{"type":"Polygon","coordinates":[[[-82.32624967992774,9.416250167925966],[-82.32624967992774,9.424583501225982],[-82.33458301322776,9.424583501225982],[-82.33458301322776,9.416250167925966],[-82.32624967992774,9.416250167925966]]]},"properties":{"OBJECTID":691,"Id":691,"gridcode":77,"Shape_Length":0.03333333320006204,"Shape_Area":0.0000694444438891474}},{"type":"Feature","id":692,"geometry":{"type":"Polygon","coordinates":[[[-82.31791634662773,9.416250167925966],[-82.31791634662773,9.424583501225982],[-82.32624967992774,9.424583501225982],[-82.32624967992774,9.416250167925966],[-82.31791634662773,9.416250167925966]]]},"properties":{"OBJECTID":692,"Id":692,"gridcode":75,"Shape_Length":0.03333333320006204,"Shape_Area":0.0000694444438891474}},{"type":"Feature","id":693,"geometry":{"type":"Polygon","coordinates":[[[-82.30958301332777,9.416250167925966],[-82.30958301332777,9.424583501225982],[-82.31791634662773,9.424583501225982],[-82.31791634662773,9.416250167925966],[-82.30958301332777,9.416250167925966]]]},"properties":{"OBJECTID":693,"Id":693,"gridcode":58,"Shape_Length":0.033333333199948356,"Shape_Area":0.00006944444388867371}},{"type":"Feature","id":694,"geometry":{"type":"Polygon","coordinates":[[[-82.28458301342772,9.416250167925966],[-82.28458301342772,9.424583501225982],[-82.29291634672768,9.424583501225982],[-82.29291634672768,9.416250167925966],[-82.28458301342772,9.416250167925966]]]},"properties":{"OBJECTID":694,"Id":694,"gridcode":48,"Shape_Length":0.033333333199948356,"Shape_Area":0.00006944444388867371}},{"type":"Feature","id":695,"geometry":{"type":"Polygon","coordinates":[[[-82.2762496801277,9.416250167925966],[-82.2762496801277,9.424583501225982],[-82.28458301342772,9.424583501225982],[-82.28458301342772,9.416250167925966],[-82.2762496801277,9.416250167925966]]]},"properties":{"OBJECTID":695,"Id":695,"gridcode":45,"Shape_Length":0.03333333320006204,"Shape_Area":0.0000694444438891474}},{"type":"Feature","id":696,"geometry":{"type":"Polygon","coordinates":[[[-82.91791634422776,9.407916834625894],[-82.91791634422776,9.416250167925966],[-82.92624967752772,9.416250167925966],[-82.92624967752772,9.407916834625894],[-82.91791634422776,9.407916834625894]]]},"properties":{"OBJECTID":696,"Id":696,"gridcode":16,"Shape_Length":0.03333333320006204,"Shape_Area":0.0000694444438891474}},{"type":"Feature","id":697,"geometry":{"type":"Polygon","coordinates":[[[-82.93458301082768,9.416250167925966],[-82.91791634422776,9.416250167925966],[-82.91791634422776,9.432916834525827],[-82.92624967752772,9.432916834525827],[-82.92624967752772,9.424583501225982],[-82.93458301082768,9.424583501225982],[-82.93458301082768,9.416250167925966]]]},"properties":{"OBJECTID":697,"Id":697,"gridcode":18,"Shape_Length":0.06666666639955565,"Shape_Area":0.00020833333166460003}},{"type":"Feature","id":698,"geometry":{"type":"Polygon","coordinates":[[[-82.8845830110277,9.416250167925966],[-82.85958301112777,9.416250167925966],[-82.85958301112777,9.424583501225982],[-82.8845830110277,9.424583501225982],[-82.8845830110277,9.416250167925966]]]},"properties":{"OBJECTID":698,"Id":698,"gridcode":15,"Shape_Length":0.06666666639989671,"Shape_Area":0.0002083333316664948}},{"type":"Feature","id":699,"geometry":{"type":"Polygon","coordinates":[[[-82.79291634472776,9.407916834625894],[-82.79291634472776,9.416250167925966],[-82.80124967802772,9.416250167925966],[-82.80124967802772,9.407916834625894],[-82.79291634472776,9.407916834625894]]]},"properties":{"OBJECTID":699,"Id":699,"gridcode":12,"Shape_Length":0.03333333320006204,"Shape_Area":0.0000694444438891474}},{"type":"Feature","id":700,"geometry":{"type":"Polygon","coordinates":[[[-82.80958301132773,9.416250167925966],[-82.78458301142774,9.416250167925966],[-82.78458301142774,9.424583501225982],[-82.80958301132773,9.424583501225982],[-82.80958301132773,9.416250167925966]]]},"properties":{"OBJECTID":700,"Id":700,"gridcode":13,"Shape_Length":0.0666666664000104,"Shape_Area":0.00020833333166696852}},{"type":"Feature","id":701,"geometry":{"type":"Polygon","coordinates":[[[-82.76791634482765,9.407916834625894],[-82.76791634482765,9.416250167925966],[-82.77624967812778,9.416250167925966],[-82.77624967812778,9.407916834625894],[-82.76791634482765,9.407916834625894]]]},"properties":{"OBJECTID":701,"Id":701,"gridcode":12,"Shape_Length":0.03333333320028942,"Shape_Area":0.00006944444389009479}},{"type":"Feature","id":702,"geometry":{"type":"Polygon","coordinates":[[[-82.7595830115277,9.407916834625894],[-82.7595830115277,9.416250167925966],[-82.76791634482765,9.416250167925966],[-82.76791634482765,9.407916834625894],[-82.7595830115277,9.407916834625894]]]},"properties":{"OBJECTID":702,"Id":702,"gridcode":6,"Shape_Length":0.03333333320017573,"Shape_Area":0.0000694444438896211}},{"type":"Feature","id":703,"geometry":{"type":"Polygon","coordinates":[[[-82.78458301142774,9.416250167925966],[-82.7595830115277,9.416250167925966],[-82.7595830115277,9.424583501225982],[-82.78458301142774,9.424583501225982],[-82.78458301142774,9.416250167925966]]]},"properties":{"OBJECTID":703,"Id":703,"gridcode":14,"Shape_Length":0.06666666640012409,"Shape_Area":0.0002083333316674422}},{"type":"Feature","id":704,"geometry":{"type":"Polygon","coordinates":[[[-82.66791634522775,9.407916834625894],[-82.66791634522775,9.416250167925966],[-82.67624967852777,9.416250167925966],[-82.67624967852777,9.407916834625894],[-82.66791634522775,9.407916834625894]]]},"properties":{"OBJECTID":704,"Id":704,"gridcode":7,"Shape_Length":0.03333333320017573,"Shape_Area":0.0000694444438896211}},{"type":"Feature","id":705,"geometry":{"type":"Polygon","coordinates":[[[-82.67624967852777,9.416250167925966],[-82.65124967862778,9.416250167925966],[-82.65124967862778,9.424583501225982],[-82.67624967852777,9.424583501225982],[-82.67624967852777,9.416250167925966]]]},"properties":{"OBJECTID":705,"Id":705,"gridcode":9,"Shape_Length":0.0666666664000104,"Shape_Area":0.00020833333166696852}},{"type":"Feature","id":706,"geometry":{"type":"Polygon","coordinates":[[[-82.62624967872773,9.407916834625894],[-82.62624967872773,9.416250167925966],[-82.63458301202769,9.416250167925966],[-82.63458301202769,9.407916834625894],[-82.62624967872773,9.407916834625894]]]},"properties":{"OBJECTID":706,"Id":706,"gridcode":15,"Shape_Length":0.03333333320006204,"Shape_Area":0.0000694444438891474}},{"type":"Feature","id":707,"geometry":{"type":"Polygon","coordinates":[[[-82.61791634542777,9.407916834625894],[-82.61791634542777,9.416250167925966],[-82.62624967872773,9.416250167925966],[-82.62624967872773,9.407916834625894],[-82.61791634542777,9.407916834625894]]]},"properties":{"OBJECTID":707,"Id":707,"gridcode":33,"Shape_Length":0.03333333320006204,"Shape_Area":0.0000694444438891474}},{"type":"Feature","id":708,"geometry":{"type":"Polygon","coordinates":[[[-82.60958301212776,9.407916834625894],[-82.60958301212776,9.416250167925966],[-82.61791634542777,9.416250167925966],[-82.61791634542777,9.407916834625894],[-82.60958301212776,9.407916834625894]]]},"properties":{"OBJECTID":708,"Id":708,"gridcode":40,"Shape_Length":0.03333333320017573,"Shape_Area":0.0000694444438896211}},{"type":"Feature","id":709,"geometry":{"type":"Polygon","coordinates":[[[-82.59291634552778,9.407916834625894],[-82.59291634552778,9.416250167925966],[-82.60124967882763,9.416250167925966],[-82.60124967882763,9.407916834625894],[-82.59291634552778,9.407916834625894]]]},"properties":{"OBJECTID":709,"Id":709,"gridcode":43,"Shape_Length":0.033333333199948356,"Shape_Area":0.00006944444388867371}},{"type":"Feature","id":710,"geometry":{"type":"Polygon","coordinates":[[[-82.58458301222771,9.407916834625894],[-82.58458301222771,9.416250167925966],[-82.59291634552778,9.416250167925966],[-82.59291634552778,9.407916834625894],[-82.58458301222771,9.407916834625894]]]},"properties":{"OBJECTID":710,"Id":710,"gridcode":42,"Shape_Length":0.03333333320028942,"Shape_Area":0.00006944444389009479}},{"type":"Feature","id":711,"geometry":{"type":"Polygon","coordinates":[[[-82.5762496789277,9.407916834625894],[-82.5762496789277,9.416250167925966],[-82.58458301222771,9.416250167925966],[-82.58458301222771,9.407916834625894],[-82.5762496789277,9.407916834625894]]]},"properties":{"OBJECTID":711,"Id":711,"gridcode":41,"Shape_Length":0.03333333320017573,"Shape_Area":0.0000694444438896211}},{"type":"Feature","id":712,"geometry":{"type":"Polygon","coordinates":[[[-82.56791634562774,9.407916834625894],[-82.56791634562774,9.416250167925966],[-82.5762496789277,9.416250167925966],[-82.5762496789277,9.407916834625894],[-82.56791634562774,9.407916834625894]]]},"properties":{"OBJECTID":712,"Id":712,"gridcode":52,"Shape_Length":0.03333333320006204,"Shape_Area":0.0000694444438891474}},{"type":"Feature","id":713,"geometry":{"type":"Polygon","coordinates":[[[-82.55958301232772,9.407916834625894],[-82.55958301232772,9.416250167925966],[-82.56791634562774,9.416250167925966],[-82.56791634562774,9.407916834625894],[-82.55958301232772,9.407916834625894]]]},"properties":{"OBJECTID":713,"Id":713,"gridcode":112,"Shape_Length":0.03333333320017573,"Shape_Area":0.0000694444438896211}},{"type":"Feature","id":714,"geometry":{"type":"Polygon","coordinates":[[[-82.55124967902776,9.407916834625894],[-82.55124967902776,9.416250167925966],[-82.55958301232772,9.416250167925966],[-82.55958301232772,9.407916834625894],[-82.55124967902776,9.407916834625894]]]},"properties":{"OBJECTID":714,"Id":714,"gridcode":103,"Shape_Length":0.03333333320006204,"Shape_Area":0.0000694444438891474}},{"type":"Feature","id":715,"geometry":{"type":"Polygon","coordinates":[[[-82.54291634572775,9.407916834625894],[-82.54291634572775,9.416250167925966],[-82.55124967902776,9.416250167925966],[-82.55124967902776,9.407916834625894],[-82.54291634572775,9.407916834625894]]]},"properties":{"OBJECTID":715,"Id":715,"gridcode":84,"Shape_Length":0.03333333320017573,"Shape_Area":0.0000694444438896211}},{"type":"Feature","id":716,"geometry":{"type":"Polygon","coordinates":[[[-82.53458301242779,9.407916834625894],[-82.53458301242779,9.416250167925966],[-82.54291634572775,9.416250167925966],[-82.54291634572775,9.407916834625894],[-82.53458301242779,9.407916834625894]]]},"properties":{"OBJECTID":716,"Id":716,"gridcode":212,"Shape_Length":0.03333333320006204,"Shape_Area":0.0000694444438891474}},{"type":"Feature","id":717,"geometry":{"type":"Polygon","coordinates":[[[-82.52624967912772,9.407916834625894],[-82.52624967912772,9.416250167925966],[-82.53458301242779,9.416250167925966],[-82.53458301242779,9.407916834625894],[-82.52624967912772,9.407916834625894]]]},"properties":{"OBJECTID":717,"Id":717,"gridcode":2191,"Shape_Length":0.03333333320028942,"Shape_Area":0.00006944444389009479}},{"type":"Feature","id":718,"geometry":{"type":"Polygon","coordinates":[[[-82.5179163458277,9.407916834625894],[-82.5179163458277,9.416250167925966],[-82.52624967912772,9.416250167925966],[-82.52624967912772,9.407916834625894],[-82.5179163458277,9.407916834625894]]]},"properties":{"OBJECTID":718,"Id":718,"gridcode":5024,"Shape_Length":0.03333333320017573,"Shape_Area":0.0000694444438896211}},{"type":"Feature","id":719,"geometry":{"type":"Polygon","coordinates":[[[-82.50958301252774,9.407916834625894],[-82.50958301252774,9.416250167925966],[-82.5179163458277,9.416250167925966],[-82.5179163458277,9.407916834625894],[-82.50958301252774,9.407916834625894]]]},"properties":{"OBJECTID":719,"Id":719,"gridcode":1237,"Shape_Length":0.03333333320006204,"Shape_Area":0.0000694444438891474}},{"type":"Feature","id":720,"geometry":{"type":"Polygon","coordinates":[[[-82.50124967922773,9.407916834625894],[-82.50124967922773,9.416250167925966],[-82.50958301252774,9.416250167925966],[-82.50958301252774,9.407916834625894],[-82.50124967922773,9.407916834625894]]]},"properties":{"OBJECTID":720,"Id":720,"gridcode":324,"Shape_Length":0.03333333320017573,"Shape_Area":0.0000694444438896211}},{"type":"Feature","id":721,"geometry":{"type":"Polygon","coordinates":[[[-82.49291634592777,9.407916834625894],[-82.49291634592777,9.416250167925966],[-82.50124967922773,9.416250167925966],[-82.50124967922773,9.407916834625894],[-82.49291634592777,9.407916834625894]]]},"properties":{"OBJECTID":721,"Id":721,"gridcode":239,"Shape_Length":0.03333333320006204,"Shape_Area":0.0000694444438891474}},{"type":"Feature","id":722,"geometry":{"type":"Polygon","coordinates":[[[-82.48458301262775,9.407916834625894],[-82.48458301262775,9.416250167925966],[-82.49291634592777,9.416250167925966],[-82.49291634592777,9.407916834625894],[-82.48458301262775,9.407916834625894]]]},"properties":{"OBJECTID":722,"Id":722,"gridcode":135,"Shape_Length":0.03333333320017573,"Shape_Area":0.0000694444438896211}},{"type":"Feature","id":723,"geometry":{"type":"Polygon","coordinates":[[[-82.47624967932768,9.407916834625894],[-82.47624967932768,9.416250167925966],[-82.48458301262775,9.416250167925966],[-82.48458301262775,9.407916834625894],[-82.47624967932768,9.407916834625894]]]},"properties":{"OBJECTID":723,"Id":723,"gridcode":136,"Shape_Length":0.03333333320028942,"Shape_Area":0.00006944444389009479}},{"type":"Feature","id":724,"geometry":{"type":"Polygon","coordinates":[[[-82.49291634592777,9.416250167925966],[-82.47624967932768,9.416250167925966],[-82.47624967932768,9.424583501225982],[-82.49291634592777,9.424583501225982],[-82.49291634592777,9.416250167925966]]]},"properties":{"OBJECTID":724,"Id":724,"gridcode":88,"Shape_Length":0.04999999980020675,"Shape_Area":0.0001388888877787685}},{"type":"Feature","id":725,"geometry":{"type":"Polygon","coordinates":[[[-82.46791634602766,9.407916834625894],[-82.46791634602766,9.416250167925966],[-82.47624967932768,9.416250167925966],[-82.47624967932768,9.407916834625894],[-82.46791634602766,9.407916834625894]]]},"properties":{"OBJECTID":725,"Id":725,"gridcode":83,"Shape_Length":0.03333333320006204,"Shape_Area":0.0000694444438891474}},{"type":"Feature","id":726,"geometry":{"type":"Polygon","coordinates":[[[-82.4595830127277,9.407916834625894],[-82.4595830127277,9.416250167925966],[-82.46791634602766,9.416250167925966],[-82.46791634602766,9.407916834625894],[-82.4595830127277,9.407916834625894]]]},"properties":{"OBJECTID":726,"Id":726,"gridcode":45,"Shape_Length":0.03333333320017573,"Shape_Area":0.0000694444438896211}},{"type":"Feature","id":727,"geometry":{"type":"Polygon","coordinates":[[[-82.45124967942775,9.407916834625894],[-82.45124967942775,9.416250167925966],[-82.4595830127277,9.416250167925966],[-82.4595830127277,9.407916834625894],[-82.45124967942775,9.407916834625894]]]},"properties":{"OBJECTID":727,"Id":727,"gridcode":42,"Shape_Length":0.03333333320006204,"Shape_Area":0.0000694444438891474}},{"type":"Feature","id":728,"geometry":{"type":"Polygon","coordinates":[[[-82.4595830127277,9.432916834525827],[-82.4595830127277,9.416250167925966],[-82.45124967942775,9.416250167925966],[-82.45124967942775,9.432916834525827],[-82.4595830127277,9.432916834525827]]]},"properties":{"OBJECTID":728,"Id":728,"gridcode":44,"Shape_Length":0.04999999979963832,"Shape_Area":0.00013888888777592633}},{"type":"Feature","id":729,"geometry":{"type":"Polygon","coordinates":[[[-82.38458301302774,9.407916834625894],[-82.38458301302774,9.416250167925966],[-82.39291634632775,9.416250167925966],[-82.39291634632775,9.407916834625894],[-82.38458301302774,9.407916834625894]]]},"properties":{"OBJECTID":729,"Id":729,"gridcode":38,"Shape_Length":0.03333333320017573,"Shape_Area":0.0000694444438896211}},{"type":"Feature","id":730,"geometry":{"type":"Polygon","coordinates":[[[-82.35958301312769,9.407916834625894],[-82.35958301312769,9.416250167925966],[-82.36791634642776,9.416250167925966],[-82.36791634642776,9.407916834625894],[-82.35958301312769,9.407916834625894]]]},"properties":{"OBJECTID":730,"Id":730,"gridcode":41,"Shape_Length":0.03333333320028942,"Shape_Area":0.00006944444389009479}},{"type":"Feature","id":731,"geometry":{"type":"Polygon","coordinates":[[[-82.35124967982767,9.407916834625894],[-82.35124967982767,9.416250167925966],[-82.35958301312769,9.416250167925966],[-82.35958301312769,9.407916834625894],[-82.35124967982767,9.407916834625894]]]},"properties":{"OBJECTID":731,"Id":731,"gridcode":45,"Shape_Length":0.03333333320017573,"Shape_Area":0.0000694444438896211}},{"type":"Feature","id":732,"geometry":{"type":"Polygon","coordinates":[[[-82.34291634652772,9.407916834625894],[-82.34291634652772,9.416250167925966],[-82.35124967982767,9.416250167925966],[-82.35124967982767,9.407916834625894],[-82.34291634652772,9.407916834625894]]]},"properties":{"OBJECTID":732,"Id":732,"gridcode":47,"Shape_Length":0.03333333320006204,"Shape_Area":0.0000694444438891474}},{"type":"Feature","id":733,"geometry":{"type":"Polygon","coordinates":[[[-82.35958301312769,9.416250167925966],[-82.34291634652772,9.416250167925966],[-82.34291634652772,9.424583501225982],[-82.35124967982767,9.424583501225982],[-82.35124967982767,9.432916834525827],[-82.35958301312769,9.432916834525827],[-82.35958301312769,9.416250167925966]]]},"properties":{"OBJECTID":733,"Id":733,"gridcode":46,"Shape_Length":0.06666666639966934,"Shape_Area":0.00020833333166554746}},{"type":"Feature","id":734,"geometry":{"type":"Polygon","coordinates":[[[-82.32624967992774,9.407916834625894],[-82.32624967992774,9.416250167925966],[-82.33458301322776,9.416250167925966],[-82.33458301322776,9.407916834625894],[-82.32624967992774,9.407916834625894]]]},"properties":{"OBJECTID":734,"Id":734,"gridcode":76,"Shape_Length":0.03333333320017573,"Shape_Area":0.0000694444438896211}},{"type":"Feature","id":735,"geometry":{"type":"Polygon","coordinates":[[[-82.31791634662773,9.407916834625894],[-82.31791634662773,9.416250167925966],[-82.32624967992774,9.416250167925966],[-82.32624967992774,9.407916834625894],[-82.31791634662773,9.407916834625894]]]},"properties":{"OBJECTID":735,"Id":735,"gridcode":63,"Shape_Length":0.03333333320017573,"Shape_Area":0.0000694444438896211}},{"type":"Feature","id":736,"geometry":{"type":"Polygon","coordinates":[[[-82.30958301332777,9.407916834625894],[-82.30958301332777,9.416250167925966],[-82.31791634662773,9.416250167925966],[-82.31791634662773,9.407916834625894],[-82.30958301332777,9.407916834625894]]]},"properties":{"OBJECTID":736,"Id":736,"gridcode":48,"Shape_Length":0.03333333320006204,"Shape_Area":0.0000694444438891474}},{"type":"Feature","id":737,"geometry":{"type":"Polygon","coordinates":[[[-82.30124968002764,9.407916834625894],[-82.30124968002764,9.416250167925966],[-82.30958301332777,9.416250167925966],[-82.30958301332777,9.407916834625894],[-82.30124968002764,9.407916834625894]]]},"properties":{"OBJECTID":737,"Id":737,"gridcode":47,"Shape_Length":0.03333333320028942,"Shape_Area":0.00006944444389009479}},{"type":"Feature","id":738,"geometry":{"type":"Polygon","coordinates":[[[-82.29291634672768,9.407916834625894],[-82.29291634672768,9.416250167925966],[-82.30124968002764,9.416250167925966],[-82.30124968002764,9.407916834625894],[-82.29291634672768,9.407916834625894]]]},"properties":{"OBJECTID":738,"Id":738,"gridcode":49,"Shape_Length":0.03333333320017573,"Shape_Area":0.0000694444438896211}},{"type":"Feature","id":739,"geometry":{"type":"Polygon","coordinates":[[[-82.30958301332777,9.416250167925966],[-82.29291634672768,9.416250167925966],[-82.29291634672768,9.424583501225982],[-82.30958301332777,9.424583501225982],[-82.30958301332777,9.416250167925966]]]},"properties":{"OBJECTID":739,"Id":739,"gridcode":54,"Shape_Length":0.04999999980020675,"Shape_Area":0.0001388888877787685}},{"type":"Feature","id":740,"geometry":{"type":"Polygon","coordinates":[[[-82.28458301342772,9.407916834625894],[-82.28458301342772,9.416250167925966],[-82.29291634672768,9.416250167925966],[-82.29291634672768,9.407916834625894],[-82.28458301342772,9.407916834625894]]]},"properties":{"OBJECTID":740,"Id":740,"gridcode":45,"Shape_Length":0.03333333320006204,"Shape_Area":0.0000694444438891474}},{"type":"Feature","id":741,"geometry":{"type":"Polygon","coordinates":[[[-82.2762496801277,9.407916834625894],[-82.2762496801277,9.416250167925966],[-82.28458301342772,9.416250167925966],[-82.28458301342772,9.407916834625894],[-82.2762496801277,9.407916834625894]]]},"properties":{"OBJECTID":741,"Id":741,"gridcode":43,"Shape_Length":0.03333333320017573,"Shape_Area":0.0000694444438896211}},{"type":"Feature","id":742,"geometry":{"type":"Polygon","coordinates":[[[-82.26791634682775,9.407916834625894],[-82.26791634682775,9.416250167925966],[-82.2762496801277,9.416250167925966],[-82.2762496801277,9.407916834625894],[-82.26791634682775,9.407916834625894]]]},"properties":{"OBJECTID":742,"Id":742,"gridcode":45,"Shape_Length":0.03333333320006204,"Shape_Area":0.0000694444438891474}},{"type":"Feature","id":743,"geometry":{"type":"Polygon","coordinates":[[[-82.2762496801277,9.424583501225982],[-82.2762496801277,9.416250167925966],[-82.26791634682775,9.416250167925966],[-82.26791634682775,9.432916834525827],[-82.28458301342772,9.432916834525827],[-82.28458301342772,9.424583501225982],[-82.2762496801277,9.424583501225982]]]},"properties":{"OBJECTID":743,"Id":743,"gridcode":46,"Shape_Length":0.06666666639966934,"Shape_Area":0.00020833333166365265}},{"type":"Feature","id":744,"geometry":{"type":"Polygon","coordinates":[[[-82.25958301352773,9.432916834525827],[-82.25958301352773,9.416250167925966],[-82.25124968022766,9.416250167925966],[-82.25124968022766,9.432916834525827],[-82.25958301352773,9.432916834525827]]]},"properties":{"OBJECTID":744,"Id":744,"gridcode":49,"Shape_Length":0.04999999979986569,"Shape_Area":0.0001388888877778211}},{"type":"Feature","id":745,"geometry":{"type":"Polygon","coordinates":[[[-82.90124967762779,9.407916834625894],[-82.8845830110277,9.407916834625894],[-82.8845830110277,9.441250167825899],[-82.89291634432777,9.441250167825899],[-82.89291634432777,9.432916834525827],[-82.90124967762779,9.432916834525827],[-82.90124967762779,9.407916834625894]]]},"properties":{"OBJECTID":745,"Id":745,"gridcode":13,"Shape_Length":0.09999999960018613,"Shape_Area":0.00048611110722450554}},{"type":"Feature","id":746,"geometry":{"type":"Polygon","coordinates":[[[-82.8845830110277,9.407916834625894],[-82.85958301112777,9.407916834625894],[-82.85958301112777,9.416250167925966],[-82.8845830110277,9.416250167925966],[-82.8845830110277,9.407916834625894]]]},"properties":{"OBJECTID":746,"Id":746,"gridcode":14,"Shape_Length":0.0666666664000104,"Shape_Area":0.0002083333316679159}},{"type":"Feature","id":747,"geometry":{"type":"Polygon","coordinates":[[[-82.84291634452774,9.399583501325878],[-82.84291634452774,9.407916834625894],[-82.85124967782775,9.407916834625894],[-82.85124967782775,9.399583501325878],[-82.84291634452774,9.399583501325878]]]},"properties":{"OBJECTID":747,"Id":747,"gridcode":10,"Shape_Length":0.03333333320006204,"Shape_Area":0.0000694444438891474}},{"type":"Feature","id":748,"geometry":{"type":"Polygon","coordinates":[[[-82.85124967782775,9.424583501225982],[-82.85124967782775,9.407916834625894],[-82.84291634452774,9.407916834625894],[-82.84291634452774,9.416250167925966],[-82.81791634462769,9.416250167925966],[-82.81791634462769,9.424583501225982],[-82.85124967782775,9.424583501225982]]]},"properties":{"OBJECTID":748,"Id":748,"gridcode":11,"Shape_Length":0.09999999960029982,"Shape_Area":0.0003472222194462107}},{"type":"Feature","id":749,"geometry":{"type":"Polygon","coordinates":[[[-82.7595830115277,9.399583501325878],[-82.7595830115277,9.407916834625894],[-82.76791634482765,9.407916834625894],[-82.76791634482765,9.399583501325878],[-82.7595830115277,9.399583501325878]]]},"properties":{"OBJECTID":749,"Id":749,"gridcode":3,"Shape_Length":0.03333333320006204,"Shape_Area":0.0000694444438891474}},{"type":"Feature","id":750,"geometry":{"type":"Polygon","coordinates":[[[-82.62624967872773,9.399583501325878],[-82.62624967872773,9.407916834625894],[-82.63458301202769,9.407916834625894],[-82.63458301202769,9.399583501325878],[-82.62624967872773,9.399583501325878]]]},"properties":{"OBJECTID":750,"Id":750,"gridcode":10,"Shape_Length":0.033333333199948356,"Shape_Area":0.00006944444388867371}},{"type":"Feature","id":751,"geometry":{"type":"Polygon","coordinates":[[[-82.61791634542777,9.399583501325878],[-82.61791634542777,9.407916834625894],[-82.62624967872773,9.407916834625894],[-82.62624967872773,9.399583501325878],[-82.61791634542777,9.399583501325878]]]},"properties":{"OBJECTID":751,"Id":751,"gridcode":12,"Shape_Length":0.033333333199948356,"Shape_Area":0.00006944444388867371}},{"type":"Feature","id":752,"geometry":{"type":"Polygon","coordinates":[[[-82.60958301212776,9.399583501325878],[-82.60958301212776,9.407916834625894],[-82.61791634542777,9.407916834625894],[-82.61791634542777,9.399583501325878],[-82.60958301212776,9.399583501325878]]]},"properties":{"OBJECTID":752,"Id":752,"gridcode":28,"Shape_Length":0.03333333320006204,"Shape_Area":0.0000694444438891474}},{"type":"Feature","id":753,"geometry":{"type":"Polygon","coordinates":[[[-82.59291634552778,9.399583501325878],[-82.59291634552778,9.407916834625894],[-82.60124967882763,9.407916834625894],[-82.60124967882763,9.399583501325878],[-82.59291634552778,9.399583501325878]]]},"properties":{"OBJECTID":753,"Id":753,"gridcode":42,"Shape_Length":0.03333333319983467,"Shape_Area":0.00006944444388820001}},{"type":"Feature","id":754,"geometry":{"type":"Polygon","coordinates":[[[-82.58458301222771,9.399583501325878],[-82.58458301222771,9.407916834625894],[-82.59291634552778,9.407916834625894],[-82.59291634552778,9.399583501325878],[-82.58458301222771,9.399583501325878]]]},"properties":{"OBJECTID":754,"Id":754,"gridcode":41,"Shape_Length":0.03333333320017573,"Shape_Area":0.0000694444438896211}},{"type":"Feature","id":755,"geometry":{"type":"Polygon","coordinates":[[[-82.5762496789277,9.399583501325878],[-82.5762496789277,9.407916834625894],[-82.58458301222771,9.407916834625894],[-82.58458301222771,9.399583501325878],[-82.5762496789277,9.399583501325878]]]},"properties":{"OBJECTID":755,"Id":755,"gridcode":42,"Shape_Length":0.03333333320006204,"Shape_Area":0.0000694444438891474}},{"type":"Feature","id":756,"geometry":{"type":"Polygon","coordinates":[[[-82.56791634562774,9.399583501325878],[-82.56791634562774,9.407916834625894],[-82.5762496789277,9.407916834625894],[-82.5762496789277,9.399583501325878],[-82.56791634562774,9.399583501325878]]]},"properties":{"OBJECTID":756,"Id":756,"gridcode":58,"Shape_Length":0.033333333199948356,"Shape_Area":0.00006944444388867371}},{"type":"Feature","id":757,"geometry":{"type":"Polygon","coordinates":[[[-82.55958301232772,9.399583501325878],[-82.55958301232772,9.407916834625894],[-82.56791634562774,9.407916834625894],[-82.56791634562774,9.399583501325878],[-82.55958301232772,9.399583501325878]]]},"properties":{"OBJECTID":757,"Id":757,"gridcode":110,"Shape_Length":0.03333333320006204,"Shape_Area":0.0000694444438891474}},{"type":"Feature","id":758,"geometry":{"type":"Polygon","coordinates":[[[-82.55124967902776,9.399583501325878],[-82.55124967902776,9.407916834625894],[-82.55958301232772,9.407916834625894],[-82.55958301232772,9.399583501325878],[-82.55124967902776,9.399583501325878]]]},"properties":{"OBJECTID":758,"Id":758,"gridcode":61,"Shape_Length":0.033333333199948356,"Shape_Area":0.00006944444388867371}},{"type":"Feature","id":759,"geometry":{"type":"Polygon","coordinates":[[[-82.53458301242779,9.399583501325878],[-82.53458301242779,9.407916834625894],[-82.54291634572775,9.407916834625894],[-82.54291634572775,9.399583501325878],[-82.53458301242779,9.399583501325878]]]},"properties":{"OBJECTID":759,"Id":759,"gridcode":110,"Shape_Length":0.033333333199948356,"Shape_Area":0.00006944444388867371}},{"type":"Feature","id":760,"geometry":{"type":"Polygon","coordinates":[[[-82.52624967912772,9.399583501325878],[-82.52624967912772,9.407916834625894],[-82.53458301242779,9.407916834625894],[-82.53458301242779,9.399583501325878],[-82.52624967912772,9.399583501325878]]]},"properties":{"OBJECTID":760,"Id":760,"gridcode":340,"Shape_Length":0.03333333320017573,"Shape_Area":0.0000694444438896211}},{"type":"Feature","id":761,"geometry":{"type":"Polygon","coordinates":[[[-82.5179163458277,9.399583501325878],[-82.5179163458277,9.407916834625894],[-82.52624967912772,9.407916834625894],[-82.52624967912772,9.399583501325878],[-82.5179163458277,9.399583501325878]]]},"properties":{"OBJECTID":761,"Id":761,"gridcode":692,"Shape_Length":0.03333333320006204,"Shape_Area":0.0000694444438891474}},{"type":"Feature","id":762,"geometry":{"type":"Polygon","coordinates":[[[-82.50958301252774,9.399583501325878],[-82.50958301252774,9.407916834625894],[-82.5179163458277,9.407916834625894],[-82.5179163458277,9.399583501325878],[-82.50958301252774,9.399583501325878]]]},"properties":{"OBJECTID":762,"Id":762,"gridcode":377,"Shape_Length":0.033333333199948356,"Shape_Area":0.00006944444388867371}},{"type":"Feature","id":763,"geometry":{"type":"Polygon","coordinates":[[[-82.50124967922773,9.399583501325878],[-82.50124967922773,9.407916834625894],[-82.50958301252774,9.407916834625894],[-82.50958301252774,9.399583501325878],[-82.50124967922773,9.399583501325878]]]},"properties":{"OBJECTID":763,"Id":763,"gridcode":483,"Shape_Length":0.03333333320006204,"Shape_Area":0.0000694444438891474}},{"type":"Feature","id":764,"geometry":{"type":"Polygon","coordinates":[[[-82.49291634592777,9.399583501325878],[-82.49291634592777,9.407916834625894],[-82.50124967922773,9.407916834625894],[-82.50124967922773,9.399583501325878],[-82.49291634592777,9.399583501325878]]]},"properties":{"OBJECTID":764,"Id":764,"gridcode":446,"Shape_Length":0.033333333199948356,"Shape_Area":0.00006944444388867371}},{"type":"Feature","id":765,"geometry":{"type":"Polygon","coordinates":[[[-82.48458301262775,9.399583501325878],[-82.48458301262775,9.407916834625894],[-82.49291634592777,9.407916834625894],[-82.49291634592777,9.399583501325878],[-82.48458301262775,9.399583501325878]]]},"properties":{"OBJECTID":765,"Id":765,"gridcode":138,"Shape_Length":0.03333333320006204,"Shape_Area":0.0000694444438891474}},{"type":"Feature","id":766,"geometry":{"type":"Polygon","coordinates":[[[-82.47624967932768,9.399583501325878],[-82.47624967932768,9.407916834625894],[-82.48458301262775,9.407916834625894],[-82.48458301262775,9.399583501325878],[-82.47624967932768,9.399583501325878]]]},"properties":{"OBJECTID":766,"Id":766,"gridcode":96,"Shape_Length":0.03333333320017573,"Shape_Area":0.0000694444438896211}},{"type":"Feature","id":767,"geometry":{"type":"Polygon","coordinates":[[[-82.46791634602766,9.399583501325878],[-82.46791634602766,9.407916834625894],[-82.47624967932768,9.407916834625894],[-82.47624967932768,9.399583501325878],[-82.46791634602766,9.399583501325878]]]},"properties":{"OBJECTID":767,"Id":767,"gridcode":55,"Shape_Length":0.033333333199948356,"Shape_Area":0.00006944444388867371}},{"type":"Feature","id":768,"geometry":{"type":"Polygon","coordinates":[[[-82.4595830127277,9.399583501325878],[-82.4595830127277,9.407916834625894],[-82.46791634602766,9.407916834625894],[-82.46791634602766,9.399583501325878],[-82.4595830127277,9.399583501325878]]]},"properties":{"OBJECTID":768,"Id":768,"gridcode":42,"Shape_Length":0.03333333320006204,"Shape_Area":0.0000694444438891474}},{"type":"Feature","id":769,"geometry":{"type":"Polygon","coordinates":[[[-82.45124967942775,9.399583501325878],[-82.45124967942775,9.407916834625894],[-82.4595830127277,9.407916834625894],[-82.4595830127277,9.399583501325878],[-82.45124967942775,9.399583501325878]]]},"properties":{"OBJECTID":769,"Id":769,"gridcode":39,"Shape_Length":0.033333333199948356,"Shape_Area":0.00006944444388867371}},{"type":"Feature","id":770,"geometry":{"type":"Polygon","coordinates":[[[-82.43458301282777,9.399583501325878],[-82.43458301282777,9.407916834625894],[-82.44291634612773,9.407916834625894],[-82.44291634612773,9.399583501325878],[-82.43458301282777,9.399583501325878]]]},"properties":{"OBJECTID":770,"Id":770,"gridcode":40,"Shape_Length":0.033333333199948356,"Shape_Area":0.00006944444388867371}},{"type":"Feature","id":771,"geometry":{"type":"Polygon","coordinates":[[[-82.42624967952776,9.399583501325878],[-82.42624967952776,9.407916834625894],[-82.43458301282777,9.407916834625894],[-82.43458301282777,9.399583501325878],[-82.42624967952776,9.399583501325878]]]},"properties":{"OBJECTID":771,"Id":771,"gridcode":39,"Shape_Length":0.03333333320006204,"Shape_Area":0.0000694444438891474}},{"type":"Feature","id":772,"geometry":{"type":"Polygon","coordinates":[[[-82.42624967952776,9.432916834525827],[-82.42624967952776,9.407916834625894],[-82.41791634622768,9.407916834625894],[-82.41791634622768,9.432916834525827],[-82.42624967952776,9.432916834525827]]]},"properties":{"OBJECTID":772,"Id":772,"gridcode":41,"Shape_Length":0.0666666664000104,"Shape_Area":0.0002083333316679159}},{"type":"Feature","id":773,"geometry":{"type":"Polygon","coordinates":[[[-82.41791634622768,9.424583501225982],[-82.41791634622768,9.407916834625894],[-82.40958301292767,9.407916834625894],[-82.40958301292767,9.424583501225982],[-82.41791634622768,9.424583501225982]]]},"properties":{"OBJECTID":773,"Id":773,"gridcode":39,"Shape_Length":0.049999999800093065,"Shape_Area":0.0001388888877778211}},{"type":"Feature","id":774,"geometry":{"type":"Polygon","coordinates":[[[-82.40124967962771,9.416250167925966],[-82.40124967962771,9.407916834625894],[-82.39291634632775,9.407916834625894],[-82.39291634632775,9.424583501225982],[-82.40124967962771,9.424583501225982],[-82.40124967962771,9.432916834525827],[-82.40958301292767,9.432916834525827],[-82.40958301292767,9.416250167925966],[-82.40124967962771,9.416250167925966]]]},"properties":{"OBJECTID":774,"Id":774,"gridcode":37,"Shape_Length":0.08333333299981405,"Shape_Area":0.00027777777555469484}},{"type":"Feature","id":775,"geometry":{"type":"Polygon","coordinates":[[[-82.38458301302774,9.399583501325878],[-82.38458301302774,9.407916834625894],[-82.39291634632775,9.407916834625894],[-82.39291634632775,9.399583501325878],[-82.38458301302774,9.399583501325878]]]},"properties":{"OBJECTID":775,"Id":775,"gridcode":40,"Shape_Length":0.03333333320006204,"Shape_Area":0.0000694444438891474}},{"type":"Feature","id":776,"geometry":{"type":"Polygon","coordinates":[[[-82.37624967972772,9.399583501325878],[-82.37624967972772,9.407916834625894],[-82.38458301302774,9.407916834625894],[-82.38458301302774,9.399583501325878],[-82.37624967972772,9.399583501325878]]]},"properties":{"OBJECTID":776,"Id":776,"gridcode":38,"Shape_Length":0.03333333320006204,"Shape_Area":0.0000694444438891474}},{"type":"Feature","id":777,"geometry":{"type":"Polygon","coordinates":[[[-82.38458301302774,9.407916834625894],[-82.36791634642776,9.407916834625894],[-82.36791634642776,9.416250167925966],[-82.38458301302774,9.416250167925966],[-82.38458301302774,9.407916834625894]]]},"properties":{"OBJECTID":777,"Id":777,"gridcode":39,"Shape_Length":0.049999999800093065,"Shape_Area":0.0001388888877787685}},{"type":"Feature","id":778,"geometry":{"type":"Polygon","coordinates":[[[-82.32624967992774,9.399583501325878],[-82.32624967992774,9.407916834625894],[-82.33458301322776,9.407916834625894],[-82.33458301322776,9.399583501325878],[-82.32624967992774,9.399583501325878]]]},"properties":{"OBJECTID":778,"Id":778,"gridcode":67,"Shape_Length":0.03333333320006204,"Shape_Area":0.0000694444438891474}},{"type":"Feature","id":779,"geometry":{"type":"Polygon","coordinates":[[[-82.31791634662773,9.399583501325878],[-82.31791634662773,9.407916834625894],[-82.32624967992774,9.407916834625894],[-82.32624967992774,9.399583501325878],[-82.31791634662773,9.399583501325878]]]},"properties":{"OBJECTID":779,"Id":779,"gridcode":57,"Shape_Length":0.03333333320006204,"Shape_Area":0.0000694444438891474}},{"type":"Feature","id":780,"geometry":{"type":"Polygon","coordinates":[[[-82.2762496801277,9.399583501325878],[-82.2762496801277,9.407916834625894],[-82.28458301342772,9.407916834625894],[-82.28458301342772,9.399583501325878],[-82.2762496801277,9.399583501325878]]]},"properties":{"OBJECTID":780,"Id":780,"gridcode":44,"Shape_Length":0.03333333320006204,"Shape_Area":0.0000694444438891474}},{"type":"Feature","id":781,"geometry":{"type":"Polygon","coordinates":[[[-82.25958301352773,9.399583501325878],[-82.25958301352773,9.407916834625894],[-82.26791634682775,9.407916834625894],[-82.26791634682775,9.399583501325878],[-82.25958301352773,9.399583501325878]]]},"properties":{"OBJECTID":781,"Id":781,"gridcode":46,"Shape_Length":0.03333333320006204,"Shape_Area":0.0000694444438891474}},{"type":"Feature","id":782,"geometry":{"type":"Polygon","coordinates":[[[-82.26791634682775,9.432916834525827],[-82.26791634682775,9.407916834625894],[-82.25958301352773,9.407916834625894],[-82.25958301352773,9.432916834525827],[-82.26791634682775,9.432916834525827]]]},"properties":{"OBJECTID":782,"Id":782,"gridcode":47,"Shape_Length":0.06666666639989671,"Shape_Area":0.0002083333316664948}},{"type":"Feature","id":783,"geometry":{"type":"Polygon","coordinates":[[[-82.25124968022766,9.399583501325878],[-82.25124968022766,9.407916834625894],[-82.25958301352773,9.407916834625894],[-82.25958301352773,9.399583501325878],[-82.25124968022766,9.399583501325878]]]},"properties":{"OBJECTID":783,"Id":783,"gridcode":47,"Shape_Length":0.03333333320017573,"Shape_Area":0.0000694444438896211}},{"type":"Feature","id":784,"geometry":{"type":"Polygon","coordinates":[[[-82.25958301352773,9.407916834625894],[-82.24291634692764,9.407916834625894],[-82.24291634692764,9.416250167925966],[-82.25958301352773,9.416250167925966],[-82.25958301352773,9.407916834625894]]]},"properties":{"OBJECTID":784,"Id":784,"gridcode":50,"Shape_Length":0.04999999980020675,"Shape_Area":0.0001388888877792422}},{"type":"Feature","id":785,"geometry":{"type":"Polygon","coordinates":[[[-82.93458301082768,9.399583501325878],[-82.91791634422776,9.399583501325878],[-82.91791634422776,9.407916834625894],[-82.92624967752772,9.407916834625894],[-82.92624967752772,9.416250167925966],[-82.93458301082768,9.416250167925966],[-82.93458301082768,9.399583501325878]]]},"properties":{"OBJECTID":785,"Id":785,"gridcode":17,"Shape_Length":0.0666666664000104,"Shape_Area":0.00020833333166649483}},{"type":"Feature","id":786,"geometry":{"type":"Polygon","coordinates":[[[-82.85958301112777,9.391250168025863],[-82.85958301112777,9.399583501325878],[-82.86791634442773,9.399583501325878],[-82.86791634442773,9.391250168025863],[-82.85958301112777,9.391250168025863]]]},"properties":{"OBJECTID":786,"Id":786,"gridcode":12,"Shape_Length":0.033333333199948356,"Shape_Area":0.00006944444388867371}},{"type":"Feature","id":787,"geometry":{"type":"Polygon","coordinates":[[[-82.85958301112777,9.416250167925966],[-82.85958301112777,9.399583501325878],[-82.85124967782775,9.399583501325878],[-82.85124967782775,9.416250167925966],[-82.85958301112777,9.416250167925966]]]},"properties":{"OBJECTID":787,"Id":787,"gridcode":12,"Shape_Length":0.04999999980020675,"Shape_Area":0.0001388888877787685}},{"type":"Feature","id":788,"geometry":{"type":"Polygon","coordinates":[[[-82.82624967792765,9.407916834625894],[-82.82624967792765,9.399583501325878],[-82.81791634462769,9.399583501325878],[-82.81791634462769,9.416250167925966],[-82.84291634452774,9.416250167925966],[-82.84291634452774,9.407916834625894],[-82.82624967792765,9.407916834625894]]]},"properties":{"OBJECTID":788,"Id":788,"gridcode":10,"Shape_Length":0.0833333330002688,"Shape_Area":0.0002777777755580107}},{"type":"Feature","id":789,"geometry":{"type":"Polygon","coordinates":[[[-82.77624967812778,9.391250168025863],[-82.77624967812778,9.399583501325878],[-82.78458301142774,9.399583501325878],[-82.78458301142774,9.391250168025863],[-82.77624967812778,9.391250168025863]]]},"properties":{"OBJECTID":789,"Id":789,"gridcode":13,"Shape_Length":0.033333333199948356,"Shape_Area":0.00006944444388867371}},{"type":"Feature","id":790,"geometry":{"type":"Polygon","coordinates":[[[-82.72624967832775,9.399583501325878],[-82.70958301172777,9.399583501325878],[-82.70958301172777,9.407916834625894],[-82.71791634502779,9.407916834625894],[-82.71791634502779,9.416250167925966],[-82.74291634492772,9.416250167925966],[-82.74291634492772,9.399583501325878],[-82.73458301162776,9.399583501325878],[-82.73458301162776,9.407916834625894],[-82.72624967832775,9.407916834625894],[-82.72624967832775,9.399583501325878]]]},"properties":{"OBJECTID":790,"Id":790,"gridcode":3,"Shape_Length":0.11666666620010346,"Shape_Area":0.0004166666633344107}},{"type":"Feature","id":791,"geometry":{"type":"Polygon","coordinates":[[[-82.6429163453277,9.391250168025863],[-82.6429163453277,9.399583501325878],[-82.65124967862778,9.399583501325878],[-82.65124967862778,9.391250168025863],[-82.6429163453277,9.391250168025863]]]},"properties":{"OBJECTID":791,"Id":791,"gridcode":9,"Shape_Length":0.03333333320017573,"Shape_Area":0.0000694444438896211}},{"type":"Feature","id":792,"geometry":{"type":"Polygon","coordinates":[[[-82.63458301202769,9.391250168025863],[-82.63458301202769,9.399583501325878],[-82.6429163453277,9.399583501325878],[-82.6429163453277,9.391250168025863],[-82.63458301202769,9.391250168025863]]]},"properties":{"OBJECTID":792,"Id":792,"gridcode":10,"Shape_Length":0.03333333320006204,"Shape_Area":0.0000694444438891474}},{"type":"Feature","id":793,"geometry":{"type":"Polygon","coordinates":[[[-82.6429163453277,9.416250167925966],[-82.6429163453277,9.399583501325878],[-82.63458301202769,9.399583501325878],[-82.63458301202769,9.416250167925966],[-82.6429163453277,9.416250167925966]]]},"properties":{"OBJECTID":793,"Id":793,"gridcode":9,"Shape_Length":0.04999999980020675,"Shape_Area":0.0001388888877787685}},{"type":"Feature","id":794,"geometry":{"type":"Polygon","coordinates":[[[-82.62624967872773,9.391250168025863],[-82.62624967872773,9.399583501325878],[-82.63458301202769,9.399583501325878],[-82.63458301202769,9.391250168025863],[-82.62624967872773,9.391250168025863]]]},"properties":{"OBJECTID":794,"Id":794,"gridcode":22,"Shape_Length":0.033333333199948356,"Shape_Area":0.00006944444388867371}},{"type":"Feature","id":795,"geometry":{"type":"Polygon","coordinates":[[[-82.61791634542777,9.391250168025863],[-82.61791634542777,9.399583501325878],[-82.62624967872773,9.399583501325878],[-82.62624967872773,9.391250168025863],[-82.61791634542777,9.391250168025863]]]},"properties":{"OBJECTID":795,"Id":795,"gridcode":37,"Shape_Length":0.033333333199948356,"Shape_Area":0.00006944444388867371}},{"type":"Feature","id":796,"geometry":{"type":"Polygon","coordinates":[[[-82.60958301212776,9.391250168025863],[-82.60958301212776,9.399583501325878],[-82.61791634542777,9.399583501325878],[-82.61791634542777,9.391250168025863],[-82.60958301212776,9.391250168025863]]]},"properties":{"OBJECTID":796,"Id":796,"gridcode":41,"Shape_Length":0.03333333320006204,"Shape_Area":0.0000694444438891474}},{"type":"Feature","id":797,"geometry":{"type":"Polygon","coordinates":[[[-82.60124967882763,9.391250168025863],[-82.60124967882763,9.399583501325878],[-82.60958301212776,9.399583501325878],[-82.60958301212776,9.391250168025863],[-82.60124967882763,9.391250168025863]]]},"properties":{"OBJECTID":797,"Id":797,"gridcode":48,"Shape_Length":0.03333333320017573,"Shape_Area":0.0000694444438896211}},{"type":"Feature","id":798,"geometry":{"type":"Polygon","coordinates":[[[-82.60958301212776,9.416250167925966],[-82.60958301212776,9.399583501325878],[-82.60124967882763,9.399583501325878],[-82.60124967882763,9.416250167925966],[-82.60958301212776,9.416250167925966]]]},"properties":{"OBJECTID":798,"Id":798,"gridcode":44,"Shape_Length":0.04999999980032044,"Shape_Area":0.0001388888877797159}},{"type":"Feature","id":799,"geometry":{"type":"Polygon","coordinates":[[[-82.59291634552778,9.391250168025863],[-82.59291634552778,9.399583501325878],[-82.60124967882763,9.399583501325878],[-82.60124967882763,9.391250168025863],[-82.59291634552778,9.391250168025863]]]},"properties":{"OBJECTID":799,"Id":799,"gridcode":46,"Shape_Length":0.03333333319983467,"Shape_Area":0.00006944444388820001}},{"type":"Feature","id":800,"geometry":{"type":"Polygon","coordinates":[[[-82.56791634562774,9.391250168025863],[-82.56791634562774,9.399583501325878],[-82.5762496789277,9.399583501325878],[-82.5762496789277,9.391250168025863],[-82.56791634562774,9.391250168025863]]]},"properties":{"OBJECTID":800,"Id":800,"gridcode":52,"Shape_Length":0.033333333199948356,"Shape_Area":0.00006944444388867371}},{"type":"Feature","id":801,"geometry":{"type":"Polygon","coordinates":[[[-82.55958301232772,9.391250168025863],[-82.55958301232772,9.399583501325878],[-82.56791634562774,9.399583501325878],[-82.56791634562774,9.391250168025863],[-82.55958301232772,9.391250168025863]]]},"properties":{"OBJECTID":801,"Id":801,"gridcode":56,"Shape_Length":0.03333333320006204,"Shape_Area":0.0000694444438891474}},{"type":"Feature","id":802,"geometry":{"type":"Polygon","coordinates":[[[-82.55124967902776,9.391250168025863],[-82.55124967902776,9.399583501325878],[-82.55958301232772,9.399583501325878],[-82.55958301232772,9.391250168025863],[-82.55124967902776,9.391250168025863]]]},"properties":{"OBJECTID":802,"Id":802,"gridcode":49,"Shape_Length":0.033333333199948356,"Shape_Area":0.00006944444388867371}},{"type":"Feature","id":803,"geometry":{"type":"Polygon","coordinates":[[[-82.53458301242779,9.391250168025863],[-82.53458301242779,9.399583501325878],[-82.54291634572775,9.399583501325878],[-82.54291634572775,9.391250168025863],[-82.53458301242779,9.391250168025863]]]},"properties":{"OBJECTID":803,"Id":803,"gridcode":116,"Shape_Length":0.033333333199948356,"Shape_Area":0.00006944444388867371}},{"type":"Feature","id":804,"geometry":{"type":"Polygon","coordinates":[[[-82.52624967912772,9.391250168025863],[-82.52624967912772,9.399583501325878],[-82.53458301242779,9.399583501325878],[-82.53458301242779,9.391250168025863],[-82.52624967912772,9.391250168025863]]]},"properties":{"OBJECTID":804,"Id":804,"gridcode":151,"Shape_Length":0.03333333320017573,"Shape_Area":0.0000694444438896211}},{"type":"Feature","id":805,"geometry":{"type":"Polygon","coordinates":[[[-82.5179163458277,9.391250168025863],[-82.5179163458277,9.399583501325878],[-82.52624967912772,9.399583501325878],[-82.52624967912772,9.391250168025863],[-82.5179163458277,9.391250168025863]]]},"properties":{"OBJECTID":805,"Id":805,"gridcode":104,"Shape_Length":0.03333333320006204,"Shape_Area":0.0000694444438891474}},{"type":"Feature","id":806,"geometry":{"type":"Polygon","coordinates":[[[-82.50958301252774,9.391250168025863],[-82.50958301252774,9.399583501325878],[-82.5179163458277,9.399583501325878],[-82.5179163458277,9.391250168025863],[-82.50958301252774,9.391250168025863]]]},"properties":{"OBJECTID":806,"Id":806,"gridcode":93,"Shape_Length":0.033333333199948356,"Shape_Area":0.00006944444388867371}},{"type":"Feature","id":807,"geometry":{"type":"Polygon","coordinates":[[[-82.50124967922773,9.391250168025863],[-82.50124967922773,9.399583501325878],[-82.50958301252774,9.399583501325878],[-82.50958301252774,9.391250168025863],[-82.50124967922773,9.391250168025863]]]},"properties":{"OBJECTID":807,"Id":807,"gridcode":165,"Shape_Length":0.03333333320006204,"Shape_Area":0.0000694444438891474}},{"type":"Feature","id":808,"geometry":{"type":"Polygon","coordinates":[[[-82.49291634592777,9.391250168025863],[-82.49291634592777,9.399583501325878],[-82.50124967922773,9.399583501325878],[-82.50124967922773,9.391250168025863],[-82.49291634592777,9.391250168025863]]]},"properties":{"OBJECTID":808,"Id":808,"gridcode":178,"Shape_Length":0.033333333199948356,"Shape_Area":0.00006944444388867371}},{"type":"Feature","id":809,"geometry":{"type":"Polygon","coordinates":[[[-82.48458301262775,9.391250168025863],[-82.48458301262775,9.399583501325878],[-82.49291634592777,9.399583501325878],[-82.49291634592777,9.391250168025863],[-82.48458301262775,9.391250168025863]]]},"properties":{"OBJECTID":809,"Id":809,"gridcode":76,"Shape_Length":0.03333333320006204,"Shape_Area":0.0000694444438891474}},{"type":"Feature","id":810,"geometry":{"type":"Polygon","coordinates":[[[-82.46791634602766,9.391250168025863],[-82.46791634602766,9.399583501325878],[-82.47624967932768,9.399583501325878],[-82.47624967932768,9.391250168025863],[-82.46791634602766,9.391250168025863]]]},"properties":{"OBJECTID":810,"Id":810,"gridcode":49,"Shape_Length":0.033333333199948356,"Shape_Area":0.00006944444388867371}},{"type":"Feature","id":811,"geometry":{"type":"Polygon","coordinates":[[[-82.4595830127277,9.391250168025863],[-82.4595830127277,9.399583501325878],[-82.46791634602766,9.399583501325878],[-82.46791634602766,9.391250168025863],[-82.4595830127277,9.391250168025863]]]},"properties":{"OBJECTID":811,"Id":811,"gridcode":41,"Shape_Length":0.03333333320006204,"Shape_Area":0.0000694444438891474}},{"type":"Feature","id":812,"geometry":{"type":"Polygon","coordinates":[[[-82.43458301282777,9.391250168025863],[-82.43458301282777,9.399583501325878],[-82.44291634612773,9.399583501325878],[-82.44291634612773,9.391250168025863],[-82.43458301282777,9.391250168025863]]]},"properties":{"OBJECTID":812,"Id":812,"gridcode":39,"Shape_Length":0.033333333199948356,"Shape_Area":0.00006944444388867371}},{"type":"Feature","id":813,"geometry":{"type":"Polygon","coordinates":[[[-82.39291634632775,9.391250168025863],[-82.39291634632775,9.399583501325878],[-82.40124967962771,9.399583501325878],[-82.40124967962771,9.391250168025863],[-82.39291634632775,9.391250168025863]]]},"properties":{"OBJECTID":813,"Id":813,"gridcode":40,"Shape_Length":0.033333333199948356,"Shape_Area":0.00006944444388867371}},{"type":"Feature","id":814,"geometry":{"type":"Polygon","coordinates":[[[-82.37624967972772,9.391250168025863],[-82.37624967972772,9.399583501325878],[-82.38458301302774,9.399583501325878],[-82.38458301302774,9.391250168025863],[-82.37624967972772,9.391250168025863]]]},"properties":{"OBJECTID":814,"Id":814,"gridcode":40,"Shape_Length":0.03333333320006204,"Shape_Area":0.0000694444438891474}},{"type":"Feature","id":815,"geometry":{"type":"Polygon","coordinates":[[[-82.36791634642776,9.391250168025863],[-82.36791634642776,9.399583501325878],[-82.37624967972772,9.399583501325878],[-82.37624967972772,9.391250168025863],[-82.36791634642776,9.391250168025863]]]},"properties":{"OBJECTID":815,"Id":815,"gridcode":37,"Shape_Length":0.033333333199948356,"Shape_Area":0.00006944444388867371}},{"type":"Feature","id":816,"geometry":{"type":"Polygon","coordinates":[[[-82.35958301312769,9.391250168025863],[-82.35958301312769,9.399583501325878],[-82.36791634642776,9.399583501325878],[-82.36791634642776,9.391250168025863],[-82.35958301312769,9.391250168025863]]]},"properties":{"OBJECTID":816,"Id":816,"gridcode":38,"Shape_Length":0.03333333320017573,"Shape_Area":0.0000694444438896211}},{"type":"Feature","id":817,"geometry":{"type":"Polygon","coordinates":[[[-82.37624967972772,9.399583501325878],[-82.35958301312769,9.399583501325878],[-82.35958301312769,9.407916834625894],[-82.37624967972772,9.407916834625894],[-82.37624967972772,9.399583501325878]]]},"properties":{"OBJECTID":817,"Id":817,"gridcode":36,"Shape_Length":0.049999999800093065,"Shape_Area":0.0001388888877782948}},{"type":"Feature","id":818,"geometry":{"type":"Polygon","coordinates":[[[-82.25958301352773,9.391250168025863],[-82.25958301352773,9.399583501325878],[-82.26791634682775,9.399583501325878],[-82.26791634682775,9.391250168025863],[-82.25958301352773,9.391250168025863]]]},"properties":{"OBJECTID":818,"Id":818,"gridcode":44,"Shape_Length":0.03333333320006204,"Shape_Area":0.0000694444438891474}},{"type":"Feature","id":819,"geometry":{"type":"Polygon","coordinates":[[[-82.25124968022766,9.391250168025863],[-82.25124968022766,9.399583501325878],[-82.25958301352773,9.399583501325878],[-82.25958301352773,9.391250168025863],[-82.25124968022766,9.391250168025863]]]},"properties":{"OBJECTID":819,"Id":819,"gridcode":45,"Shape_Length":0.03333333320017573,"Shape_Area":0.0000694444438896211}},{"type":"Feature","id":820,"geometry":{"type":"Polygon","coordinates":[[[-82.23458301362768,9.391250168025863],[-82.23458301362768,9.399583501325878],[-82.24291634692764,9.399583501325878],[-82.24291634692764,9.391250168025863],[-82.23458301362768,9.391250168025863]]]},"properties":{"OBJECTID":820,"Id":820,"gridcode":50,"Shape_Length":0.03333333320006204,"Shape_Area":0.0000694444438891474}},{"type":"Feature","id":821,"geometry":{"type":"Polygon","coordinates":[[[-82.93458301082768,9.391250168025863],[-82.91791634422776,9.391250168025863],[-82.91791634422776,9.399583501325878],[-82.93458301082768,9.399583501325878],[-82.93458301082768,9.391250168025863]]]},"properties":{"OBJECTID":821,"Id":821,"gridcode":16,"Shape_Length":0.04999999979986569,"Shape_Area":0.00013888888777734742}},{"type":"Feature","id":822,"geometry":{"type":"Polygon","coordinates":[[[-82.87624967772769,9.399583501325878],[-82.87624967772769,9.391250168025863],[-82.86791634442773,9.391250168025863],[-82.86791634442773,9.399583501325878],[-82.85958301112777,9.399583501325878],[-82.85958301112777,9.407916834625894],[-82.8845830110277,9.407916834625894],[-82.8845830110277,9.399583501325878],[-82.87624967772769,9.399583501325878]]]},"properties":{"OBJECTID":822,"Id":822,"gridcode":13,"Shape_Length":0.08333333299992773,"Shape_Area":0.00027777777555516853}},{"type":"Feature","id":823,"geometry":{"type":"Polygon","coordinates":[[[-82.79291634472776,9.38291683472579],[-82.79291634472776,9.391250168025863],[-82.80124967802772,9.391250168025863],[-82.80124967802772,9.38291683472579],[-82.79291634472776,9.38291683472579]]]},"properties":{"OBJECTID":823,"Id":823,"gridcode":10,"Shape_Length":0.03333333320006204,"Shape_Area":0.0000694444438891474}},{"type":"Feature","id":824,"geometry":{"type":"Polygon","coordinates":[[[-82.77624967812778,9.38291683472579],[-82.77624967812778,9.391250168025863],[-82.78458301142774,9.391250168025863],[-82.78458301142774,9.38291683472579],[-82.77624967812778,9.38291683472579]]]},"properties":{"OBJECTID":824,"Id":824,"gridcode":10,"Shape_Length":0.03333333320006204,"Shape_Area":0.0000694444438891474}},{"type":"Feature","id":825,"geometry":{"type":"Polygon","coordinates":[[[-82.76791634482765,9.38291683472579],[-82.76791634482765,9.391250168025863],[-82.77624967812778,9.391250168025863],[-82.77624967812778,9.38291683472579],[-82.76791634482765,9.38291683472579]]]},"properties":{"OBJECTID":825,"Id":825,"gridcode":6,"Shape_Length":0.03333333320028942,"Shape_Area":0.00006944444389009479}},{"type":"Feature","id":826,"geometry":{"type":"Polygon","coordinates":[[[-82.77624967812778,9.407916834625894],[-82.77624967812778,9.391250168025863],[-82.76791634482765,9.391250168025863],[-82.76791634482765,9.407916834625894],[-82.77624967812778,9.407916834625894]]]},"properties":{"OBJECTID":826,"Id":826,"gridcode":10,"Shape_Length":0.04999999980020675,"Shape_Area":0.0001388888877792422}},{"type":"Feature","id":827,"geometry":{"type":"Polygon","coordinates":[[[-82.63458301202769,9.38291683472579],[-82.63458301202769,9.391250168025863],[-82.6429163453277,9.391250168025863],[-82.6429163453277,9.38291683472579],[-82.63458301202769,9.38291683472579]]]},"properties":{"OBJECTID":827,"Id":827,"gridcode":11,"Shape_Length":0.03333333320017573,"Shape_Area":0.0000694444438896211}},{"type":"Feature","id":828,"geometry":{"type":"Polygon","coordinates":[[[-82.62624967872773,9.38291683472579],[-82.62624967872773,9.391250168025863],[-82.63458301202769,9.391250168025863],[-82.63458301202769,9.38291683472579],[-82.62624967872773,9.38291683472579]]]},"properties":{"OBJECTID":828,"Id":828,"gridcode":29,"Shape_Length":0.03333333320006204,"Shape_Area":0.0000694444438891474}},{"type":"Feature","id":829,"geometry":{"type":"Polygon","coordinates":[[[-82.61791634542777,9.38291683472579],[-82.61791634542777,9.391250168025863],[-82.62624967872773,9.391250168025863],[-82.62624967872773,9.38291683472579],[-82.61791634542777,9.38291683472579]]]},"properties":{"OBJECTID":829,"Id":829,"gridcode":44,"Shape_Length":0.03333333320006204,"Shape_Area":0.0000694444438891474}},{"type":"Feature","id":830,"geometry":{"type":"Polygon","coordinates":[[[-82.60958301212776,9.38291683472579],[-82.60958301212776,9.391250168025863],[-82.61791634542777,9.391250168025863],[-82.61791634542777,9.38291683472579],[-82.60958301212776,9.38291683472579]]]},"properties":{"OBJECTID":830,"Id":830,"gridcode":49,"Shape_Length":0.03333333320017573,"Shape_Area":0.0000694444438896211}},{"type":"Feature","id":831,"geometry":{"type":"Polygon","coordinates":[[[-82.60124967882763,9.38291683472579],[-82.60124967882763,9.391250168025863],[-82.60958301212776,9.391250168025863],[-82.60958301212776,9.38291683472579],[-82.60124967882763,9.38291683472579]]]},"properties":{"OBJECTID":831,"Id":831,"gridcode":52,"Shape_Length":0.03333333320028942,"Shape_Area":0.00006944444389009479}},{"type":"Feature","id":832,"geometry":{"type":"Polygon","coordinates":[[[-82.59291634552778,9.38291683472579],[-82.59291634552778,9.391250168025863],[-82.60124967882763,9.391250168025863],[-82.60124967882763,9.38291683472579],[-82.59291634552778,9.38291683472579]]]},"properties":{"OBJECTID":832,"Id":832,"gridcode":55,"Shape_Length":0.033333333199948356,"Shape_Area":0.00006944444388867371}},{"type":"Feature","id":833,"geometry":{"type":"Polygon","coordinates":[[[-82.58458301222771,9.38291683472579],[-82.58458301222771,9.391250168025863],[-82.59291634552778,9.391250168025863],[-82.59291634552778,9.38291683472579],[-82.58458301222771,9.38291683472579]]]},"properties":{"OBJECTID":833,"Id":833,"gridcode":53,"Shape_Length":0.03333333320028942,"Shape_Area":0.00006944444389009479}},{"type":"Feature","id":834,"geometry":{"type":"Polygon","coordinates":[[[-82.5762496789277,9.38291683472579],[-82.5762496789277,9.391250168025863],[-82.58458301222771,9.391250168025863],[-82.58458301222771,9.38291683472579],[-82.5762496789277,9.38291683472579]]]},"properties":{"OBJECTID":834,"Id":834,"gridcode":64,"Shape_Length":0.03333333320017573,"Shape_Area":0.0000694444438896211}},{"type":"Feature","id":835,"geometry":{"type":"Polygon","coordinates":[[[-82.59291634552778,9.391250168025863],[-82.5762496789277,9.391250168025863],[-82.5762496789277,9.399583501325878],[-82.59291634552778,9.399583501325878],[-82.59291634552778,9.391250168025863]]]},"properties":{"OBJECTID":835,"Id":835,"gridcode":48,"Shape_Length":0.04999999980020675,"Shape_Area":0.0001388888877787685}},{"type":"Feature","id":836,"geometry":{"type":"Polygon","coordinates":[[[-82.56791634562774,9.38291683472579],[-82.56791634562774,9.391250168025863],[-82.5762496789277,9.391250168025863],[-82.5762496789277,9.38291683472579],[-82.56791634562774,9.38291683472579]]]},"properties":{"OBJECTID":836,"Id":836,"gridcode":104,"Shape_Length":0.03333333320006204,"Shape_Area":0.0000694444438891474}},{"type":"Feature","id":837,"geometry":{"type":"Polygon","coordinates":[[[-82.55958301232772,9.38291683472579],[-82.55958301232772,9.391250168025863],[-82.56791634562774,9.391250168025863],[-82.56791634562774,9.38291683472579],[-82.55958301232772,9.38291683472579]]]},"properties":{"OBJECTID":837,"Id":837,"gridcode":45,"Shape_Length":0.03333333320017573,"Shape_Area":0.0000694444438896211}},{"type":"Feature","id":838,"geometry":{"type":"Polygon","coordinates":[[[-82.55124967902776,9.38291683472579],[-82.55124967902776,9.391250168025863],[-82.55958301232772,9.391250168025863],[-82.55958301232772,9.38291683472579],[-82.55124967902776,9.38291683472579]]]},"properties":{"OBJECTID":838,"Id":838,"gridcode":41,"Shape_Length":0.03333333320006204,"Shape_Area":0.0000694444438891474}},{"type":"Feature","id":839,"geometry":{"type":"Polygon","coordinates":[[[-82.54291634572775,9.38291683472579],[-82.54291634572775,9.391250168025863],[-82.55124967902776,9.391250168025863],[-82.55124967902776,9.38291683472579],[-82.54291634572775,9.38291683472579]]]},"properties":{"OBJECTID":839,"Id":839,"gridcode":58,"Shape_Length":0.03333333320017573,"Shape_Area":0.0000694444438896211}},{"type":"Feature","id":840,"geometry":{"type":"Polygon","coordinates":[[[-82.55124967902776,9.407916834625894],[-82.55124967902776,9.391250168025863],[-82.54291634572775,9.391250168025863],[-82.54291634572775,9.407916834625894],[-82.55124967902776,9.407916834625894]]]},"properties":{"OBJECTID":840,"Id":840,"gridcode":52,"Shape_Length":0.049999999800093065,"Shape_Area":0.0001388888877782948}},{"type":"Feature","id":841,"geometry":{"type":"Polygon","coordinates":[[[-82.53458301242779,9.38291683472579],[-82.53458301242779,9.391250168025863],[-82.54291634572775,9.391250168025863],[-82.54291634572775,9.38291683472579],[-82.53458301242779,9.38291683472579]]]},"properties":{"OBJECTID":841,"Id":841,"gridcode":196,"Shape_Length":0.03333333320006204,"Shape_Area":0.0000694444438891474}},{"type":"Feature","id":842,"geometry":{"type":"Polygon","coordinates":[[[-82.52624967912772,9.38291683472579],[-82.52624967912772,9.391250168025863],[-82.53458301242779,9.391250168025863],[-82.53458301242779,9.38291683472579],[-82.52624967912772,9.38291683472579]]]},"properties":{"OBJECTID":842,"Id":842,"gridcode":304,"Shape_Length":0.03333333320028942,"Shape_Area":0.00006944444389009479}},{"type":"Feature","id":843,"geometry":{"type":"Polygon","coordinates":[[[-82.5179163458277,9.38291683472579],[-82.5179163458277,9.391250168025863],[-82.52624967912772,9.391250168025863],[-82.52624967912772,9.38291683472579],[-82.5179163458277,9.38291683472579]]]},"properties":{"OBJECTID":843,"Id":843,"gridcode":83,"Shape_Length":0.03333333320017573,"Shape_Area":0.0000694444438896211}},{"type":"Feature","id":844,"geometry":{"type":"Polygon","coordinates":[[[-82.50958301252774,9.38291683472579],[-82.50958301252774,9.391250168025863],[-82.5179163458277,9.391250168025863],[-82.5179163458277,9.38291683472579],[-82.50958301252774,9.38291683472579]]]},"properties":{"OBJECTID":844,"Id":844,"gridcode":56,"Shape_Length":0.03333333320006204,"Shape_Area":0.0000694444438891474}},{"type":"Feature","id":845,"geometry":{"type":"Polygon","coordinates":[[[-82.50124967922773,9.38291683472579],[-82.50124967922773,9.391250168025863],[-82.50958301252774,9.391250168025863],[-82.50958301252774,9.38291683472579],[-82.50124967922773,9.38291683472579]]]},"properties":{"OBJECTID":845,"Id":845,"gridcode":63,"Shape_Length":0.03333333320017573,"Shape_Area":0.0000694444438896211}},{"type":"Feature","id":846,"geometry":{"type":"Polygon","coordinates":[[[-82.49291634592777,9.38291683472579],[-82.49291634592777,9.391250168025863],[-82.50124967922773,9.391250168025863],[-82.50124967922773,9.38291683472579],[-82.49291634592777,9.38291683472579]]]},"properties":{"OBJECTID":846,"Id":846,"gridcode":67,"Shape_Length":0.03333333320006204,"Shape_Area":0.0000694444438891474}},{"type":"Feature","id":847,"geometry":{"type":"Polygon","coordinates":[[[-82.48458301262775,9.38291683472579],[-82.48458301262775,9.391250168025863],[-82.49291634592777,9.391250168025863],[-82.49291634592777,9.38291683472579],[-82.48458301262775,9.38291683472579]]]},"properties":{"OBJECTID":847,"Id":847,"gridcode":60,"Shape_Length":0.03333333320017573,"Shape_Area":0.0000694444438896211}},{"type":"Feature","id":848,"geometry":{"type":"Polygon","coordinates":[[[-82.46791634602766,9.38291683472579],[-82.46791634602766,9.391250168025863],[-82.47624967932768,9.391250168025863],[-82.47624967932768,9.38291683472579],[-82.46791634602766,9.38291683472579]]]},"properties":{"OBJECTID":848,"Id":848,"gridcode":50,"Shape_Length":0.03333333320006204,"Shape_Area":0.0000694444438891474}},{"type":"Feature","id":849,"geometry":{"type":"Polygon","coordinates":[[[-82.4595830127277,9.38291683472579],[-82.4595830127277,9.391250168025863],[-82.46791634602766,9.391250168025863],[-82.46791634602766,9.38291683472579],[-82.4595830127277,9.38291683472579]]]},"properties":{"OBJECTID":849,"Id":849,"gridcode":43,"Shape_Length":0.03333333320017573,"Shape_Area":0.0000694444438896211}},{"type":"Feature","id":850,"geometry":{"type":"Polygon","coordinates":[[[-82.44291634612773,9.38291683472579],[-82.44291634612773,9.391250168025863],[-82.45124967942775,9.391250168025863],[-82.45124967942775,9.38291683472579],[-82.44291634612773,9.38291683472579]]]},"properties":{"OBJECTID":850,"Id":850,"gridcode":42,"Shape_Length":0.03333333320017573,"Shape_Area":0.0000694444438896211}},{"type":"Feature","id":851,"geometry":{"type":"Polygon","coordinates":[[[-82.45124967942775,9.416250167925966],[-82.45124967942775,9.391250168025863],[-82.44291634612773,9.391250168025863],[-82.44291634612773,9.407916834625894],[-82.42624967952776,9.407916834625894],[-82.42624967952776,9.424583501225982],[-82.43458301282777,9.424583501225982],[-82.43458301282777,9.416250167925966],[-82.45124967942775,9.416250167925966]]]},"properties":{"OBJECTID":851,"Id":851,"gridcode":43,"Shape_Length":0.11666666620021715,"Shape_Area":0.0004166666633358318}},{"type":"Feature","id":852,"geometry":{"type":"Polygon","coordinates":[[[-82.43458301282777,9.38291683472579],[-82.43458301282777,9.391250168025863],[-82.44291634612773,9.391250168025863],[-82.44291634612773,9.38291683472579],[-82.43458301282777,9.38291683472579]]]},"properties":{"OBJECTID":852,"Id":852,"gridcode":43,"Shape_Length":0.03333333320006204,"Shape_Area":0.0000694444438891474}},{"type":"Feature","id":853,"geometry":{"type":"Polygon","coordinates":[[[-82.41791634622768,9.38291683472579],[-82.41791634622768,9.391250168025863],[-82.42624967952776,9.391250168025863],[-82.42624967952776,9.38291683472579],[-82.41791634622768,9.38291683472579]]]},"properties":{"OBJECTID":853,"Id":853,"gridcode":38,"Shape_Length":0.03333333320028942,"Shape_Area":0.00006944444389009479}},{"type":"Feature","id":854,"geometry":{"type":"Polygon","coordinates":[[[-82.42624967952776,9.407916834625894],[-82.42624967952776,9.391250168025863],[-82.41791634622768,9.391250168025863],[-82.41791634622768,9.407916834625894],[-82.42624967952776,9.407916834625894]]]},"properties":{"OBJECTID":854,"Id":854,"gridcode":36,"Shape_Length":0.04999999980020675,"Shape_Area":0.0001388888877792422}},{"type":"Feature","id":855,"geometry":{"type":"Polygon","coordinates":[[[-82.39291634632775,9.38291683472579],[-82.39291634632775,9.391250168025863],[-82.40124967962771,9.391250168025863],[-82.40124967962771,9.38291683472579],[-82.39291634632775,9.38291683472579]]]},"properties":{"OBJECTID":855,"Id":855,"gridcode":39,"Shape_Length":0.03333333320006204,"Shape_Area":0.0000694444438891474}},{"type":"Feature","id":856,"geometry":{"type":"Polygon","coordinates":[[[-82.36791634642776,9.38291683472579],[-82.36791634642776,9.391250168025863],[-82.37624967972772,9.391250168025863],[-82.37624967972772,9.38291683472579],[-82.36791634642776,9.38291683472579]]]},"properties":{"OBJECTID":856,"Id":856,"gridcode":41,"Shape_Length":0.03333333320006204,"Shape_Area":0.0000694444438891474}},{"type":"Feature","id":857,"geometry":{"type":"Polygon","coordinates":[[[-82.35958301312769,9.38291683472579],[-82.35958301312769,9.391250168025863],[-82.36791634642776,9.391250168025863],[-82.36791634642776,9.38291683472579],[-82.35958301312769,9.38291683472579]]]},"properties":{"OBJECTID":857,"Id":857,"gridcode":39,"Shape_Length":0.03333333320028942,"Shape_Area":0.00006944444389009479}},{"type":"Feature","id":858,"geometry":{"type":"Polygon","coordinates":[[[-82.35124967982767,9.38291683472579],[-82.35124967982767,9.391250168025863],[-82.35958301312769,9.391250168025863],[-82.35958301312769,9.38291683472579],[-82.35124967982767,9.38291683472579]]]},"properties":{"OBJECTID":858,"Id":858,"gridcode":42,"Shape_Length":0.03333333320017573,"Shape_Area":0.0000694444438896211}},{"type":"Feature","id":859,"geometry":{"type":"Polygon","coordinates":[[[-82.35958301312769,9.407916834625894],[-82.35958301312769,9.391250168025863],[-82.35124967982767,9.391250168025863],[-82.35124967982767,9.407916834625894],[-82.35958301312769,9.407916834625894]]]},"properties":{"OBJECTID":859,"Id":859,"gridcode":43,"Shape_Length":0.049999999800093065,"Shape_Area":0.0001388888877782948}},{"type":"Feature","id":860,"geometry":{"type":"Polygon","coordinates":[[[-82.31791634662773,9.407916834625894],[-82.31791634662773,9.391250168025863],[-82.30958301332777,9.391250168025863],[-82.30958301332777,9.407916834625894],[-82.31791634662773,9.407916834625894]]]},"properties":{"OBJECTID":860,"Id":860,"gridcode":54,"Shape_Length":0.04999999979997938,"Shape_Area":0.00013888888777734742}},{"type":"Feature","id":861,"geometry":{"type":"Polygon","coordinates":[[[-82.30124968002764,9.38291683472579],[-82.30124968002764,9.391250168025863],[-82.30958301332777,9.391250168025863],[-82.30958301332777,9.38291683472579],[-82.30124968002764,9.38291683472579]]]},"properties":{"OBJECTID":861,"Id":861,"gridcode":54,"Shape_Length":0.03333333320028942,"Shape_Area":0.00006944444389009479}},{"type":"Feature","id":862,"geometry":{"type":"Polygon","coordinates":[[[-82.30958301332777,9.407916834625894],[-82.30958301332777,9.391250168025863],[-82.30124968002764,9.391250168025863],[-82.30124968002764,9.407916834625894],[-82.30958301332777,9.407916834625894]]]},"properties":{"OBJECTID":862,"Id":862,"gridcode":50,"Shape_Length":0.04999999980020675,"Shape_Area":0.0001388888877792422}},{"type":"Feature","id":863,"geometry":{"type":"Polygon","coordinates":[[[-82.29291634672768,9.38291683472579],[-82.29291634672768,9.391250168025863],[-82.30124968002764,9.391250168025863],[-82.30124968002764,9.38291683472579],[-82.29291634672768,9.38291683472579]]]},"properties":{"OBJECTID":863,"Id":863,"gridcode":48,"Shape_Length":0.03333333320017573,"Shape_Area":0.0000694444438896211}},{"type":"Feature","id":864,"geometry":{"type":"Polygon","coordinates":[[[-82.30124968002764,9.391250168025863],[-82.28458301342772,9.391250168025863],[-82.28458301342772,9.407916834625894],[-82.30124968002764,9.407916834625894],[-82.30124968002764,9.391250168025863]]]},"properties":{"OBJECTID":864,"Id":864,"gridcode":46,"Shape_Length":0.0666666664000104,"Shape_Area":0.0002777777755556422}},{"type":"Feature","id":865,"geometry":{"type":"Polygon","coordinates":[[[-82.28458301342772,9.391250168025863],[-82.26791634682775,9.391250168025863],[-82.26791634682775,9.407916834625894],[-82.2762496801277,9.407916834625894],[-82.2762496801277,9.399583501325878],[-82.28458301342772,9.399583501325878],[-82.28458301342772,9.391250168025863]]]},"properties":{"OBJECTID":865,"Id":865,"gridcode":43,"Shape_Length":0.0666666664000104,"Shape_Area":0.00020833333166649483}},{"type":"Feature","id":866,"geometry":{"type":"Polygon","coordinates":[[[-82.25958301352773,9.38291683472579],[-82.25958301352773,9.391250168025863],[-82.26791634682775,9.391250168025863],[-82.26791634682775,9.38291683472579],[-82.25958301352773,9.38291683472579]]]},"properties":{"OBJECTID":866,"Id":866,"gridcode":46,"Shape_Length":0.03333333320017573,"Shape_Area":0.0000694444438896211}},{"type":"Feature","id":867,"geometry":{"type":"Polygon","coordinates":[[[-82.25124968022766,9.38291683472579],[-82.25124968022766,9.391250168025863],[-82.25958301352773,9.391250168025863],[-82.25958301352773,9.38291683472579],[-82.25124968022766,9.38291683472579]]]},"properties":{"OBJECTID":867,"Id":867,"gridcode":48,"Shape_Length":0.03333333320028942,"Shape_Area":0.00006944444389009479}},{"type":"Feature","id":868,"geometry":{"type":"Polygon","coordinates":[[[-82.24291634692764,9.38291683472579],[-82.24291634692764,9.391250168025863],[-82.25124968022766,9.391250168025863],[-82.25124968022766,9.38291683472579],[-82.24291634692764,9.38291683472579]]]},"properties":{"OBJECTID":868,"Id":868,"gridcode":51,"Shape_Length":0.03333333320006204,"Shape_Area":0.0000694444438891474}},{"type":"Feature","id":869,"geometry":{"type":"Polygon","coordinates":[[[-82.25124968022766,9.407916834625894],[-82.25124968022766,9.391250168025863],[-82.24291634692764,9.391250168025863],[-82.24291634692764,9.407916834625894],[-82.25124968022766,9.407916834625894]]]},"properties":{"OBJECTID":869,"Id":869,"gridcode":49,"Shape_Length":0.04999999979997938,"Shape_Area":0.00013888888777734742}},{"type":"Feature","id":870,"geometry":{"type":"Polygon","coordinates":[[[-82.23458301362768,9.38291683472579],[-82.23458301362768,9.391250168025863],[-82.24291634692764,9.391250168025863],[-82.24291634692764,9.38291683472579],[-82.23458301362768,9.38291683472579]]]},"properties":{"OBJECTID":870,"Id":870,"gridcode":54,"Shape_Length":0.03333333320017573,"Shape_Area":0.0000694444438896211}},{"type":"Feature","id":871,"geometry":{"type":"Polygon","coordinates":[[[-82.22624968032773,9.38291683472579],[-82.22624968032773,9.391250168025863],[-82.23458301362768,9.391250168025863],[-82.23458301362768,9.38291683472579],[-82.22624968032773,9.38291683472579]]]},"properties":{"OBJECTID":871,"Id":871,"gridcode":55,"Shape_Length":0.03333333320006204,"Shape_Area":0.0000694444438891474}},{"type":"Feature","id":872,"geometry":{"type":"Polygon","coordinates":[[[-82.93458301082768,9.38291683472579],[-82.90958301092775,9.38291683472579],[-82.90958301092775,9.407916834625894],[-82.91791634422776,9.407916834625894],[-82.91791634422776,9.391250168025863],[-82.93458301082768,9.391250168025863],[-82.93458301082768,9.38291683472579]]]},"properties":{"OBJECTID":872,"Id":872,"gridcode":15,"Shape_Length":0.09999999960007244,"Shape_Area":0.00034722221944621066}},{"type":"Feature","id":873,"geometry":{"type":"Polygon","coordinates":[[[-82.90958301092775,9.407916834625894],[-82.90958301092775,9.38291683472579],[-82.90124967762779,9.38291683472579],[-82.90124967762779,9.391250168025863],[-82.89291634432777,9.391250168025863],[-82.89291634432777,9.399583501325878],[-82.90124967762779,9.399583501325878],[-82.90124967762779,9.432916834525827],[-82.89291634432777,9.432916834525827],[-82.89291634432777,9.441250167825899],[-82.90958301092775,9.441250167825899],[-82.90958301092775,9.424583501225982],[-82.91791634422776,9.424583501225982],[-82.91791634422776,9.407916834625894],[-82.90958301092775,9.407916834625894]]]},"properties":{"OBJECTID":873,"Id":873,"gridcode":14,"Shape_Length":0.18333333260022755,"Shape_Area":0.000763888882778253}},{"type":"Feature","id":874,"geometry":{"type":"Polygon","coordinates":[[[-82.8845830110277,9.374583501425946],[-82.8845830110277,9.38291683472579],[-82.89291634432777,9.38291683472579],[-82.89291634432777,9.374583501425946],[-82.8845830110277,9.374583501425946]]]},"properties":{"OBJECTID":874,"Id":874,"gridcode":12,"Shape_Length":0.03333333319983467,"Shape_Area":0.00006944444388820001}},{"type":"Feature","id":875,"geometry":{"type":"Polygon","coordinates":[[[-82.8845830110277,9.38291683472579],[-82.86791634442773,9.38291683472579],[-82.86791634442773,9.391250168025863],[-82.87624967772769,9.391250168025863],[-82.87624967772769,9.399583501325878],[-82.8845830110277,9.399583501325878],[-82.8845830110277,9.407916834625894],[-82.90124967762779,9.407916834625894],[-82.90124967762779,9.399583501325878],[-82.89291634432777,9.399583501325878],[-82.89291634432777,9.391250168025863],[-82.8845830110277,9.391250168025863],[-82.8845830110277,9.38291683472579]]]},"properties":{"OBJECTID":875,"Id":875,"gridcode":12,"Shape_Length":0.11666666620033084,"Shape_Area":0.00041666666333630553}},{"type":"Feature","id":876,"geometry":{"type":"Polygon","coordinates":[[[-82.85124967782775,9.374583501425946],[-82.85124967782775,9.38291683472579],[-82.85958301112777,9.38291683472579],[-82.85958301112777,9.374583501425946],[-82.85124967782775,9.374583501425946]]]},"properties":{"OBJECTID":876,"Id":876,"gridcode":12,"Shape_Length":0.03333333319972098,"Shape_Area":0.00006944444388772632}},{"type":"Feature","id":877,"geometry":{"type":"Polygon","coordinates":[[[-82.81791634462769,9.399583501325878],[-82.81791634462769,9.38291683472579],[-82.80958301132773,9.38291683472579],[-82.80958301132773,9.399583501325878],[-82.81791634462769,9.399583501325878]]]},"properties":{"OBJECTID":877,"Id":877,"gridcode":10,"Shape_Length":0.049999999800093065,"Shape_Area":0.0001388888877778211}},{"type":"Feature","id":878,"geometry":{"type":"Polygon","coordinates":[[[-82.78458301142774,9.374583501425946],[-82.78458301142774,9.38291683472579],[-82.79291634472776,9.38291683472579],[-82.79291634472776,9.374583501425946],[-82.78458301142774,9.374583501425946]]]},"properties":{"OBJECTID":878,"Id":878,"gridcode":10,"Shape_Length":0.03333333319972098,"Shape_Area":0.00006944444388772632}},{"type":"Feature","id":879,"geometry":{"type":"Polygon","coordinates":[[[-82.77624967812778,9.374583501425946],[-82.77624967812778,9.38291683472579],[-82.78458301142774,9.38291683472579],[-82.78458301142774,9.374583501425946],[-82.77624967812778,9.374583501425946]]]},"properties":{"OBJECTID":879,"Id":879,"gridcode":4,"Shape_Length":0.033333333199607296,"Shape_Area":0.00006944444388725262}},{"type":"Feature","id":880,"geometry":{"type":"Polygon","coordinates":[[[-82.65958301192762,9.407916834625894],[-82.65958301192762,9.38291683472579],[-82.65124967862778,9.38291683472579],[-82.65124967862778,9.399583501325878],[-82.6429163453277,9.399583501325878],[-82.6429163453277,9.424583501225982],[-82.65124967862778,9.424583501225982],[-82.65124967862778,9.416250167925966],[-82.66791634522775,9.416250167925966],[-82.66791634522775,9.407916834625894],[-82.65958301192762,9.407916834625894]]]},"properties":{"OBJECTID":880,"Id":880,"gridcode":8,"Shape_Length":0.13333333280047555,"Shape_Area":0.0005555555511131793}},{"type":"Feature","id":881,"geometry":{"type":"Polygon","coordinates":[[[-82.61791634542777,9.374583501425946],[-82.61791634542777,9.38291683472579],[-82.62624967872773,9.38291683472579],[-82.62624967872773,9.374583501425946],[-82.61791634542777,9.374583501425946]]]},"properties":{"OBJECTID":881,"Id":881,"gridcode":17,"Shape_Length":0.033333333199607296,"Shape_Area":0.00006944444388725262}},{"type":"Feature","id":882,"geometry":{"type":"Polygon","coordinates":[[[-82.60958301212776,9.374583501425946],[-82.60958301212776,9.38291683472579],[-82.61791634542777,9.38291683472579],[-82.61791634542777,9.374583501425946],[-82.60958301212776,9.374583501425946]]]},"properties":{"OBJECTID":882,"Id":882,"gridcode":33,"Shape_Length":0.03333333319972098,"Shape_Area":0.00006944444388772632}},{"type":"Feature","id":883,"geometry":{"type":"Polygon","coordinates":[[[-82.60124967882763,9.374583501425946],[-82.60124967882763,9.38291683472579],[-82.60958301212776,9.38291683472579],[-82.60958301212776,9.374583501425946],[-82.60124967882763,9.374583501425946]]]},"properties":{"OBJECTID":883,"Id":883,"gridcode":53,"Shape_Length":0.03333333319983467,"Shape_Area":0.00006944444388820001}},{"type":"Feature","id":884,"geometry":{"type":"Polygon","coordinates":[[[-82.59291634552778,9.374583501425946],[-82.59291634552778,9.38291683472579],[-82.60124967882763,9.38291683472579],[-82.60124967882763,9.374583501425946],[-82.59291634552778,9.374583501425946]]]},"properties":{"OBJECTID":884,"Id":884,"gridcode":58,"Shape_Length":0.03333333319949361,"Shape_Area":0.00006944444388677893}},{"type":"Feature","id":885,"geometry":{"type":"Polygon","coordinates":[[[-82.58458301222771,9.374583501425946],[-82.58458301222771,9.38291683472579],[-82.59291634552778,9.38291683472579],[-82.59291634552778,9.374583501425946],[-82.58458301222771,9.374583501425946]]]},"properties":{"OBJECTID":885,"Id":885,"gridcode":62,"Shape_Length":0.03333333319983467,"Shape_Area":0.00006944444388820001}},{"type":"Feature","id":886,"geometry":{"type":"Polygon","coordinates":[[[-82.5762496789277,9.374583501425946],[-82.5762496789277,9.38291683472579],[-82.58458301222771,9.38291683472579],[-82.58458301222771,9.374583501425946],[-82.5762496789277,9.374583501425946]]]},"properties":{"OBJECTID":886,"Id":886,"gridcode":93,"Shape_Length":0.03333333319972098,"Shape_Area":0.00006944444388772632}},{"type":"Feature","id":887,"geometry":{"type":"Polygon","coordinates":[[[-82.56791634562774,9.374583501425946],[-82.56791634562774,9.38291683472579],[-82.5762496789277,9.38291683472579],[-82.5762496789277,9.374583501425946],[-82.56791634562774,9.374583501425946]]]},"properties":{"OBJECTID":887,"Id":887,"gridcode":77,"Shape_Length":0.033333333199607296,"Shape_Area":0.00006944444388725262}},{"type":"Feature","id":888,"geometry":{"type":"Polygon","coordinates":[[[-82.55958301232772,9.374583501425946],[-82.55958301232772,9.38291683472579],[-82.56791634562774,9.38291683472579],[-82.56791634562774,9.374583501425946],[-82.55958301232772,9.374583501425946]]]},"properties":{"OBJECTID":888,"Id":888,"gridcode":16,"Shape_Length":0.03333333319972098,"Shape_Area":0.00006944444388772632}},{"type":"Feature","id":889,"geometry":{"type":"Polygon","coordinates":[[[-82.55124967902776,9.374583501425946],[-82.55124967902776,9.38291683472579],[-82.55958301232772,9.38291683472579],[-82.55958301232772,9.374583501425946],[-82.55124967902776,9.374583501425946]]]},"properties":{"OBJECTID":889,"Id":889,"gridcode":13,"Shape_Length":0.033333333199607296,"Shape_Area":0.00006944444388725262}},{"type":"Feature","id":890,"geometry":{"type":"Polygon","coordinates":[[[-82.54291634572775,9.374583501425946],[-82.54291634572775,9.38291683472579],[-82.55124967902776,9.38291683472579],[-82.55124967902776,9.374583501425946],[-82.54291634572775,9.374583501425946]]]},"properties":{"OBJECTID":890,"Id":890,"gridcode":32,"Shape_Length":0.03333333319972098,"Shape_Area":0.00006944444388772632}},{"type":"Feature","id":891,"geometry":{"type":"Polygon","coordinates":[[[-82.53458301242779,9.374583501425946],[-82.53458301242779,9.38291683472579],[-82.54291634572775,9.38291683472579],[-82.54291634572775,9.374583501425946],[-82.53458301242779,9.374583501425946]]]},"properties":{"OBJECTID":891,"Id":891,"gridcode":113,"Shape_Length":0.033333333199607296,"Shape_Area":0.00006944444388725262}},{"type":"Feature","id":892,"geometry":{"type":"Polygon","coordinates":[[[-82.52624967912772,9.374583501425946],[-82.52624967912772,9.38291683472579],[-82.53458301242779,9.38291683472579],[-82.53458301242779,9.374583501425946],[-82.52624967912772,9.374583501425946]]]},"properties":{"OBJECTID":892,"Id":892,"gridcode":382,"Shape_Length":0.03333333319983467,"Shape_Area":0.00006944444388820001}},{"type":"Feature","id":893,"geometry":{"type":"Polygon","coordinates":[[[-82.5179163458277,9.374583501425946],[-82.5179163458277,9.38291683472579],[-82.52624967912772,9.38291683472579],[-82.52624967912772,9.374583501425946],[-82.5179163458277,9.374583501425946]]]},"properties":{"OBJECTID":893,"Id":893,"gridcode":124,"Shape_Length":0.03333333319972098,"Shape_Area":0.00006944444388772632}},{"type":"Feature","id":894,"geometry":{"type":"Polygon","coordinates":[[[-82.50958301252774,9.374583501425946],[-82.50958301252774,9.38291683472579],[-82.5179163458277,9.38291683472579],[-82.5179163458277,9.374583501425946],[-82.50958301252774,9.374583501425946]]]},"properties":{"OBJECTID":894,"Id":894,"gridcode":54,"Shape_Length":0.033333333199607296,"Shape_Area":0.00006944444388725262}},{"type":"Feature","id":895,"geometry":{"type":"Polygon","coordinates":[[[-82.50124967922773,9.374583501425946],[-82.50124967922773,9.38291683472579],[-82.50958301252774,9.38291683472579],[-82.50958301252774,9.374583501425946],[-82.50124967922773,9.374583501425946]]]},"properties":{"OBJECTID":895,"Id":895,"gridcode":57,"Shape_Length":0.03333333319972098,"Shape_Area":0.00006944444388772632}},{"type":"Feature","id":896,"geometry":{"type":"Polygon","coordinates":[[[-82.48458301262775,9.374583501425946],[-82.48458301262775,9.38291683472579],[-82.49291634592777,9.38291683472579],[-82.49291634592777,9.374583501425946],[-82.48458301262775,9.374583501425946]]]},"properties":{"OBJECTID":896,"Id":896,"gridcode":54,"Shape_Length":0.03333333319972098,"Shape_Area":0.00006944444388772632}},{"type":"Feature","id":897,"geometry":{"type":"Polygon","coordinates":[[[-82.47624967932768,9.374583501425946],[-82.47624967932768,9.38291683472579],[-82.48458301262775,9.38291683472579],[-82.48458301262775,9.374583501425946],[-82.47624967932768,9.374583501425946]]]},"properties":{"OBJECTID":897,"Id":897,"gridcode":55,"Shape_Length":0.03333333319983467,"Shape_Area":0.00006944444388820001}},{"type":"Feature","id":898,"geometry":{"type":"Polygon","coordinates":[[[-82.48458301262775,9.399583501325878],[-82.48458301262775,9.38291683472579],[-82.47624967932768,9.38291683472579],[-82.47624967932768,9.399583501325878],[-82.48458301262775,9.399583501325878]]]},"properties":{"OBJECTID":898,"Id":898,"gridcode":58,"Shape_Length":0.04999999980032044,"Shape_Area":0.0001388888877797159}},{"type":"Feature","id":899,"geometry":{"type":"Polygon","coordinates":[[[-82.46791634602766,9.374583501425946],[-82.46791634602766,9.38291683472579],[-82.47624967932768,9.38291683472579],[-82.47624967932768,9.374583501425946],[-82.46791634602766,9.374583501425946]]]},"properties":{"OBJECTID":899,"Id":899,"gridcode":48,"Shape_Length":0.033333333199607296,"Shape_Area":0.00006944444388725262}},{"type":"Feature","id":900,"geometry":{"type":"Polygon","coordinates":[[[-82.4595830127277,9.374583501425946],[-82.4595830127277,9.38291683472579],[-82.46791634602766,9.38291683472579],[-82.46791634602766,9.374583501425946],[-82.4595830127277,9.374583501425946]]]},"properties":{"OBJECTID":900,"Id":900,"gridcode":44,"Shape_Length":0.03333333319972098,"Shape_Area":0.00006944444388772632}},{"type":"Feature","id":901,"geometry":{"type":"Polygon","coordinates":[[[-82.45124967942775,9.374583501425946],[-82.45124967942775,9.38291683472579],[-82.4595830127277,9.38291683472579],[-82.4595830127277,9.374583501425946],[-82.45124967942775,9.374583501425946]]]},"properties":{"OBJECTID":901,"Id":901,"gridcode":43,"Shape_Length":0.033333333199607296,"Shape_Area":0.00006944444388725262}},{"type":"Feature","id":902,"geometry":{"type":"Polygon","coordinates":[[[-82.4595830127277,9.399583501325878],[-82.4595830127277,9.38291683472579],[-82.45124967942775,9.38291683472579],[-82.45124967942775,9.399583501325878],[-82.4595830127277,9.399583501325878]]]},"properties":{"OBJECTID":902,"Id":902,"gridcode":40,"Shape_Length":0.049999999800093065,"Shape_Area":0.0001388888877778211}},{"type":"Feature","id":903,"geometry":{"type":"Polygon","coordinates":[[[-82.44291634612773,9.374583501425946],[-82.44291634612773,9.38291683472579],[-82.45124967942775,9.38291683472579],[-82.45124967942775,9.374583501425946],[-82.44291634612773,9.374583501425946]]]},"properties":{"OBJECTID":903,"Id":903,"gridcode":44,"Shape_Length":0.03333333319972098,"Shape_Area":0.00006944444388772632}},{"type":"Feature","id":904,"geometry":{"type":"Polygon","coordinates":[[[-82.43458301282777,9.374583501425946],[-82.43458301282777,9.38291683472579],[-82.44291634612773,9.38291683472579],[-82.44291634612773,9.374583501425946],[-82.43458301282777,9.374583501425946]]]},"properties":{"OBJECTID":904,"Id":904,"gridcode":46,"Shape_Length":0.033333333199607296,"Shape_Area":0.00006944444388725262}},{"type":"Feature","id":905,"geometry":{"type":"Polygon","coordinates":[[[-82.43458301282777,9.399583501325878],[-82.43458301282777,9.38291683472579],[-82.42624967952776,9.38291683472579],[-82.42624967952776,9.399583501325878],[-82.43458301282777,9.399583501325878]]]},"properties":{"OBJECTID":905,"Id":905,"gridcode":40,"Shape_Length":0.04999999980020675,"Shape_Area":0.0001388888877787685}},{"type":"Feature","id":906,"geometry":{"type":"Polygon","coordinates":[[[-82.41791634622768,9.374583501425946],[-82.41791634622768,9.38291683472579],[-82.42624967952776,9.38291683472579],[-82.42624967952776,9.374583501425946],[-82.41791634622768,9.374583501425946]]]},"properties":{"OBJECTID":906,"Id":906,"gridcode":40,"Shape_Length":0.03333333319983467,"Shape_Area":0.00006944444388820001}},{"type":"Feature","id":907,"geometry":{"type":"Polygon","coordinates":[[[-82.40958301292767,9.416250167925966],[-82.40958301292767,9.38291683472579],[-82.40124967962771,9.38291683472579],[-82.40124967962771,9.399583501325878],[-82.39291634632775,9.399583501325878],[-82.39291634632775,9.407916834625894],[-82.40124967962771,9.407916834625894],[-82.40124967962771,9.416250167925966],[-82.40958301292767,9.416250167925966]]]},"properties":{"OBJECTID":907,"Id":907,"gridcode":38,"Shape_Length":0.09999999960029982,"Shape_Area":0.0003472222194462107}},{"type":"Feature","id":908,"geometry":{"type":"Polygon","coordinates":[[[-82.38458301302774,9.374583501425946],[-82.38458301302774,9.38291683472579],[-82.39291634632775,9.38291683472579],[-82.39291634632775,9.374583501425946],[-82.38458301302774,9.374583501425946]]]},"properties":{"OBJECTID":908,"Id":908,"gridcode":40,"Shape_Length":0.03333333319972098,"Shape_Area":0.00006944444388772632}},{"type":"Feature","id":909,"geometry":{"type":"Polygon","coordinates":[[[-82.39291634632775,9.399583501325878],[-82.39291634632775,9.38291683472579],[-82.38458301302774,9.38291683472579],[-82.38458301302774,9.399583501325878],[-82.39291634632775,9.399583501325878]]]},"properties":{"OBJECTID":909,"Id":909,"gridcode":42,"Shape_Length":0.04999999980020675,"Shape_Area":0.0001388888877787685}},{"type":"Feature","id":910,"geometry":{"type":"Polygon","coordinates":[[[-82.36791634642776,9.374583501425946],[-82.36791634642776,9.38291683472579],[-82.37624967972772,9.38291683472579],[-82.37624967972772,9.374583501425946],[-82.36791634642776,9.374583501425946]]]},"properties":{"OBJECTID":910,"Id":910,"gridcode":42,"Shape_Length":0.033333333199607296,"Shape_Area":0.00006944444388725262}},{"type":"Feature","id":911,"geometry":{"type":"Polygon","coordinates":[[[-82.35958301312769,9.374583501425946],[-82.35958301312769,9.38291683472579],[-82.36791634642776,9.38291683472579],[-82.36791634642776,9.374583501425946],[-82.35958301312769,9.374583501425946]]]},"properties":{"OBJECTID":911,"Id":911,"gridcode":38,"Shape_Length":0.03333333319983467,"Shape_Area":0.00006944444388820001}},{"type":"Feature","id":912,"geometry":{"type":"Polygon","coordinates":[[[-82.35124967982767,9.374583501425946],[-82.35124967982767,9.38291683472579],[-82.35958301312769,9.38291683472579],[-82.35958301312769,9.374583501425946],[-82.35124967982767,9.374583501425946]]]},"properties":{"OBJECTID":912,"Id":912,"gridcode":39,"Shape_Length":0.03333333319972098,"Shape_Area":0.00006944444388772632}},{"type":"Feature","id":913,"geometry":{"type":"Polygon","coordinates":[[[-82.30124968002764,9.374583501425946],[-82.30124968002764,9.38291683472579],[-82.30958301332777,9.38291683472579],[-82.30958301332777,9.374583501425946],[-82.30124968002764,9.374583501425946]]]},"properties":{"OBJECTID":913,"Id":913,"gridcode":52,"Shape_Length":0.03333333319983467,"Shape_Area":0.00006944444388820001}},{"type":"Feature","id":914,"geometry":{"type":"Polygon","coordinates":[[[-82.26791634682775,9.374583501425946],[-82.26791634682775,9.38291683472579],[-82.2762496801277,9.38291683472579],[-82.2762496801277,9.374583501425946],[-82.26791634682775,9.374583501425946]]]},"properties":{"OBJECTID":914,"Id":914,"gridcode":52,"Shape_Length":0.033333333199607296,"Shape_Area":0.00006944444388725262}},{"type":"Feature","id":915,"geometry":{"type":"Polygon","coordinates":[[[-82.29291634672768,9.38291683472579],[-82.26791634682775,9.38291683472579],[-82.26791634682775,9.391250168025863],[-82.29291634672768,9.391250168025863],[-82.29291634672768,9.38291683472579]]]},"properties":{"OBJECTID":915,"Id":915,"gridcode":45,"Shape_Length":0.0666666664000104,"Shape_Area":0.0002083333316679159}},{"type":"Feature","id":916,"geometry":{"type":"Polygon","coordinates":[[[-82.25958301352773,9.374583501425946],[-82.25958301352773,9.38291683472579],[-82.26791634682775,9.38291683472579],[-82.26791634682775,9.374583501425946],[-82.25958301352773,9.374583501425946]]]},"properties":{"OBJECTID":916,"Id":916,"gridcode":51,"Shape_Length":0.03333333319972098,"Shape_Area":0.00006944444388772632}},{"type":"Feature","id":917,"geometry":{"type":"Polygon","coordinates":[[[-82.25124968022766,9.374583501425946],[-82.25124968022766,9.38291683472579],[-82.25958301352773,9.38291683472579],[-82.25958301352773,9.374583501425946],[-82.25124968022766,9.374583501425946]]]},"properties":{"OBJECTID":917,"Id":917,"gridcode":47,"Shape_Length":0.03333333319983467,"Shape_Area":0.00006944444388820001}},{"type":"Feature","id":918,"geometry":{"type":"Polygon","coordinates":[[[-82.24291634692764,9.374583501425946],[-82.24291634692764,9.38291683472579],[-82.25124968022766,9.38291683472579],[-82.25124968022766,9.374583501425946],[-82.24291634692764,9.374583501425946]]]},"properties":{"OBJECTID":918,"Id":918,"gridcode":56,"Shape_Length":0.033333333199607296,"Shape_Area":0.00006944444388725262}},{"type":"Feature","id":919,"geometry":{"type":"Polygon","coordinates":[[[-82.23458301362768,9.374583501425946],[-82.23458301362768,9.38291683472579],[-82.24291634692764,9.38291683472579],[-82.24291634692764,9.374583501425946],[-82.23458301362768,9.374583501425946]]]},"properties":{"OBJECTID":919,"Id":919,"gridcode":91,"Shape_Length":0.03333333319972098,"Shape_Area":0.00006944444388772632}},{"type":"Feature","id":920,"geometry":{"type":"Polygon","coordinates":[[[-82.92624967752772,9.36625016812593],[-82.92624967752772,9.374583501425946],[-82.93458301082768,9.374583501425946],[-82.93458301082768,9.36625016812593],[-82.92624967752772,9.36625016812593]]]},"properties":{"OBJECTID":920,"Id":920,"gridcode":13,"Shape_Length":0.033333333199948356,"Shape_Area":0.00006944444388867371}},{"type":"Feature","id":921,"geometry":{"type":"Polygon","coordinates":[[[-82.93458301082768,9.374583501425946],[-82.90958301092775,9.374583501425946],[-82.90958301092775,9.38291683472579],[-82.93458301082768,9.38291683472579],[-82.93458301082768,9.374583501425946]]]},"properties":{"OBJECTID":921,"Id":921,"gridcode":14,"Shape_Length":0.06666666639955565,"Shape_Area":0.00020833333166223156}},{"type":"Feature","id":922,"geometry":{"type":"Polygon","coordinates":[[[-82.90958301092775,9.374583501425946],[-82.89291634432777,9.374583501425946],[-82.89291634432777,9.38291683472579],[-82.8845830110277,9.38291683472579],[-82.8845830110277,9.391250168025863],[-82.90124967762779,9.391250168025863],[-82.90124967762779,9.38291683472579],[-82.90958301092775,9.38291683472579],[-82.90958301092775,9.374583501425946]]]},"properties":{"OBJECTID":922,"Id":922,"gridcode":13,"Shape_Length":0.08333333299992773,"Shape_Area":0.00027777777555469484}},{"type":"Feature","id":923,"geometry":{"type":"Polygon","coordinates":[[[-82.83458301122778,9.36625016812593],[-82.83458301122778,9.374583501425946],[-82.84291634452774,9.374583501425946],[-82.84291634452774,9.36625016812593],[-82.83458301122778,9.36625016812593]]]},"properties":{"OBJECTID":923,"Id":923,"gridcode":9,"Shape_Length":0.033333333199948356,"Shape_Area":0.00006944444388867371}},{"type":"Feature","id":924,"geometry":{"type":"Polygon","coordinates":[[[-82.84291634452774,9.399583501325878],[-82.84291634452774,9.374583501425946],[-82.83458301122778,9.374583501425946],[-82.83458301122778,9.399583501325878],[-82.84291634452774,9.399583501325878]]]},"properties":{"OBJECTID":924,"Id":924,"gridcode":10,"Shape_Length":0.06666666639978303,"Shape_Area":0.00020833333166507374}},{"type":"Feature","id":925,"geometry":{"type":"Polygon","coordinates":[[[-82.82624967792765,9.36625016812593],[-82.82624967792765,9.374583501425946],[-82.83458301122778,9.374583501425946],[-82.83458301122778,9.36625016812593],[-82.82624967792765,9.36625016812593]]]},"properties":{"OBJECTID":925,"Id":925,"gridcode":8,"Shape_Length":0.03333333320017573,"Shape_Area":0.0000694444438896211}},{"type":"Feature","id":926,"geometry":{"type":"Polygon","coordinates":[[[-82.65124967862778,9.374583501425946],[-82.63458301202769,9.374583501425946],[-82.63458301202769,9.38291683472579],[-82.6429163453277,9.38291683472579],[-82.6429163453277,9.391250168025863],[-82.65124967862778,9.391250168025863],[-82.65124967862778,9.374583501425946]]]},"properties":{"OBJECTID":926,"Id":926,"gridcode":10,"Shape_Length":0.0666666664000104,"Shape_Area":0.00020833333166602112}},{"type":"Feature","id":927,"geometry":{"type":"Polygon","coordinates":[[[-82.60124967882763,9.36625016812593],[-82.60124967882763,9.374583501425946],[-82.60958301212776,9.374583501425946],[-82.60958301212776,9.36625016812593],[-82.60124967882763,9.36625016812593]]]},"properties":{"OBJECTID":927,"Id":927,"gridcode":20,"Shape_Length":0.03333333320017573,"Shape_Area":0.0000694444438896211}},{"type":"Feature","id":928,"geometry":{"type":"Polygon","coordinates":[[[-82.59291634552778,9.36625016812593],[-82.59291634552778,9.374583501425946],[-82.60124967882763,9.374583501425946],[-82.60124967882763,9.36625016812593],[-82.59291634552778,9.36625016812593]]]},"properties":{"OBJECTID":928,"Id":928,"gridcode":40,"Shape_Length":0.03333333319983467,"Shape_Area":0.00006944444388820001}},{"type":"Feature","id":929,"geometry":{"type":"Polygon","coordinates":[[[-82.58458301222771,9.36625016812593],[-82.58458301222771,9.374583501425946],[-82.59291634552778,9.374583501425946],[-82.59291634552778,9.36625016812593],[-82.58458301222771,9.36625016812593]]]},"properties":{"OBJECTID":929,"Id":929,"gridcode":65,"Shape_Length":0.03333333320017573,"Shape_Area":0.0000694444438896211}},{"type":"Feature","id":930,"geometry":{"type":"Polygon","coordinates":[[[-82.5762496789277,9.36625016812593],[-82.5762496789277,9.374583501425946],[-82.58458301222771,9.374583501425946],[-82.58458301222771,9.36625016812593],[-82.5762496789277,9.36625016812593]]]},"properties":{"OBJECTID":930,"Id":930,"gridcode":66,"Shape_Length":0.03333333320006204,"Shape_Area":0.0000694444438891474}},{"type":"Feature","id":931,"geometry":{"type":"Polygon","coordinates":[[[-82.56791634562774,9.36625016812593],[-82.56791634562774,9.374583501425946],[-82.5762496789277,9.374583501425946],[-82.5762496789277,9.36625016812593],[-82.56791634562774,9.36625016812593]]]},"properties":{"OBJECTID":931,"Id":931,"gridcode":27,"Shape_Length":0.033333333199948356,"Shape_Area":0.00006944444388867371}},{"type":"Feature","id":932,"geometry":{"type":"Polygon","coordinates":[[[-82.55958301232772,9.36625016812593],[-82.55958301232772,9.374583501425946],[-82.56791634562774,9.374583501425946],[-82.56791634562774,9.36625016812593],[-82.55958301232772,9.36625016812593]]]},"properties":{"OBJECTID":932,"Id":932,"gridcode":17,"Shape_Length":0.03333333320006204,"Shape_Area":0.0000694444438891474}},{"type":"Feature","id":933,"geometry":{"type":"Polygon","coordinates":[[[-82.54291634572775,9.36625016812593],[-82.54291634572775,9.374583501425946],[-82.55124967902776,9.374583501425946],[-82.55124967902776,9.36625016812593],[-82.54291634572775,9.36625016812593]]]},"properties":{"OBJECTID":933,"Id":933,"gridcode":18,"Shape_Length":0.03333333320006204,"Shape_Area":0.0000694444438891474}},{"type":"Feature","id":934,"geometry":{"type":"Polygon","coordinates":[[[-82.53458301242779,9.36625016812593],[-82.53458301242779,9.374583501425946],[-82.54291634572775,9.374583501425946],[-82.54291634572775,9.36625016812593],[-82.53458301242779,9.36625016812593]]]},"properties":{"OBJECTID":934,"Id":934,"gridcode":40,"Shape_Length":0.033333333199948356,"Shape_Area":0.00006944444388867371}},{"type":"Feature","id":935,"geometry":{"type":"Polygon","coordinates":[[[-82.52624967912772,9.36625016812593],[-82.52624967912772,9.374583501425946],[-82.53458301242779,9.374583501425946],[-82.53458301242779,9.36625016812593],[-82.52624967912772,9.36625016812593]]]},"properties":{"OBJECTID":935,"Id":935,"gridcode":197,"Shape_Length":0.03333333320017573,"Shape_Area":0.0000694444438896211}},{"type":"Feature","id":936,"geometry":{"type":"Polygon","coordinates":[[[-82.5179163458277,9.36625016812593],[-82.5179163458277,9.374583501425946],[-82.52624967912772,9.374583501425946],[-82.52624967912772,9.36625016812593],[-82.5179163458277,9.36625016812593]]]},"properties":{"OBJECTID":936,"Id":936,"gridcode":101,"Shape_Length":0.03333333320006204,"Shape_Area":0.0000694444438891474}},{"type":"Feature","id":937,"geometry":{"type":"Polygon","coordinates":[[[-82.50958301252774,9.36625016812593],[-82.50958301252774,9.374583501425946],[-82.5179163458277,9.374583501425946],[-82.5179163458277,9.36625016812593],[-82.50958301252774,9.36625016812593]]]},"properties":{"OBJECTID":937,"Id":937,"gridcode":52,"Shape_Length":0.033333333199948356,"Shape_Area":0.00006944444388867371}},{"type":"Feature","id":938,"geometry":{"type":"Polygon","coordinates":[[[-82.50124967922773,9.36625016812593],[-82.50124967922773,9.374583501425946],[-82.50958301252774,9.374583501425946],[-82.50958301252774,9.36625016812593],[-82.50124967922773,9.36625016812593]]]},"properties":{"OBJECTID":938,"Id":938,"gridcode":54,"Shape_Length":0.03333333320006204,"Shape_Area":0.0000694444438891474}},{"type":"Feature","id":939,"geometry":{"type":"Polygon","coordinates":[[[-82.46791634602766,9.36625016812593],[-82.46791634602766,9.374583501425946],[-82.47624967932768,9.374583501425946],[-82.47624967932768,9.36625016812593],[-82.46791634602766,9.36625016812593]]]},"properties":{"OBJECTID":939,"Id":939,"gridcode":50,"Shape_Length":0.033333333199948356,"Shape_Area":0.00006944444388867371}},{"type":"Feature","id":940,"geometry":{"type":"Polygon","coordinates":[[[-82.45124967942775,9.36625016812593],[-82.45124967942775,9.374583501425946],[-82.4595830127277,9.374583501425946],[-82.4595830127277,9.36625016812593],[-82.45124967942775,9.36625016812593]]]},"properties":{"OBJECTID":940,"Id":940,"gridcode":44,"Shape_Length":0.033333333199948356,"Shape_Area":0.00006944444388867371}},{"type":"Feature","id":941,"geometry":{"type":"Polygon","coordinates":[[[-82.44291634612773,9.36625016812593],[-82.44291634612773,9.374583501425946],[-82.45124967942775,9.374583501425946],[-82.45124967942775,9.36625016812593],[-82.44291634612773,9.36625016812593]]]},"properties":{"OBJECTID":941,"Id":941,"gridcode":45,"Shape_Length":0.03333333320006204,"Shape_Area":0.0000694444438891474}},{"type":"Feature","id":942,"geometry":{"type":"Polygon","coordinates":[[[-82.43458301282777,9.36625016812593],[-82.43458301282777,9.374583501425946],[-82.44291634612773,9.374583501425946],[-82.44291634612773,9.36625016812593],[-82.43458301282777,9.36625016812593]]]},"properties":{"OBJECTID":942,"Id":942,"gridcode":43,"Shape_Length":0.033333333199948356,"Shape_Area":0.00006944444388867371}},{"type":"Feature","id":943,"geometry":{"type":"Polygon","coordinates":[[[-82.39291634632775,9.36625016812593],[-82.39291634632775,9.374583501425946],[-82.40124967962771,9.374583501425946],[-82.40124967962771,9.36625016812593],[-82.39291634632775,9.36625016812593]]]},"properties":{"OBJECTID":943,"Id":943,"gridcode":40,"Shape_Length":0.033333333199948356,"Shape_Area":0.00006944444388867371}},{"type":"Feature","id":944,"geometry":{"type":"Polygon","coordinates":[[[-82.41791634622768,9.374583501425946],[-82.39291634632775,9.374583501425946],[-82.39291634632775,9.38291683472579],[-82.40958301292767,9.38291683472579],[-82.40958301292767,9.407916834625894],[-82.41791634622768,9.407916834625894],[-82.41791634622768,9.374583501425946]]]},"properties":{"OBJECTID":944,"Id":944,"gridcode":37,"Shape_Length":0.1166666661997624,"Shape_Area":0.00041666666332872636}},{"type":"Feature","id":945,"geometry":{"type":"Polygon","coordinates":[[[-82.38458301302774,9.36625016812593],[-82.38458301302774,9.374583501425946],[-82.39291634632775,9.374583501425946],[-82.39291634632775,9.36625016812593],[-82.38458301302774,9.36625016812593]]]},"properties":{"OBJECTID":945,"Id":945,"gridcode":39,"Shape_Length":0.03333333320006204,"Shape_Area":0.0000694444438891474}},{"type":"Feature","id":946,"geometry":{"type":"Polygon","coordinates":[[[-82.37624967972772,9.36625016812593],[-82.37624967972772,9.374583501425946],[-82.38458301302774,9.374583501425946],[-82.38458301302774,9.36625016812593],[-82.37624967972772,9.36625016812593]]]},"properties":{"OBJECTID":946,"Id":946,"gridcode":42,"Shape_Length":0.03333333320006204,"Shape_Area":0.0000694444438891474}},{"type":"Feature","id":947,"geometry":{"type":"Polygon","coordinates":[[[-82.38458301302774,9.391250168025863],[-82.38458301302774,9.374583501425946],[-82.37624967972772,9.374583501425946],[-82.37624967972772,9.391250168025863],[-82.38458301302774,9.391250168025863]]]},"properties":{"OBJECTID":947,"Id":947,"gridcode":43,"Shape_Length":0.04999999979986569,"Shape_Area":0.00013888888777734742}},{"type":"Feature","id":948,"geometry":{"type":"Polygon","coordinates":[[[-82.36791634642776,9.36625016812593],[-82.36791634642776,9.374583501425946],[-82.37624967972772,9.374583501425946],[-82.37624967972772,9.36625016812593],[-82.36791634642776,9.36625016812593]]]},"properties":{"OBJECTID":948,"Id":948,"gridcode":46,"Shape_Length":0.033333333199948356,"Shape_Area":0.00006944444388867371}},{"type":"Feature","id":949,"geometry":{"type":"Polygon","coordinates":[[[-82.35958301312769,9.36625016812593],[-82.35958301312769,9.374583501425946],[-82.36791634642776,9.374583501425946],[-82.36791634642776,9.36625016812593],[-82.35958301312769,9.36625016812593]]]},"properties":{"OBJECTID":949,"Id":949,"gridcode":41,"Shape_Length":0.03333333320017573,"Shape_Area":0.0000694444438896211}},{"type":"Feature","id":950,"geometry":{"type":"Polygon","coordinates":[[[-82.28458301342772,9.36625016812593],[-82.28458301342772,9.374583501425946],[-82.29291634672768,9.374583501425946],[-82.29291634672768,9.36625016812593],[-82.28458301342772,9.36625016812593]]]},"properties":{"OBJECTID":950,"Id":950,"gridcode":50,"Shape_Length":0.033333333199948356,"Shape_Area":0.00006944444388867371}},{"type":"Feature","id":951,"geometry":{"type":"Polygon","coordinates":[[[-82.29291634672768,9.374583501425946],[-82.2762496801277,9.374583501425946],[-82.2762496801277,9.38291683472579],[-82.29291634672768,9.38291683472579],[-82.29291634672768,9.374583501425946]]]},"properties":{"OBJECTID":951,"Id":951,"gridcode":46,"Shape_Length":0.04999999979963832,"Shape_Area":0.00013888888777497893}},{"type":"Feature","id":952,"geometry":{"type":"Polygon","coordinates":[[[-82.26791634682775,9.36625016812593],[-82.26791634682775,9.374583501425946],[-82.2762496801277,9.374583501425946],[-82.2762496801277,9.36625016812593],[-82.26791634682775,9.36625016812593]]]},"properties":{"OBJECTID":952,"Id":952,"gridcode":55,"Shape_Length":0.033333333199948356,"Shape_Area":0.00006944444388867371}},{"type":"Feature","id":953,"geometry":{"type":"Polygon","coordinates":[[[-82.25958301352773,9.36625016812593],[-82.25958301352773,9.374583501425946],[-82.26791634682775,9.374583501425946],[-82.26791634682775,9.36625016812593],[-82.25958301352773,9.36625016812593]]]},"properties":{"OBJECTID":953,"Id":953,"gridcode":73,"Shape_Length":0.03333333320006204,"Shape_Area":0.0000694444438891474}},{"type":"Feature","id":954,"geometry":{"type":"Polygon","coordinates":[[[-82.25124968022766,9.36625016812593],[-82.25124968022766,9.374583501425946],[-82.25958301352773,9.374583501425946],[-82.25958301352773,9.36625016812593],[-82.25124968022766,9.36625016812593]]]},"properties":{"OBJECTID":954,"Id":954,"gridcode":64,"Shape_Length":0.03333333320017573,"Shape_Area":0.0000694444438896211}},{"type":"Feature","id":955,"geometry":{"type":"Polygon","coordinates":[[[-82.24291634692764,9.36625016812593],[-82.24291634692764,9.374583501425946],[-82.25124968022766,9.374583501425946],[-82.25124968022766,9.36625016812593],[-82.24291634692764,9.36625016812593]]]},"properties":{"OBJECTID":955,"Id":955,"gridcode":96,"Shape_Length":0.033333333199948356,"Shape_Area":0.00006944444388867371}},{"type":"Feature","id":956,"geometry":{"type":"Polygon","coordinates":[[[-82.23458301362768,9.36625016812593],[-82.23458301362768,9.374583501425946],[-82.24291634692764,9.374583501425946],[-82.24291634692764,9.36625016812593],[-82.23458301362768,9.36625016812593]]]},"properties":{"OBJECTID":956,"Id":956,"gridcode":148,"Shape_Length":0.03333333320006204,"Shape_Area":0.0000694444438891474}},{"type":"Feature","id":957,"geometry":{"type":"Polygon","coordinates":[[[-82.92624967752772,9.36625016812593],[-82.90958301092775,9.36625016812593],[-82.90958301092775,9.374583501425946],[-82.92624967752772,9.374583501425946],[-82.92624967752772,9.36625016812593]]]},"properties":{"OBJECTID":957,"Id":957,"gridcode":12,"Shape_Length":0.04999999979997938,"Shape_Area":0.0001388888877778211}},{"type":"Feature","id":958,"geometry":{"type":"Polygon","coordinates":[[[-82.84291634452774,9.357916834825858],[-82.84291634452774,9.36625016812593],[-82.85124967782775,9.36625016812593],[-82.85124967782775,9.357916834825858],[-82.84291634452774,9.357916834825858]]]},"properties":{"OBJECTID":958,"Id":958,"gridcode":9,"Shape_Length":0.03333333320017573,"Shape_Area":0.0000694444438896211}},{"type":"Feature","id":959,"geometry":{"type":"Polygon","coordinates":[[[-82.66791634522775,9.36625016812593],[-82.65124967862778,9.36625016812593],[-82.65124967862778,9.38291683472579],[-82.65958301192762,9.38291683472579],[-82.65958301192762,9.407916834625894],[-82.66791634522775,9.407916834625894],[-82.66791634522775,9.36625016812593]]]},"properties":{"OBJECTID":959,"Id":959,"gridcode":7,"Shape_Length":0.11666666619987609,"Shape_Area":0.000486111107222137}},{"type":"Feature","id":960,"geometry":{"type":"Polygon","coordinates":[[[-82.6429163453277,9.357916834825858],[-82.6429163453277,9.36625016812593],[-82.65124967862778,9.36625016812593],[-82.65124967862778,9.357916834825858],[-82.6429163453277,9.357916834825858]]]},"properties":{"OBJECTID":960,"Id":960,"gridcode":7,"Shape_Length":0.03333333320028942,"Shape_Area":0.00006944444389009479}},{"type":"Feature","id":961,"geometry":{"type":"Polygon","coordinates":[[[-82.63458301202769,9.357916834825858],[-82.63458301202769,9.36625016812593],[-82.6429163453277,9.36625016812593],[-82.6429163453277,9.357916834825858],[-82.63458301202769,9.357916834825858]]]},"properties":{"OBJECTID":961,"Id":961,"gridcode":10,"Shape_Length":0.03333333320017573,"Shape_Area":0.0000694444438896211}},{"type":"Feature","id":962,"geometry":{"type":"Polygon","coordinates":[[[-82.65124967862778,9.36625016812593],[-82.63458301202769,9.36625016812593],[-82.63458301202769,9.374583501425946],[-82.65124967862778,9.374583501425946],[-82.65124967862778,9.36625016812593]]]},"properties":{"OBJECTID":962,"Id":962,"gridcode":9,"Shape_Length":0.04999999980020675,"Shape_Area":0.0001388888877787685}},{"type":"Feature","id":963,"geometry":{"type":"Polygon","coordinates":[[[-82.59291634552778,9.357916834825858],[-82.59291634552778,9.36625016812593],[-82.60124967882763,9.36625016812593],[-82.60124967882763,9.357916834825858],[-82.59291634552778,9.357916834825858]]]},"properties":{"OBJECTID":963,"Id":963,"gridcode":16,"Shape_Length":0.033333333199948356,"Shape_Area":0.00006944444388867371}},{"type":"Feature","id":964,"geometry":{"type":"Polygon","coordinates":[[[-82.58458301222771,9.357916834825858],[-82.58458301222771,9.36625016812593],[-82.59291634552778,9.36625016812593],[-82.59291634552778,9.357916834825858],[-82.58458301222771,9.357916834825858]]]},"properties":{"OBJECTID":964,"Id":964,"gridcode":18,"Shape_Length":0.03333333320028942,"Shape_Area":0.00006944444389009479}},{"type":"Feature","id":965,"geometry":{"type":"Polygon","coordinates":[[[-82.5762496789277,9.357916834825858],[-82.5762496789277,9.36625016812593],[-82.58458301222771,9.36625016812593],[-82.58458301222771,9.357916834825858],[-82.5762496789277,9.357916834825858]]]},"properties":{"OBJECTID":965,"Id":965,"gridcode":17,"Shape_Length":0.03333333320017573,"Shape_Area":0.0000694444438896211}},{"type":"Feature","id":966,"geometry":{"type":"Polygon","coordinates":[[[-82.56791634562774,9.357916834825858],[-82.56791634562774,9.36625016812593],[-82.5762496789277,9.36625016812593],[-82.5762496789277,9.357916834825858],[-82.56791634562774,9.357916834825858]]]},"properties":{"OBJECTID":966,"Id":966,"gridcode":18,"Shape_Length":0.03333333320006204,"Shape_Area":0.0000694444438891474}},{"type":"Feature","id":967,"geometry":{"type":"Polygon","coordinates":[[[-82.55958301232772,9.357916834825858],[-82.55958301232772,9.36625016812593],[-82.56791634562774,9.36625016812593],[-82.56791634562774,9.357916834825858],[-82.55958301232772,9.357916834825858]]]},"properties":{"OBJECTID":967,"Id":967,"gridcode":16,"Shape_Length":0.03333333320017573,"Shape_Area":0.0000694444438896211}},{"type":"Feature","id":968,"geometry":{"type":"Polygon","coordinates":[[[-82.54291634572775,9.357916834825858],[-82.54291634572775,9.36625016812593],[-82.55124967902776,9.36625016812593],[-82.55124967902776,9.357916834825858],[-82.54291634572775,9.357916834825858]]]},"properties":{"OBJECTID":968,"Id":968,"gridcode":17,"Shape_Length":0.03333333320017573,"Shape_Area":0.0000694444438896211}},{"type":"Feature","id":969,"geometry":{"type":"Polygon","coordinates":[[[-82.53458301242779,9.357916834825858],[-82.53458301242779,9.36625016812593],[-82.54291634572775,9.36625016812593],[-82.54291634572775,9.357916834825858],[-82.53458301242779,9.357916834825858]]]},"properties":{"OBJECTID":969,"Id":969,"gridcode":23,"Shape_Length":0.03333333320006204,"Shape_Area":0.0000694444438891474}},{"type":"Feature","id":970,"geometry":{"type":"Polygon","coordinates":[[[-82.50958301252774,9.357916834825858],[-82.50958301252774,9.36625016812593],[-82.5179163458277,9.36625016812593],[-82.5179163458277,9.357916834825858],[-82.50958301252774,9.357916834825858]]]},"properties":{"OBJECTID":970,"Id":970,"gridcode":49,"Shape_Length":0.03333333320006204,"Shape_Area":0.0000694444438891474}},{"type":"Feature","id":971,"geometry":{"type":"Polygon","coordinates":[[[-82.49291634592777,9.357916834825858],[-82.49291634592777,9.36625016812593],[-82.50124967922773,9.36625016812593],[-82.50124967922773,9.357916834825858],[-82.49291634592777,9.357916834825858]]]},"properties":{"OBJECTID":971,"Id":971,"gridcode":50,"Shape_Length":0.03333333320006204,"Shape_Area":0.0000694444438891474}},{"type":"Feature","id":972,"geometry":{"type":"Polygon","coordinates":[[[-82.50124967922773,9.38291683472579],[-82.50124967922773,9.36625016812593],[-82.49291634592777,9.36625016812593],[-82.49291634592777,9.38291683472579],[-82.50124967922773,9.38291683472579]]]},"properties":{"OBJECTID":972,"Id":972,"gridcode":55,"Shape_Length":0.04999999979963832,"Shape_Area":0.00013888888777592633}},{"type":"Feature","id":973,"geometry":{"type":"Polygon","coordinates":[[[-82.49291634592777,9.36625016812593],[-82.47624967932768,9.36625016812593],[-82.47624967932768,9.374583501425946],[-82.49291634592777,9.374583501425946],[-82.49291634592777,9.36625016812593]]]},"properties":{"OBJECTID":973,"Id":973,"gridcode":56,"Shape_Length":0.04999999980020675,"Shape_Area":0.0001388888877787685}},{"type":"Feature","id":974,"geometry":{"type":"Polygon","coordinates":[[[-82.46791634602766,9.357916834825858],[-82.46791634602766,9.36625016812593],[-82.47624967932768,9.36625016812593],[-82.47624967932768,9.357916834825858],[-82.46791634602766,9.357916834825858]]]},"properties":{"OBJECTID":974,"Id":974,"gridcode":54,"Shape_Length":0.03333333320006204,"Shape_Area":0.0000694444438891474}},{"type":"Feature","id":975,"geometry":{"type":"Polygon","coordinates":[[[-82.43458301282777,9.357916834825858],[-82.43458301282777,9.36625016812593],[-82.44291634612773,9.36625016812593],[-82.44291634612773,9.357916834825858],[-82.43458301282777,9.357916834825858]]]},"properties":{"OBJECTID":975,"Id":975,"gridcode":38,"Shape_Length":0.03333333320006204,"Shape_Area":0.0000694444438891474}},{"type":"Feature","id":976,"geometry":{"type":"Polygon","coordinates":[[[-82.40958301292767,9.357916834825858],[-82.40958301292767,9.36625016812593],[-82.41791634622768,9.36625016812593],[-82.41791634622768,9.357916834825858],[-82.40958301292767,9.357916834825858]]]},"properties":{"OBJECTID":976,"Id":976,"gridcode":45,"Shape_Length":0.03333333320006204,"Shape_Area":0.0000694444438891474}},{"type":"Feature","id":977,"geometry":{"type":"Polygon","coordinates":[[[-82.40124967962771,9.357916834825858],[-82.40124967962771,9.36625016812593],[-82.40958301292767,9.36625016812593],[-82.40958301292767,9.357916834825858],[-82.40124967962771,9.357916834825858]]]},"properties":{"OBJECTID":977,"Id":977,"gridcode":44,"Shape_Length":0.03333333320017573,"Shape_Area":0.0000694444438896211}},{"type":"Feature","id":978,"geometry":{"type":"Polygon","coordinates":[[[-82.39291634632775,9.357916834825858],[-82.39291634632775,9.36625016812593],[-82.40124967962771,9.36625016812593],[-82.40124967962771,9.357916834825858],[-82.39291634632775,9.357916834825858]]]},"properties":{"OBJECTID":978,"Id":978,"gridcode":43,"Shape_Length":0.03333333320006204,"Shape_Area":0.0000694444438891474}},{"type":"Feature","id":979,"geometry":{"type":"Polygon","coordinates":[[[-82.38458301302774,9.357916834825858],[-82.38458301302774,9.36625016812593],[-82.39291634632775,9.36625016812593],[-82.39291634632775,9.357916834825858],[-82.38458301302774,9.357916834825858]]]},"properties":{"OBJECTID":979,"Id":979,"gridcode":42,"Shape_Length":0.03333333320017573,"Shape_Area":0.0000694444438896211}},{"type":"Feature","id":980,"geometry":{"type":"Polygon","coordinates":[[[-82.37624967972772,9.357916834825858],[-82.37624967972772,9.36625016812593],[-82.38458301302774,9.36625016812593],[-82.38458301302774,9.357916834825858],[-82.37624967972772,9.357916834825858]]]},"properties":{"OBJECTID":980,"Id":980,"gridcode":44,"Shape_Length":0.03333333320017573,"Shape_Area":0.0000694444438896211}},{"type":"Feature","id":981,"geometry":{"type":"Polygon","coordinates":[[[-82.30124968002764,9.38291683472579],[-82.30124968002764,9.36625016812593],[-82.29291634672768,9.36625016812593],[-82.29291634672768,9.38291683472579],[-82.30124968002764,9.38291683472579]]]},"properties":{"OBJECTID":981,"Id":981,"gridcode":51,"Shape_Length":0.049999999799752004,"Shape_Area":0.00013888888777687373}},{"type":"Feature","id":982,"geometry":{"type":"Polygon","coordinates":[[[-82.28458301342772,9.357916834825858],[-82.28458301342772,9.36625016812593],[-82.29291634672768,9.36625016812593],[-82.29291634672768,9.357916834825858],[-82.28458301342772,9.357916834825858]]]},"properties":{"OBJECTID":982,"Id":982,"gridcode":49,"Shape_Length":0.03333333320006204,"Shape_Area":0.0000694444438891474}},{"type":"Feature","id":983,"geometry":{"type":"Polygon","coordinates":[[[-82.26791634682775,9.357916834825858],[-82.26791634682775,9.36625016812593],[-82.2762496801277,9.36625016812593],[-82.2762496801277,9.357916834825858],[-82.26791634682775,9.357916834825858]]]},"properties":{"OBJECTID":983,"Id":983,"gridcode":59,"Shape_Length":0.03333333320006204,"Shape_Area":0.0000694444438891474}},{"type":"Feature","id":984,"geometry":{"type":"Polygon","coordinates":[[[-82.25958301352773,9.357916834825858],[-82.25958301352773,9.36625016812593],[-82.26791634682775,9.36625016812593],[-82.26791634682775,9.357916834825858],[-82.25958301352773,9.357916834825858]]]},"properties":{"OBJECTID":984,"Id":984,"gridcode":78,"Shape_Length":0.03333333320017573,"Shape_Area":0.0000694444438896211}},{"type":"Feature","id":985,"geometry":{"type":"Polygon","coordinates":[[[-82.25124968022766,9.357916834825858],[-82.25124968022766,9.36625016812593],[-82.25958301352773,9.36625016812593],[-82.25958301352773,9.357916834825858],[-82.25124968022766,9.357916834825858]]]},"properties":{"OBJECTID":985,"Id":985,"gridcode":191,"Shape_Length":0.03333333320028942,"Shape_Area":0.00006944444389009479}},{"type":"Feature","id":986,"geometry":{"type":"Polygon","coordinates":[[[-82.24291634692764,9.357916834825858],[-82.24291634692764,9.36625016812593],[-82.25124968022766,9.36625016812593],[-82.25124968022766,9.357916834825858],[-82.24291634692764,9.357916834825858]]]},"properties":{"OBJECTID":986,"Id":986,"gridcode":254,"Shape_Length":0.03333333320006204,"Shape_Area":0.0000694444438891474}},{"type":"Feature","id":987,"geometry":{"type":"Polygon","coordinates":[[[-82.23458301362768,9.357916834825858],[-82.23458301362768,9.36625016812593],[-82.24291634692764,9.36625016812593],[-82.24291634692764,9.357916834825858],[-82.23458301362768,9.357916834825858]]]},"properties":{"OBJECTID":987,"Id":987,"gridcode":174,"Shape_Length":0.03333333320017573,"Shape_Area":0.0000694444438896211}},{"type":"Feature","id":988,"geometry":{"type":"Polygon","coordinates":[[[-82.20124968042774,9.357916834825858],[-82.20124968042774,9.36625016812593],[-82.20958301372775,9.36625016812593],[-82.20958301372775,9.357916834825858],[-82.20124968042774,9.357916834825858]]]},"properties":{"OBJECTID":988,"Id":988,"gridcode":45,"Shape_Length":0.03333333320017573,"Shape_Area":0.0000694444438896211}},{"type":"Feature","id":989,"geometry":{"type":"Polygon","coordinates":[[[-82.19291634712766,9.357916834825858],[-82.19291634712766,9.36625016812593],[-82.20124968042774,9.36625016812593],[-82.20124968042774,9.357916834825858],[-82.19291634712766,9.357916834825858]]]},"properties":{"OBJECTID":989,"Id":989,"gridcode":41,"Shape_Length":0.03333333320028942,"Shape_Area":0.00006944444389009479}},{"type":"Feature","id":990,"geometry":{"type":"Polygon","coordinates":[[[-82.81791634462769,9.36625016812593],[-82.81791634462769,9.357916834825858],[-82.80958301132773,9.357916834825858],[-82.80958301132773,9.38291683472579],[-82.81791634462769,9.38291683472579],[-82.81791634462769,9.399583501325878],[-82.82624967792765,9.399583501325878],[-82.82624967792765,9.407916834625894],[-82.84291634452774,9.407916834625894],[-82.84291634452774,9.399583501325878],[-82.83458301122778,9.399583501325878],[-82.83458301122778,9.374583501425946],[-82.82624967792765,9.374583501425946],[-82.82624967792765,9.36625016812593],[-82.81791634462769,9.36625016812593]]]},"properties":{"OBJECTID":990,"Id":990,"gridcode":9,"Shape_Length":0.16666666600008284,"Shape_Area":0.0008333333266669266}},{"type":"Feature","id":991,"geometry":{"type":"Polygon","coordinates":[[[-82.80124967802772,9.374583501425946],[-82.80124967802772,9.357916834825858],[-82.79291634472776,9.357916834825858],[-82.79291634472776,9.38291683472579],[-82.80124967802772,9.38291683472579],[-82.80124967802772,9.391250168025863],[-82.79291634472776,9.391250168025863],[-82.79291634472776,9.38291683472579],[-82.78458301142774,9.38291683472579],[-82.78458301142774,9.399583501325878],[-82.77624967812778,9.399583501325878],[-82.77624967812778,9.416250167925966],[-82.79291634472776,9.416250167925966],[-82.79291634472776,9.407916834625894],[-82.80124967802772,9.407916834625894],[-82.80124967802772,9.416250167925966],[-82.81791634462769,9.416250167925966],[-82.81791634462769,9.399583501325878],[-82.80958301132773,9.399583501325878],[-82.80958301132773,9.374583501425946],[-82.80124967802772,9.374583501425946]]]},"properties":{"OBJECTID":991,"Id":991,"gridcode":11,"Shape_Length":0.24999999900023795,"Shape_Area":0.0012499999900008637}},{"type":"Feature","id":992,"geometry":{"type":"Polygon","coordinates":[[[-82.79291634472776,9.374583501425946],[-82.79291634472776,9.357916834825858],[-82.78458301142774,9.357916834825858],[-82.78458301142774,9.374583501425946],[-82.79291634472776,9.374583501425946]]]},"properties":{"OBJECTID":992,"Id":992,"gridcode":7,"Shape_Length":0.04999999980020675,"Shape_Area":0.0001388888877787685}},{"type":"Feature","id":993,"geometry":{"type":"Polygon","coordinates":[[[-82.6429163453277,9.349583501525842],[-82.6429163453277,9.357916834825858],[-82.65124967862778,9.357916834825858],[-82.65124967862778,9.349583501525842],[-82.6429163453277,9.349583501525842]]]},"properties":{"OBJECTID":993,"Id":993,"gridcode":6,"Shape_Length":0.03333333320017573,"Shape_Area":0.0000694444438896211}},{"type":"Feature","id":994,"geometry":{"type":"Polygon","coordinates":[[[-82.63458301202769,9.349583501525842],[-82.63458301202769,9.357916834825858],[-82.6429163453277,9.357916834825858],[-82.6429163453277,9.349583501525842],[-82.63458301202769,9.349583501525842]]]},"properties":{"OBJECTID":994,"Id":994,"gridcode":9,"Shape_Length":0.03333333320006204,"Shape_Area":0.0000694444438891474}},{"type":"Feature","id":995,"geometry":{"type":"Polygon","coordinates":[[[-82.63458301202769,9.357916834825858],[-82.61791634542777,9.357916834825858],[-82.61791634542777,9.374583501425946],[-82.62624967872773,9.374583501425946],[-82.62624967872773,9.38291683472579],[-82.63458301202769,9.38291683472579],[-82.63458301202769,9.357916834825858]]]},"properties":{"OBJECTID":995,"Id":995,"gridcode":11,"Shape_Length":0.08333333299970036,"Shape_Area":0.00034722221944289485}},{"type":"Feature","id":996,"geometry":{"type":"Polygon","coordinates":[[[-82.60958301212776,9.349583501525842],[-82.60958301212776,9.357916834825858],[-82.61791634542777,9.357916834825858],[-82.61791634542777,9.349583501525842],[-82.60958301212776,9.349583501525842]]]},"properties":{"OBJECTID":996,"Id":996,"gridcode":12,"Shape_Length":0.03333333320006204,"Shape_Area":0.0000694444438891474}},{"type":"Feature","id":997,"geometry":{"type":"Polygon","coordinates":[[[-82.61791634542777,9.374583501425946],[-82.61791634542777,9.357916834825858],[-82.60958301212776,9.357916834825858],[-82.60958301212776,9.374583501425946],[-82.61791634542777,9.374583501425946]]]},"properties":{"OBJECTID":997,"Id":997,"gridcode":13,"Shape_Length":0.04999999980020675,"Shape_Area":0.0001388888877787685}},{"type":"Feature","id":998,"geometry":{"type":"Polygon","coordinates":[[[-82.5762496789277,9.349583501525842],[-82.5762496789277,9.357916834825858],[-82.58458301222771,9.357916834825858],[-82.58458301222771,9.349583501525842],[-82.5762496789277,9.349583501525842]]]},"properties":{"OBJECTID":998,"Id":998,"gridcode":18,"Shape_Length":0.03333333320006204,"Shape_Area":0.0000694444438891474}},{"type":"Feature","id":999,"geometry":{"type":"Polygon","coordinates":[[[-82.56791634562774,9.349583501525842],[-82.56791634562774,9.357916834825858],[-82.5762496789277,9.357916834825858],[-82.5762496789277,9.349583501525842],[-82.56791634562774,9.349583501525842]]]},"properties":{"OBJECTID":999,"Id":999,"gridcode":17,"Shape_Length":0.033333333199948356,"Shape_Area":0.00006944444388867371}},{"type":"Feature","id":1000,"geometry":{"type":"Polygon","coordinates":[[[-82.55958301232772,9.349583501525842],[-82.55958301232772,9.357916834825858],[-82.56791634562774,9.357916834825858],[-82.56791634562774,9.349583501525842],[-82.55958301232772,9.349583501525842]]]},"properties":{"OBJECTID":1000,"Id":1000,"gridcode":15,"Shape_Length":0.03333333320006204,"Shape_Area":0.0000694444438891474}},{"type":"Feature","id":1001,"geometry":{"type":"Polygon","coordinates":[[[-82.55124967902776,9.349583501525842],[-82.55124967902776,9.357916834825858],[-82.55958301232772,9.357916834825858],[-82.55958301232772,9.349583501525842],[-82.55124967902776,9.349583501525842]]]},"properties":{"OBJECTID":1001,"Id":1001,"gridcode":24,"Shape_Length":0.033333333199948356,"Shape_Area":0.00006944444388867371}},{"type":"Feature","id":1002,"geometry":{"type":"Polygon","coordinates":[[[-82.55958301232772,9.374583501425946],[-82.55958301232772,9.357916834825858],[-82.55124967902776,9.357916834825858],[-82.55124967902776,9.374583501425946],[-82.55958301232772,9.374583501425946]]]},"properties":{"OBJECTID":1002,"Id":1002,"gridcode":15,"Shape_Length":0.049999999800093065,"Shape_Area":0.0001388888877778211}},{"type":"Feature","id":1003,"geometry":{"type":"Polygon","coordinates":[[[-82.54291634572775,9.349583501525842],[-82.54291634572775,9.357916834825858],[-82.55124967902776,9.357916834825858],[-82.55124967902776,9.349583501525842],[-82.54291634572775,9.349583501525842]]]},"properties":{"OBJECTID":1003,"Id":1003,"gridcode":36,"Shape_Length":0.03333333320006204,"Shape_Area":0.0000694444438891474}},{"type":"Feature","id":1004,"geometry":{"type":"Polygon","coordinates":[[[-82.53458301242779,9.349583501525842],[-82.53458301242779,9.357916834825858],[-82.54291634572775,9.357916834825858],[-82.54291634572775,9.349583501525842],[-82.53458301242779,9.349583501525842]]]},"properties":{"OBJECTID":1004,"Id":1004,"gridcode":47,"Shape_Length":0.033333333199948356,"Shape_Area":0.00006944444388867371}},{"type":"Feature","id":1005,"geometry":{"type":"Polygon","coordinates":[[[-82.52624967912772,9.349583501525842],[-82.52624967912772,9.357916834825858],[-82.53458301242779,9.357916834825858],[-82.53458301242779,9.349583501525842],[-82.52624967912772,9.349583501525842]]]},"properties":{"OBJECTID":1005,"Id":1005,"gridcode":52,"Shape_Length":0.03333333320017573,"Shape_Area":0.0000694444438896211}},{"type":"Feature","id":1006,"geometry":{"type":"Polygon","coordinates":[[[-82.5179163458277,9.349583501525842],[-82.5179163458277,9.357916834825858],[-82.52624967912772,9.357916834825858],[-82.52624967912772,9.349583501525842],[-82.5179163458277,9.349583501525842]]]},"properties":{"OBJECTID":1006,"Id":1006,"gridcode":48,"Shape_Length":0.03333333320006204,"Shape_Area":0.0000694444438891474}},{"type":"Feature","id":1007,"geometry":{"type":"Polygon","coordinates":[[[-82.53458301242779,9.357916834825858],[-82.5179163458277,9.357916834825858],[-82.5179163458277,9.36625016812593],[-82.53458301242779,9.36625016812593],[-82.53458301242779,9.357916834825858]]]},"properties":{"OBJECTID":1007,"Id":1007,"gridcode":57,"Shape_Length":0.04999999980032044,"Shape_Area":0.0001388888877797159}},{"type":"Feature","id":1008,"geometry":{"type":"Polygon","coordinates":[[[-82.50958301252774,9.349583501525842],[-82.50958301252774,9.357916834825858],[-82.5179163458277,9.357916834825858],[-82.5179163458277,9.349583501525842],[-82.50958301252774,9.349583501525842]]]},"properties":{"OBJECTID":1008,"Id":1008,"gridcode":51,"Shape_Length":0.033333333199948356,"Shape_Area":0.00006944444388867371}},{"type":"Feature","id":1009,"geometry":{"type":"Polygon","coordinates":[[[-82.49291634592777,9.349583501525842],[-82.49291634592777,9.357916834825858],[-82.50124967922773,9.357916834825858],[-82.50124967922773,9.349583501525842],[-82.49291634592777,9.349583501525842]]]},"properties":{"OBJECTID":1009,"Id":1009,"gridcode":49,"Shape_Length":0.033333333199948356,"Shape_Area":0.00006944444388867371}},{"type":"Feature","id":1010,"geometry":{"type":"Polygon","coordinates":[[[-82.48458301262775,9.349583501525842],[-82.48458301262775,9.357916834825858],[-82.49291634592777,9.357916834825858],[-82.49291634592777,9.349583501525842],[-82.48458301262775,9.349583501525842]]]},"properties":{"OBJECTID":1010,"Id":1010,"gridcode":53,"Shape_Length":0.03333333320006204,"Shape_Area":0.0000694444438891474}},{"type":"Feature","id":1011,"geometry":{"type":"Polygon","coordinates":[[[-82.47624967932768,9.349583501525842],[-82.47624967932768,9.357916834825858],[-82.48458301262775,9.357916834825858],[-82.48458301262775,9.349583501525842],[-82.47624967932768,9.349583501525842]]]},"properties":{"OBJECTID":1011,"Id":1011,"gridcode":55,"Shape_Length":0.03333333320017573,"Shape_Area":0.0000694444438896211}},{"type":"Feature","id":1012,"geometry":{"type":"Polygon","coordinates":[[[-82.49291634592777,9.357916834825858],[-82.47624967932768,9.357916834825858],[-82.47624967932768,9.36625016812593],[-82.49291634592777,9.36625016812593],[-82.49291634592777,9.357916834825858]]]},"properties":{"OBJECTID":1012,"Id":1012,"gridcode":58,"Shape_Length":0.04999999980032044,"Shape_Area":0.0001388888877797159}},{"type":"Feature","id":1013,"geometry":{"type":"Polygon","coordinates":[[[-82.46791634602766,9.349583501525842],[-82.46791634602766,9.357916834825858],[-82.47624967932768,9.357916834825858],[-82.47624967932768,9.349583501525842],[-82.46791634602766,9.349583501525842]]]},"properties":{"OBJECTID":1013,"Id":1013,"gridcode":51,"Shape_Length":0.033333333199948356,"Shape_Area":0.00006944444388867371}},{"type":"Feature","id":1014,"geometry":{"type":"Polygon","coordinates":[[[-82.46791634602766,9.374583501425946],[-82.46791634602766,9.357916834825858],[-82.4595830127277,9.357916834825858],[-82.4595830127277,9.374583501425946],[-82.46791634602766,9.374583501425946]]]},"properties":{"OBJECTID":1014,"Id":1014,"gridcode":46,"Shape_Length":0.04999999980020675,"Shape_Area":0.0001388888877787685}},{"type":"Feature","id":1015,"geometry":{"type":"Polygon","coordinates":[[[-82.45124967942775,9.349583501525842],[-82.45124967942775,9.357916834825858],[-82.4595830127277,9.357916834825858],[-82.4595830127277,9.349583501525842],[-82.45124967942775,9.349583501525842]]]},"properties":{"OBJECTID":1015,"Id":1015,"gridcode":38,"Shape_Length":0.033333333199948356,"Shape_Area":0.00006944444388867371}},{"type":"Feature","id":1016,"geometry":{"type":"Polygon","coordinates":[[[-82.44291634612773,9.349583501525842],[-82.44291634612773,9.357916834825858],[-82.45124967942775,9.357916834825858],[-82.45124967942775,9.349583501525842],[-82.44291634612773,9.349583501525842]]]},"properties":{"OBJECTID":1016,"Id":1016,"gridcode":40,"Shape_Length":0.03333333320006204,"Shape_Area":0.0000694444438891474}},{"type":"Feature","id":1017,"geometry":{"type":"Polygon","coordinates":[[[-82.4595830127277,9.357916834825858],[-82.44291634612773,9.357916834825858],[-82.44291634612773,9.36625016812593],[-82.4595830127277,9.36625016812593],[-82.4595830127277,9.357916834825858]]]},"properties":{"OBJECTID":1017,"Id":1017,"gridcode":43,"Shape_Length":0.049999999800093065,"Shape_Area":0.0001388888877787685}},{"type":"Feature","id":1018,"geometry":{"type":"Polygon","coordinates":[[[-82.43458301282777,9.349583501525842],[-82.43458301282777,9.357916834825858],[-82.44291634612773,9.357916834825858],[-82.44291634612773,9.349583501525842],[-82.43458301282777,9.349583501525842]]]},"properties":{"OBJECTID":1018,"Id":1018,"gridcode":42,"Shape_Length":0.033333333199948356,"Shape_Area":0.00006944444388867371}},{"type":"Feature","id":1019,"geometry":{"type":"Polygon","coordinates":[[[-82.42624967952776,9.349583501525842],[-82.42624967952776,9.357916834825858],[-82.43458301282777,9.357916834825858],[-82.43458301282777,9.349583501525842],[-82.42624967952776,9.349583501525842]]]},"properties":{"OBJECTID":1019,"Id":1019,"gridcode":43,"Shape_Length":0.03333333320006204,"Shape_Area":0.0000694444438891474}},{"type":"Feature","id":1020,"geometry":{"type":"Polygon","coordinates":[[[-82.41791634622768,9.349583501525842],[-82.41791634622768,9.357916834825858],[-82.42624967952776,9.357916834825858],[-82.42624967952776,9.349583501525842],[-82.41791634622768,9.349583501525842]]]},"properties":{"OBJECTID":1020,"Id":1020,"gridcode":46,"Shape_Length":0.03333333320017573,"Shape_Area":0.0000694444438896211}},{"type":"Feature","id":1021,"geometry":{"type":"Polygon","coordinates":[[[-82.43458301282777,9.357916834825858],[-82.41791634622768,9.357916834825858],[-82.41791634622768,9.36625016812593],[-82.40124967962771,9.36625016812593],[-82.40124967962771,9.374583501425946],[-82.42624967952776,9.374583501425946],[-82.42624967952776,9.38291683472579],[-82.43458301282777,9.38291683472579],[-82.43458301282777,9.357916834825858]]]},"properties":{"OBJECTID":1021,"Id":1021,"gridcode":42,"Shape_Length":0.11666666619998978,"Shape_Area":0.00048611110722403175}},{"type":"Feature","id":1022,"geometry":{"type":"Polygon","coordinates":[[[-82.38458301302774,9.349583501525842],[-82.38458301302774,9.357916834825858],[-82.39291634632775,9.357916834825858],[-82.39291634632775,9.349583501525842],[-82.38458301302774,9.349583501525842]]]},"properties":{"OBJECTID":1022,"Id":1022,"gridcode":45,"Shape_Length":0.03333333320006204,"Shape_Area":0.0000694444438891474}},{"type":"Feature","id":1023,"geometry":{"type":"Polygon","coordinates":[[[-82.37624967972772,9.349583501525842],[-82.37624967972772,9.357916834825858],[-82.38458301302774,9.357916834825858],[-82.38458301302774,9.349583501525842],[-82.37624967972772,9.349583501525842]]]},"properties":{"OBJECTID":1023,"Id":1023,"gridcode":47,"Shape_Length":0.03333333320006204,"Shape_Area":0.0000694444438891474}},{"type":"Feature","id":1024,"geometry":{"type":"Polygon","coordinates":[[[-82.28458301342772,9.374583501425946],[-82.28458301342772,9.357916834825858],[-82.2762496801277,9.357916834825858],[-82.2762496801277,9.374583501425946],[-82.28458301342772,9.374583501425946]]]},"properties":{"OBJECTID":1024,"Id":1024,"gridcode":51,"Shape_Length":0.04999999980020675,"Shape_Area":0.0001388888877787685}},{"type":"Feature","id":1025,"geometry":{"type":"Polygon","coordinates":[[[-82.26791634682775,9.349583501525842],[-82.26791634682775,9.357916834825858],[-82.2762496801277,9.357916834825858],[-82.2762496801277,9.349583501525842],[-82.26791634682775,9.349583501525842]]]},"properties":{"OBJECTID":1025,"Id":1025,"gridcode":62,"Shape_Length":0.033333333199948356,"Shape_Area":0.00006944444388867371}},{"type":"Feature","id":1026,"geometry":{"type":"Polygon","coordinates":[[[-82.25958301352773,9.349583501525842],[-82.25958301352773,9.357916834825858],[-82.26791634682775,9.357916834825858],[-82.26791634682775,9.349583501525842],[-82.25958301352773,9.349583501525842]]]},"properties":{"OBJECTID":1026,"Id":1026,"gridcode":100,"Shape_Length":0.03333333320006204,"Shape_Area":0.0000694444438891474}},{"type":"Feature","id":1027,"geometry":{"type":"Polygon","coordinates":[[[-82.25124968022766,9.349583501525842],[-82.25124968022766,9.357916834825858],[-82.25958301352773,9.357916834825858],[-82.25958301352773,9.349583501525842],[-82.25124968022766,9.349583501525842]]]},"properties":{"OBJECTID":1027,"Id":1027,"gridcode":308,"Shape_Length":0.03333333320017573,"Shape_Area":0.0000694444438896211}},{"type":"Feature","id":1028,"geometry":{"type":"Polygon","coordinates":[[[-82.24291634692764,9.349583501525842],[-82.24291634692764,9.357916834825858],[-82.25124968022766,9.357916834825858],[-82.25124968022766,9.349583501525842],[-82.24291634692764,9.349583501525842]]]},"properties":{"OBJECTID":1028,"Id":1028,"gridcode":504,"Shape_Length":0.033333333199948356,"Shape_Area":0.00006944444388867371}},{"type":"Feature","id":1029,"geometry":{"type":"Polygon","coordinates":[[[-82.22624968032773,9.349583501525842],[-82.22624968032773,9.357916834825858],[-82.23458301362768,9.357916834825858],[-82.23458301362768,9.349583501525842],[-82.22624968032773,9.349583501525842]]]},"properties":{"OBJECTID":1029,"Id":1029,"gridcode":97,"Shape_Length":0.033333333199948356,"Shape_Area":0.00006944444388867371}},{"type":"Feature","id":1030,"geometry":{"type":"Polygon","coordinates":[[[-82.21791634702771,9.349583501525842],[-82.21791634702771,9.357916834825858],[-82.22624968032773,9.357916834825858],[-82.22624968032773,9.349583501525842],[-82.21791634702771,9.349583501525842]]]},"properties":{"OBJECTID":1030,"Id":1030,"gridcode":73,"Shape_Length":0.03333333320006204,"Shape_Area":0.0000694444438891474}},{"type":"Feature","id":1031,"geometry":{"type":"Polygon","coordinates":[[[-82.20958301372775,9.349583501525842],[-82.20958301372775,9.357916834825858],[-82.21791634702771,9.357916834825858],[-82.21791634702771,9.349583501525842],[-82.20958301372775,9.349583501525842]]]},"properties":{"OBJECTID":1031,"Id":1031,"gridcode":227,"Shape_Length":0.033333333199948356,"Shape_Area":0.00006944444388867371}},{"type":"Feature","id":1032,"geometry":{"type":"Polygon","coordinates":[[[-82.20124968042774,9.349583501525842],[-82.20124968042774,9.357916834825858],[-82.20958301372775,9.357916834825858],[-82.20958301372775,9.349583501525842],[-82.20124968042774,9.349583501525842]]]},"properties":{"OBJECTID":1032,"Id":1032,"gridcode":90,"Shape_Length":0.03333333320006204,"Shape_Area":0.0000694444438891474}},{"type":"Feature","id":1033,"geometry":{"type":"Polygon","coordinates":[[[-82.19291634712766,9.349583501525842],[-82.19291634712766,9.357916834825858],[-82.20124968042774,9.357916834825858],[-82.20124968042774,9.349583501525842],[-82.19291634712766,9.349583501525842]]]},"properties":{"OBJECTID":1033,"Id":1033,"gridcode":46,"Shape_Length":0.03333333320017573,"Shape_Area":0.0000694444438896211}},{"type":"Feature","id":1034,"geometry":{"type":"Polygon","coordinates":[[[-82.18458301382776,9.349583501525842],[-82.18458301382776,9.357916834825858],[-82.19291634712766,9.357916834825858],[-82.19291634712766,9.349583501525842],[-82.18458301382776,9.349583501525842]]]},"properties":{"OBJECTID":1034,"Id":1034,"gridcode":35,"Shape_Length":0.03333333319983467,"Shape_Area":0.00006944444388820001}},{"type":"Feature","id":1035,"geometry":{"type":"Polygon","coordinates":[[[-82.16791634722773,9.349583501525842],[-82.16791634722773,9.357916834825858],[-82.17624968052769,9.357916834825858],[-82.17624968052769,9.349583501525842],[-82.16791634722773,9.349583501525842]]]},"properties":{"OBJECTID":1035,"Id":1035,"gridcode":35,"Shape_Length":0.033333333199948356,"Shape_Area":0.00006944444388867371}},{"type":"Feature","id":1036,"geometry":{"type":"Polygon","coordinates":[[[-82.15958301392772,9.349583501525842],[-82.15958301392772,9.357916834825858],[-82.16791634722773,9.357916834825858],[-82.16791634722773,9.349583501525842],[-82.15958301392772,9.349583501525842]]]},"properties":{"OBJECTID":1036,"Id":1036,"gridcode":36,"Shape_Length":0.03333333320006204,"Shape_Area":0.0000694444438891474}},{"type":"Feature","id":1037,"geometry":{"type":"Polygon","coordinates":[[[-82.93458301082768,9.349583501525842],[-82.89291634432777,9.349583501525842],[-82.89291634432777,9.357916834825858],[-82.86791634442773,9.357916834825858],[-82.86791634442773,9.36625016812593],[-82.85958301112777,9.36625016812593],[-82.85958301112777,9.38291683472579],[-82.85124967782775,9.38291683472579],[-82.85124967782775,9.374583501425946],[-82.84291634452774,9.374583501425946],[-82.84291634452774,9.399583501325878],[-82.85958301112777,9.399583501325878],[-82.85958301112777,9.391250168025863],[-82.86791634442773,9.391250168025863],[-82.86791634442773,9.38291683472579],[-82.8845830110277,9.38291683472579],[-82.8845830110277,9.374583501425946],[-82.90958301092775,9.374583501425946],[-82.90958301092775,9.36625016812593],[-82.93458301082768,9.36625016812593],[-82.93458301082768,9.349583501525842]]]},"properties":{"OBJECTID":1037,"Id":1037,"gridcode":11,"Shape_Length":0.2999999987996489,"Shape_Area":0.001944444428890443}},{"type":"Feature","id":1038,"geometry":{"type":"Polygon","coordinates":[[[-82.86791634442773,9.341250168225997],[-82.86791634442773,9.349583501525842],[-82.87624967772769,9.349583501525842],[-82.87624967772769,9.341250168225997],[-82.86791634442773,9.341250168225997]]]},"properties":{"OBJECTID":1038,"Id":1038,"gridcode":9,"Shape_Length":0.033333333199607296,"Shape_Area":0.00006944444388725262}},{"type":"Feature","id":1039,"geometry":{"type":"Polygon","coordinates":[[[-82.85958301112777,9.341250168225997],[-82.85958301112777,9.349583501525842],[-82.86791634442773,9.349583501525842],[-82.86791634442773,9.341250168225997],[-82.85958301112777,9.341250168225997]]]},"properties":{"OBJECTID":1039,"Id":1039,"gridcode":8,"Shape_Length":0.033333333199607296,"Shape_Area":0.00006944444388725262}},{"type":"Feature","id":1040,"geometry":{"type":"Polygon","coordinates":[[[-82.80124967802772,9.341250168225997],[-82.80124967802772,9.349583501525842],[-82.80958301132773,9.349583501525842],[-82.80958301132773,9.341250168225997],[-82.80124967802772,9.341250168225997]]]},"properties":{"OBJECTID":1040,"Id":1040,"gridcode":9,"Shape_Length":0.03333333319972098,"Shape_Area":0.00006944444388772632}},{"type":"Feature","id":1041,"geometry":{"type":"Polygon","coordinates":[[[-82.79291634472776,9.341250168225997],[-82.79291634472776,9.349583501525842],[-82.80124967802772,9.349583501525842],[-82.80124967802772,9.341250168225997],[-82.79291634472776,9.341250168225997]]]},"properties":{"OBJECTID":1041,"Id":1041,"gridcode":6,"Shape_Length":0.033333333199607296,"Shape_Area":0.00006944444388725262}},{"type":"Feature","id":1042,"geometry":{"type":"Polygon","coordinates":[[[-82.80958301132773,9.349583501525842],[-82.79291634472776,9.349583501525842],[-82.79291634472776,9.357916834825858],[-82.80124967802772,9.357916834825858],[-82.80124967802772,9.374583501425946],[-82.80958301132773,9.374583501425946],[-82.80958301132773,9.349583501525842]]]},"properties":{"OBJECTID":1042,"Id":1042,"gridcode":10,"Shape_Length":0.08333333300015511,"Shape_Area":0.0002777777755565896}},{"type":"Feature","id":1043,"geometry":{"type":"Polygon","coordinates":[[[-82.66791634522775,9.357916834825858],[-82.66791634522775,9.349583501525842],[-82.65958301192762,9.349583501525842],[-82.65958301192762,9.357916834825858],[-82.65124967862778,9.357916834825858],[-82.65124967862778,9.36625016812593],[-82.66791634522775,9.36625016812593],[-82.66791634522775,9.407916834625894],[-82.68458301182773,9.407916834625894],[-82.68458301182773,9.399583501325878],[-82.67624967852777,9.399583501325878],[-82.67624967852777,9.374583501425946],[-82.68458301182773,9.374583501425946],[-82.68458301182773,9.36625016812593],[-82.67624967852777,9.36625016812593],[-82.67624967852777,9.357916834825858],[-82.66791634522775,9.357916834825858]]]},"properties":{"OBJECTID":1043,"Id":1043,"gridcode":6,"Shape_Length":0.1999999991999175,"Shape_Area":0.0007638888827801477}},{"type":"Feature","id":1044,"geometry":{"type":"Polygon","coordinates":[[[-82.63458301202769,9.341250168225997],[-82.63458301202769,9.349583501525842],[-82.6429163453277,9.349583501525842],[-82.6429163453277,9.341250168225997],[-82.63458301202769,9.341250168225997]]]},"properties":{"OBJECTID":1044,"Id":1044,"gridcode":7,"Shape_Length":0.03333333319972098,"Shape_Area":0.00006944444388772632}},{"type":"Feature","id":1045,"geometry":{"type":"Polygon","coordinates":[[[-82.60124967882763,9.341250168225997],[-82.60124967882763,9.349583501525842],[-82.60958301212776,9.349583501525842],[-82.60958301212776,9.341250168225997],[-82.60124967882763,9.341250168225997]]]},"properties":{"OBJECTID":1045,"Id":1045,"gridcode":12,"Shape_Length":0.03333333319983467,"Shape_Area":0.00006944444388820001}},{"type":"Feature","id":1046,"geometry":{"type":"Polygon","coordinates":[[[-82.60958301212776,9.36625016812593],[-82.60958301212776,9.349583501525842],[-82.60124967882763,9.349583501525842],[-82.60124967882763,9.36625016812593],[-82.60958301212776,9.36625016812593]]]},"properties":{"OBJECTID":1046,"Id":1046,"gridcode":14,"Shape_Length":0.04999999980032044,"Shape_Area":0.0001388888877797159}},{"type":"Feature","id":1047,"geometry":{"type":"Polygon","coordinates":[[[-82.59291634552778,9.341250168225997],[-82.59291634552778,9.349583501525842],[-82.60124967882763,9.349583501525842],[-82.60124967882763,9.341250168225997],[-82.59291634552778,9.341250168225997]]]},"properties":{"OBJECTID":1047,"Id":1047,"gridcode":13,"Shape_Length":0.03333333319949361,"Shape_Area":0.00006944444388677893}},{"type":"Feature","id":1048,"geometry":{"type":"Polygon","coordinates":[[[-82.58458301222771,9.341250168225997],[-82.58458301222771,9.349583501525842],[-82.59291634552778,9.349583501525842],[-82.59291634552778,9.341250168225997],[-82.58458301222771,9.341250168225997]]]},"properties":{"OBJECTID":1048,"Id":1048,"gridcode":15,"Shape_Length":0.03333333319983467,"Shape_Area":0.00006944444388820001}},{"type":"Feature","id":1049,"geometry":{"type":"Polygon","coordinates":[[[-82.60124967882763,9.349583501525842],[-82.58458301222771,9.349583501525842],[-82.58458301222771,9.357916834825858],[-82.60124967882763,9.357916834825858],[-82.60124967882763,9.349583501525842]]]},"properties":{"OBJECTID":1049,"Id":1049,"gridcode":17,"Shape_Length":0.04999999979997938,"Shape_Area":0.0001388888877778211}},{"type":"Feature","id":1050,"geometry":{"type":"Polygon","coordinates":[[[-82.5762496789277,9.341250168225997],[-82.5762496789277,9.349583501525842],[-82.58458301222771,9.349583501525842],[-82.58458301222771,9.341250168225997],[-82.5762496789277,9.341250168225997]]]},"properties":{"OBJECTID":1050,"Id":1050,"gridcode":27,"Shape_Length":0.03333333319972098,"Shape_Area":0.00006944444388772632}},{"type":"Feature","id":1051,"geometry":{"type":"Polygon","coordinates":[[[-82.56791634562774,9.341250168225997],[-82.56791634562774,9.349583501525842],[-82.5762496789277,9.349583501525842],[-82.5762496789277,9.341250168225997],[-82.56791634562774,9.341250168225997]]]},"properties":{"OBJECTID":1051,"Id":1051,"gridcode":39,"Shape_Length":0.033333333199607296,"Shape_Area":0.00006944444388725262}},{"type":"Feature","id":1052,"geometry":{"type":"Polygon","coordinates":[[[-82.55958301232772,9.341250168225997],[-82.55958301232772,9.349583501525842],[-82.56791634562774,9.349583501525842],[-82.56791634562774,9.341250168225997],[-82.55958301232772,9.341250168225997]]]},"properties":{"OBJECTID":1052,"Id":1052,"gridcode":31,"Shape_Length":0.03333333319972098,"Shape_Area":0.00006944444388772632}},{"type":"Feature","id":1053,"geometry":{"type":"Polygon","coordinates":[[[-82.54291634572775,9.341250168225997],[-82.54291634572775,9.349583501525842],[-82.55124967902776,9.349583501525842],[-82.55124967902776,9.341250168225997],[-82.54291634572775,9.341250168225997]]]},"properties":{"OBJECTID":1053,"Id":1053,"gridcode":51,"Shape_Length":0.03333333319972098,"Shape_Area":0.00006944444388772632}},{"type":"Feature","id":1054,"geometry":{"type":"Polygon","coordinates":[[[-82.53458301242779,9.341250168225997],[-82.53458301242779,9.349583501525842],[-82.54291634572775,9.349583501525842],[-82.54291634572775,9.341250168225997],[-82.53458301242779,9.341250168225997]]]},"properties":{"OBJECTID":1054,"Id":1054,"gridcode":55,"Shape_Length":0.033333333199607296,"Shape_Area":0.00006944444388725262}},{"type":"Feature","id":1055,"geometry":{"type":"Polygon","coordinates":[[[-82.52624967912772,9.341250168225997],[-82.52624967912772,9.349583501525842],[-82.53458301242779,9.349583501525842],[-82.53458301242779,9.341250168225997],[-82.52624967912772,9.341250168225997]]]},"properties":{"OBJECTID":1055,"Id":1055,"gridcode":51,"Shape_Length":0.03333333319983467,"Shape_Area":0.00006944444388820001}},{"type":"Feature","id":1056,"geometry":{"type":"Polygon","coordinates":[[[-82.5179163458277,9.341250168225997],[-82.5179163458277,9.349583501525842],[-82.52624967912772,9.349583501525842],[-82.52624967912772,9.341250168225997],[-82.5179163458277,9.341250168225997]]]},"properties":{"OBJECTID":1056,"Id":1056,"gridcode":47,"Shape_Length":0.03333333319972098,"Shape_Area":0.00006944444388772632}},{"type":"Feature","id":1057,"geometry":{"type":"Polygon","coordinates":[[[-82.50958301252774,9.341250168225997],[-82.50958301252774,9.349583501525842],[-82.5179163458277,9.349583501525842],[-82.5179163458277,9.341250168225997],[-82.50958301252774,9.341250168225997]]]},"properties":{"OBJECTID":1057,"Id":1057,"gridcode":52,"Shape_Length":0.033333333199607296,"Shape_Area":0.00006944444388725262}},{"type":"Feature","id":1058,"geometry":{"type":"Polygon","coordinates":[[[-82.50124967922773,9.341250168225997],[-82.50124967922773,9.349583501525842],[-82.50958301252774,9.349583501525842],[-82.50958301252774,9.341250168225997],[-82.50124967922773,9.341250168225997]]]},"properties":{"OBJECTID":1058,"Id":1058,"gridcode":51,"Shape_Length":0.03333333319972098,"Shape_Area":0.00006944444388772632}},{"type":"Feature","id":1059,"geometry":{"type":"Polygon","coordinates":[[[-82.50958301252774,9.36625016812593],[-82.50958301252774,9.349583501525842],[-82.50124967922773,9.349583501525842],[-82.50124967922773,9.36625016812593],[-82.50958301252774,9.36625016812593]]]},"properties":{"OBJECTID":1059,"Id":1059,"gridcode":52,"Shape_Length":0.04999999980020675,"Shape_Area":0.0001388888877787685}},{"type":"Feature","id":1060,"geometry":{"type":"Polygon","coordinates":[[[-82.49291634592777,9.341250168225997],[-82.49291634592777,9.349583501525842],[-82.50124967922773,9.349583501525842],[-82.50124967922773,9.341250168225997],[-82.49291634592777,9.341250168225997]]]},"properties":{"OBJECTID":1060,"Id":1060,"gridcode":47,"Shape_Length":0.033333333199607296,"Shape_Area":0.00006944444388725262}},{"type":"Feature","id":1061,"geometry":{"type":"Polygon","coordinates":[[[-82.47624967932768,9.341250168225997],[-82.47624967932768,9.349583501525842],[-82.48458301262775,9.349583501525842],[-82.48458301262775,9.341250168225997],[-82.47624967932768,9.341250168225997]]]},"properties":{"OBJECTID":1061,"Id":1061,"gridcode":51,"Shape_Length":0.03333333319983467,"Shape_Area":0.00006944444388820001}},{"type":"Feature","id":1062,"geometry":{"type":"Polygon","coordinates":[[[-82.46791634602766,9.341250168225997],[-82.46791634602766,9.349583501525842],[-82.47624967932768,9.349583501525842],[-82.47624967932768,9.341250168225997],[-82.46791634602766,9.341250168225997]]]},"properties":{"OBJECTID":1062,"Id":1062,"gridcode":49,"Shape_Length":0.033333333199607296,"Shape_Area":0.00006944444388725262}},{"type":"Feature","id":1063,"geometry":{"type":"Polygon","coordinates":[[[-82.43458301282777,9.341250168225997],[-82.43458301282777,9.349583501525842],[-82.44291634612773,9.349583501525842],[-82.44291634612773,9.341250168225997],[-82.43458301282777,9.341250168225997]]]},"properties":{"OBJECTID":1063,"Id":1063,"gridcode":40,"Shape_Length":0.033333333199607296,"Shape_Area":0.00006944444388725262}},{"type":"Feature","id":1064,"geometry":{"type":"Polygon","coordinates":[[[-82.42624967952776,9.341250168225997],[-82.42624967952776,9.349583501525842],[-82.43458301282777,9.349583501525842],[-82.43458301282777,9.341250168225997],[-82.42624967952776,9.341250168225997]]]},"properties":{"OBJECTID":1064,"Id":1064,"gridcode":46,"Shape_Length":0.03333333319972098,"Shape_Area":0.00006944444388772632}},{"type":"Feature","id":1065,"geometry":{"type":"Polygon","coordinates":[[[-82.40124967962771,9.341250168225997],[-82.40124967962771,9.349583501525842],[-82.40958301292767,9.349583501525842],[-82.40958301292767,9.341250168225997],[-82.40124967962771,9.341250168225997]]]},"properties":{"OBJECTID":1065,"Id":1065,"gridcode":46,"Shape_Length":0.03333333319972098,"Shape_Area":0.00006944444388772632}},{"type":"Feature","id":1066,"geometry":{"type":"Polygon","coordinates":[[[-82.41791634622768,9.349583501525842],[-82.40124967962771,9.349583501525842],[-82.40124967962771,9.357916834825858],[-82.41791634622768,9.357916834825858],[-82.41791634622768,9.349583501525842]]]},"properties":{"OBJECTID":1066,"Id":1066,"gridcode":47,"Shape_Length":0.04999999979997938,"Shape_Area":0.0001388888877778211}},{"type":"Feature","id":1067,"geometry":{"type":"Polygon","coordinates":[[[-82.38458301302774,9.341250168225997],[-82.38458301302774,9.349583501525842],[-82.39291634632775,9.349583501525842],[-82.39291634632775,9.341250168225997],[-82.38458301302774,9.341250168225997]]]},"properties":{"OBJECTID":1067,"Id":1067,"gridcode":47,"Shape_Length":0.03333333319972098,"Shape_Area":0.00006944444388772632}},{"type":"Feature","id":1068,"geometry":{"type":"Polygon","coordinates":[[[-82.25958301352773,9.341250168225997],[-82.25958301352773,9.349583501525842],[-82.26791634682775,9.349583501525842],[-82.26791634682775,9.341250168225997],[-82.25958301352773,9.341250168225997]]]},"properties":{"OBJECTID":1068,"Id":1068,"gridcode":105,"Shape_Length":0.03333333319972098,"Shape_Area":0.00006944444388772632}},{"type":"Feature","id":1069,"geometry":{"type":"Polygon","coordinates":[[[-82.25124968022766,9.341250168225997],[-82.25124968022766,9.349583501525842],[-82.25958301352773,9.349583501525842],[-82.25958301352773,9.341250168225997],[-82.25124968022766,9.341250168225997]]]},"properties":{"OBJECTID":1069,"Id":1069,"gridcode":840,"Shape_Length":0.03333333319983467,"Shape_Area":0.00006944444388820001}},{"type":"Feature","id":1070,"geometry":{"type":"Polygon","coordinates":[[[-82.24291634692764,9.341250168225997],[-82.24291634692764,9.349583501525842],[-82.25124968022766,9.349583501525842],[-82.25124968022766,9.341250168225997],[-82.24291634692764,9.341250168225997]]]},"properties":{"OBJECTID":1070,"Id":1070,"gridcode":3439,"Shape_Length":0.033333333199607296,"Shape_Area":0.00006944444388725262}},{"type":"Feature","id":1071,"geometry":{"type":"Polygon","coordinates":[[[-82.23458301362768,9.341250168225997],[-82.23458301362768,9.349583501525842],[-82.24291634692764,9.349583501525842],[-82.24291634692764,9.341250168225997],[-82.23458301362768,9.341250168225997]]]},"properties":{"OBJECTID":1071,"Id":1071,"gridcode":4038,"Shape_Length":0.03333333319972098,"Shape_Area":0.00006944444388772632}},{"type":"Feature","id":1072,"geometry":{"type":"Polygon","coordinates":[[[-82.22624968032773,9.341250168225997],[-82.22624968032773,9.349583501525842],[-82.23458301362768,9.349583501525842],[-82.23458301362768,9.341250168225997],[-82.22624968032773,9.341250168225997]]]},"properties":{"OBJECTID":1072,"Id":1072,"gridcode":447,"Shape_Length":0.033333333199607296,"Shape_Area":0.00006944444388725262}},{"type":"Feature","id":1073,"geometry":{"type":"Polygon","coordinates":[[[-82.20958301372775,9.341250168225997],[-82.20958301372775,9.349583501525842],[-82.21791634702771,9.349583501525842],[-82.21791634702771,9.341250168225997],[-82.20958301372775,9.341250168225997]]]},"properties":{"OBJECTID":1073,"Id":1073,"gridcode":333,"Shape_Length":0.033333333199607296,"Shape_Area":0.00006944444388725262}},{"type":"Feature","id":1074,"geometry":{"type":"Polygon","coordinates":[[[-82.20124968042774,9.341250168225997],[-82.20124968042774,9.349583501525842],[-82.20958301372775,9.349583501525842],[-82.20958301372775,9.341250168225997],[-82.20124968042774,9.341250168225997]]]},"properties":{"OBJECTID":1074,"Id":1074,"gridcode":110,"Shape_Length":0.03333333319972098,"Shape_Area":0.00006944444388772632}},{"type":"Feature","id":1075,"geometry":{"type":"Polygon","coordinates":[[[-82.19291634712766,9.341250168225997],[-82.19291634712766,9.349583501525842],[-82.20124968042774,9.349583501525842],[-82.20124968042774,9.341250168225997],[-82.19291634712766,9.341250168225997]]]},"properties":{"OBJECTID":1075,"Id":1075,"gridcode":38,"Shape_Length":0.03333333319983467,"Shape_Area":0.00006944444388820001}},{"type":"Feature","id":1076,"geometry":{"type":"Polygon","coordinates":[[[-82.18458301382776,9.341250168225997],[-82.18458301382776,9.349583501525842],[-82.19291634712766,9.349583501525842],[-82.19291634712766,9.341250168225997],[-82.18458301382776,9.341250168225997]]]},"properties":{"OBJECTID":1076,"Id":1076,"gridcode":32,"Shape_Length":0.03333333319949361,"Shape_Area":0.00006944444388677893}},{"type":"Feature","id":1077,"geometry":{"type":"Polygon","coordinates":[[[-82.17624968052769,9.341250168225997],[-82.17624968052769,9.349583501525842],[-82.18458301382776,9.349583501525842],[-82.18458301382776,9.341250168225997],[-82.17624968052769,9.341250168225997]]]},"properties":{"OBJECTID":1077,"Id":1077,"gridcode":43,"Shape_Length":0.03333333319983467,"Shape_Area":0.00006944444388820001}},{"type":"Feature","id":1078,"geometry":{"type":"Polygon","coordinates":[[[-82.16791634722773,9.341250168225997],[-82.16791634722773,9.349583501525842],[-82.17624968052769,9.349583501525842],[-82.17624968052769,9.341250168225997],[-82.16791634722773,9.341250168225997]]]},"properties":{"OBJECTID":1078,"Id":1078,"gridcode":49,"Shape_Length":0.033333333199607296,"Shape_Area":0.00006944444388725262}},{"type":"Feature","id":1079,"geometry":{"type":"Polygon","coordinates":[[[-82.15958301392772,9.341250168225997],[-82.15958301392772,9.349583501525842],[-82.16791634722773,9.349583501525842],[-82.16791634722773,9.341250168225997],[-82.15958301392772,9.341250168225997]]]},"properties":{"OBJECTID":1079,"Id":1079,"gridcode":42,"Shape_Length":0.03333333319972098,"Shape_Area":0.00006944444388772632}},{"type":"Feature","id":1080,"geometry":{"type":"Polygon","coordinates":[[[-82.15124968062776,9.341250168225997],[-82.15124968062776,9.349583501525842],[-82.15958301392772,9.349583501525842],[-82.15958301392772,9.341250168225997],[-82.15124968062776,9.341250168225997]]]},"properties":{"OBJECTID":1080,"Id":1080,"gridcode":36,"Shape_Length":0.033333333199607296,"Shape_Area":0.00006944444388725262}},{"type":"Feature","id":1081,"geometry":{"type":"Polygon","coordinates":[[[-82.14291634732774,9.341250168225997],[-82.14291634732774,9.349583501525842],[-82.15124968062776,9.349583501525842],[-82.15124968062776,9.341250168225997],[-82.14291634732774,9.341250168225997]]]},"properties":{"OBJECTID":1081,"Id":1081,"gridcode":38,"Shape_Length":0.03333333319972098,"Shape_Area":0.00006944444388772632}},{"type":"Feature","id":1082,"geometry":{"type":"Polygon","coordinates":[[[-82.91791634422776,9.332916834925925],[-82.91791634422776,9.341250168225997],[-82.92624967752772,9.341250168225997],[-82.92624967752772,9.332916834925925],[-82.91791634422776,9.332916834925925]]]},"properties":{"OBJECTID":1082,"Id":1082,"gridcode":9,"Shape_Length":0.03333333320006204,"Shape_Area":0.0000694444438891474}},{"type":"Feature","id":1083,"geometry":{"type":"Polygon","coordinates":[[[-82.89291634432777,9.332916834925925],[-82.89291634432777,9.341250168225997],[-82.90124967762779,9.341250168225997],[-82.90124967762779,9.332916834925925],[-82.89291634432777,9.332916834925925]]]},"properties":{"OBJECTID":1083,"Id":1083,"gridcode":9,"Shape_Length":0.03333333320017573,"Shape_Area":0.0000694444438896211}},{"type":"Feature","id":1084,"geometry":{"type":"Polygon","coordinates":[[[-82.8845830110277,9.332916834925925],[-82.8845830110277,9.341250168225997],[-82.89291634432777,9.341250168225997],[-82.89291634432777,9.332916834925925],[-82.8845830110277,9.332916834925925]]]},"properties":{"OBJECTID":1084,"Id":1084,"gridcode":8,"Shape_Length":0.03333333320028942,"Shape_Area":0.00006944444389009479}},{"type":"Feature","id":1085,"geometry":{"type":"Polygon","coordinates":[[[-82.82624967792765,9.357916834825858],[-82.82624967792765,9.341250168225997],[-82.81791634462769,9.341250168225997],[-82.81791634462769,9.36625016812593],[-82.83458301122778,9.36625016812593],[-82.83458301122778,9.357916834825858],[-82.82624967792765,9.357916834825858]]]},"properties":{"OBJECTID":1085,"Id":1085,"gridcode":7,"Shape_Length":0.08333333300004142,"Shape_Area":0.00027777777555658965}},{"type":"Feature","id":1086,"geometry":{"type":"Polygon","coordinates":[[[-82.70958301172777,9.407916834625894],[-82.70958301172777,9.399583501325878],[-82.72624967832775,9.399583501325878],[-82.72624967832775,9.407916834625894],[-82.73458301162776,9.407916834625894],[-82.73458301162776,9.399583501325878],[-82.74291634492772,9.399583501325878],[-82.74291634492772,9.416250167925966],[-82.71791634502779,9.416250167925966],[-82.71791634502779,9.407916834625894],[-82.70958301172777,9.407916834625894]],[[-82.69291634512774,9.341250168225997],[-82.67624967852777,9.341250168225997],[-82.67624967852777,9.349583501525842],[-82.68458301182773,9.349583501525842],[-82.68458301182773,9.357916834825858],[-82.69291634512774,9.357916834825858],[-82.69291634512774,9.416250167925966],[-82.7012496784277,9.416250167925966],[-82.7012496784277,9.424583501225982],[-82.73458301162776,9.424583501225982],[-82.73458301162776,9.432916834525827],[-82.74291634492772,9.432916834525827],[-82.74291634492772,9.424583501225982],[-82.75124967822774,9.424583501225982],[-82.75124967822774,9.416250167925966],[-82.7595830115277,9.416250167925966],[-82.7595830115277,9.399583501325878],[-82.76791634482765,9.399583501325878],[-82.76791634482765,9.391250168025863],[-82.7595830115277,9.391250168025863],[-82.7595830115277,9.374583501425946],[-82.74291634492772,9.374583501425946],[-82.74291634492772,9.38291683472579],[-82.72624967832775,9.38291683472579],[-82.72624967832775,9.374583501425946],[-82.71791634502779,9.374583501425946],[-82.71791634502779,9.36625016812593],[-82.70958301172777,9.36625016812593],[-82.70958301172777,9.357916834825858],[-82.7012496784277,9.357916834825858],[-82.7012496784277,9.349583501525842],[-82.69291634512774,9.349583501525842],[-82.69291634512774,9.341250168225997]]]},"properties":{"OBJECTID":1086,"Id":1086,"gridcode":4,"Shape_Length":0.49999999799933903,"Shape_Area":0.003402777750555906}},{"type":"Feature","id":1087,"geometry":{"type":"Polygon","coordinates":[[[-82.67624967852777,9.349583501525842],[-82.67624967852777,9.341250168225997],[-82.66791634522775,9.341250168225997],[-82.66791634522775,9.357916834825858],[-82.67624967852777,9.357916834825858],[-82.67624967852777,9.36625016812593],[-82.68458301182773,9.36625016812593],[-82.68458301182773,9.374583501425946],[-82.67624967852777,9.374583501425946],[-82.67624967852777,9.399583501325878],[-82.68458301182773,9.399583501325878],[-82.68458301182773,9.407916834625894],[-82.67624967852777,9.407916834625894],[-82.67624967852777,9.416250167925966],[-82.69291634512774,9.416250167925966],[-82.69291634512774,9.357916834825858],[-82.68458301182773,9.357916834825858],[-82.68458301182773,9.349583501525842],[-82.67624967852777,9.349583501525842]]]},"properties":{"OBJECTID":1087,"Id":1087,"gridcode":5,"Shape_Length":0.23333333239975218,"Shape_Area":0.0010416666583329477}},{"type":"Feature","id":1088,"geometry":{"type":"Polygon","coordinates":[[[-82.62624967872773,9.332916834925925],[-82.62624967872773,9.341250168225997],[-82.63458301202769,9.341250168225997],[-82.63458301202769,9.332916834925925],[-82.62624967872773,9.332916834925925]]]},"properties":{"OBJECTID":1088,"Id":1088,"gridcode":9,"Shape_Length":0.03333333320006204,"Shape_Area":0.0000694444438891474}},{"type":"Feature","id":1089,"geometry":{"type":"Polygon","coordinates":[[[-82.63458301202769,9.357916834825858],[-82.63458301202769,9.341250168225997],[-82.62624967872773,9.341250168225997],[-82.62624967872773,9.349583501525842],[-82.61791634542777,9.349583501525842],[-82.61791634542777,9.357916834825858],[-82.63458301202769,9.357916834825858]]]},"properties":{"OBJECTID":1089,"Id":1089,"gridcode":10,"Shape_Length":0.06666666639955565,"Shape_Area":0.00020833333166460003}},{"type":"Feature","id":1090,"geometry":{"type":"Polygon","coordinates":[[[-82.59291634552778,9.332916834925925],[-82.59291634552778,9.341250168225997],[-82.60124967882763,9.341250168225997],[-82.60124967882763,9.332916834925925],[-82.59291634552778,9.332916834925925]]]},"properties":{"OBJECTID":1090,"Id":1090,"gridcode":20,"Shape_Length":0.033333333199948356,"Shape_Area":0.00006944444388867371}},{"type":"Feature","id":1091,"geometry":{"type":"Polygon","coordinates":[[[-82.58458301222771,9.332916834925925],[-82.58458301222771,9.341250168225997],[-82.59291634552778,9.341250168225997],[-82.59291634552778,9.332916834925925],[-82.58458301222771,9.332916834925925]]]},"properties":{"OBJECTID":1091,"Id":1091,"gridcode":33,"Shape_Length":0.03333333320028942,"Shape_Area":0.00006944444389009479}},{"type":"Feature","id":1092,"geometry":{"type":"Polygon","coordinates":[[[-82.5762496789277,9.332916834925925],[-82.5762496789277,9.341250168225997],[-82.58458301222771,9.341250168225997],[-82.58458301222771,9.332916834925925],[-82.5762496789277,9.332916834925925]]]},"properties":{"OBJECTID":1092,"Id":1092,"gridcode":50,"Shape_Length":0.03333333320017573,"Shape_Area":0.0000694444438896211}},{"type":"Feature","id":1093,"geometry":{"type":"Polygon","coordinates":[[[-82.56791634562774,9.332916834925925],[-82.56791634562774,9.341250168225997],[-82.5762496789277,9.341250168225997],[-82.5762496789277,9.332916834925925],[-82.56791634562774,9.332916834925925]]]},"properties":{"OBJECTID":1093,"Id":1093,"gridcode":52,"Shape_Length":0.03333333320006204,"Shape_Area":0.0000694444438891474}},{"type":"Feature","id":1094,"geometry":{"type":"Polygon","coordinates":[[[-82.55958301232772,9.332916834925925],[-82.55958301232772,9.341250168225997],[-82.56791634562774,9.341250168225997],[-82.56791634562774,9.332916834925925],[-82.55958301232772,9.332916834925925]]]},"properties":{"OBJECTID":1094,"Id":1094,"gridcode":53,"Shape_Length":0.03333333320017573,"Shape_Area":0.0000694444438896211}},{"type":"Feature","id":1095,"geometry":{"type":"Polygon","coordinates":[[[-82.54291634572775,9.332916834925925],[-82.54291634572775,9.341250168225997],[-82.55124967902776,9.341250168225997],[-82.55124967902776,9.332916834925925],[-82.54291634572775,9.332916834925925]]]},"properties":{"OBJECTID":1095,"Id":1095,"gridcode":47,"Shape_Length":0.03333333320017573,"Shape_Area":0.0000694444438896211}},{"type":"Feature","id":1096,"geometry":{"type":"Polygon","coordinates":[[[-82.53458301242779,9.332916834925925],[-82.53458301242779,9.341250168225997],[-82.54291634572775,9.341250168225997],[-82.54291634572775,9.332916834925925],[-82.53458301242779,9.332916834925925]]]},"properties":{"OBJECTID":1096,"Id":1096,"gridcode":49,"Shape_Length":0.03333333320006204,"Shape_Area":0.0000694444438891474}},{"type":"Feature","id":1097,"geometry":{"type":"Polygon","coordinates":[[[-82.52624967912772,9.332916834925925],[-82.52624967912772,9.341250168225997],[-82.53458301242779,9.341250168225997],[-82.53458301242779,9.332916834925925],[-82.52624967912772,9.332916834925925]]]},"properties":{"OBJECTID":1097,"Id":1097,"gridcode":54,"Shape_Length":0.03333333320028942,"Shape_Area":0.00006944444389009479}},{"type":"Feature","id":1098,"geometry":{"type":"Polygon","coordinates":[[[-82.5179163458277,9.332916834925925],[-82.5179163458277,9.341250168225997],[-82.52624967912772,9.341250168225997],[-82.52624967912772,9.332916834925925],[-82.5179163458277,9.332916834925925]]]},"properties":{"OBJECTID":1098,"Id":1098,"gridcode":51,"Shape_Length":0.03333333320017573,"Shape_Area":0.0000694444438896211}},{"type":"Feature","id":1099,"geometry":{"type":"Polygon","coordinates":[[[-82.46791634602766,9.332916834925925],[-82.46791634602766,9.341250168225997],[-82.47624967932768,9.341250168225997],[-82.47624967932768,9.332916834925925],[-82.46791634602766,9.332916834925925]]]},"properties":{"OBJECTID":1099,"Id":1099,"gridcode":47,"Shape_Length":0.03333333320006204,"Shape_Area":0.0000694444438891474}},{"type":"Feature","id":1100,"geometry":{"type":"Polygon","coordinates":[[[-82.4595830127277,9.332916834925925],[-82.4595830127277,9.341250168225997],[-82.46791634602766,9.341250168225997],[-82.46791634602766,9.332916834925925],[-82.4595830127277,9.332916834925925]]]},"properties":{"OBJECTID":1100,"Id":1100,"gridcode":42,"Shape_Length":0.03333333320017573,"Shape_Area":0.0000694444438896211}},{"type":"Feature","id":1101,"geometry":{"type":"Polygon","coordinates":[[[-82.46791634602766,9.357916834825858],[-82.46791634602766,9.341250168225997],[-82.4595830127277,9.341250168225997],[-82.4595830127277,9.357916834825858],[-82.46791634602766,9.357916834825858]]]},"properties":{"OBJECTID":1101,"Id":1101,"gridcode":39,"Shape_Length":0.049999999799752004,"Shape_Area":0.00013888888777687373}},{"type":"Feature","id":1102,"geometry":{"type":"Polygon","coordinates":[[[-82.4595830127277,9.341250168225997],[-82.44291634612773,9.341250168225997],[-82.44291634612773,9.349583501525842],[-82.4595830127277,9.349583501525842],[-82.4595830127277,9.341250168225997]]]},"properties":{"OBJECTID":1102,"Id":1102,"gridcode":37,"Shape_Length":0.04999999979963832,"Shape_Area":0.00013888888777497893}},{"type":"Feature","id":1103,"geometry":{"type":"Polygon","coordinates":[[[-82.43458301282777,9.332916834925925],[-82.43458301282777,9.341250168225997],[-82.44291634612773,9.341250168225997],[-82.44291634612773,9.332916834925925],[-82.43458301282777,9.332916834925925]]]},"properties":{"OBJECTID":1103,"Id":1103,"gridcode":38,"Shape_Length":0.03333333320006204,"Shape_Area":0.0000694444438891474}},{"type":"Feature","id":1104,"geometry":{"type":"Polygon","coordinates":[[[-82.42624967952776,9.341250168225997],[-82.40958301292767,9.341250168225997],[-82.40958301292767,9.349583501525842],[-82.42624967952776,9.349583501525842],[-82.42624967952776,9.341250168225997]]]},"properties":{"OBJECTID":1104,"Id":1104,"gridcode":43,"Shape_Length":0.049999999799752004,"Shape_Area":0.00013888888777545264}},{"type":"Feature","id":1105,"geometry":{"type":"Polygon","coordinates":[[[-82.39291634632775,9.332916834925925],[-82.39291634632775,9.341250168225997],[-82.40124967962771,9.341250168225997],[-82.40124967962771,9.332916834925925],[-82.39291634632775,9.332916834925925]]]},"properties":{"OBJECTID":1105,"Id":1105,"gridcode":41,"Shape_Length":0.03333333320006204,"Shape_Area":0.0000694444438891474}},{"type":"Feature","id":1106,"geometry":{"type":"Polygon","coordinates":[[[-82.40124967962771,9.357916834825858],[-82.40124967962771,9.341250168225997],[-82.39291634632775,9.341250168225997],[-82.39291634632775,9.357916834825858],[-82.40124967962771,9.357916834825858]]]},"properties":{"OBJECTID":1106,"Id":1106,"gridcode":48,"Shape_Length":0.04999999979963832,"Shape_Area":0.00013888888777592633}},{"type":"Feature","id":1107,"geometry":{"type":"Polygon","coordinates":[[[-82.38458301302774,9.332916834925925],[-82.38458301302774,9.341250168225997],[-82.39291634632775,9.341250168225997],[-82.39291634632775,9.332916834925925],[-82.38458301302774,9.332916834925925]]]},"properties":{"OBJECTID":1107,"Id":1107,"gridcode":45,"Shape_Length":0.03333333320017573,"Shape_Area":0.0000694444438896211}},{"type":"Feature","id":1108,"geometry":{"type":"Polygon","coordinates":[[[-82.37624967972772,9.332916834925925],[-82.37624967972772,9.341250168225997],[-82.38458301302774,9.341250168225997],[-82.38458301302774,9.332916834925925],[-82.37624967972772,9.332916834925925]]]},"properties":{"OBJECTID":1108,"Id":1108,"gridcode":39,"Shape_Length":0.03333333320017573,"Shape_Area":0.0000694444438896211}},{"type":"Feature","id":1109,"geometry":{"type":"Polygon","coordinates":[[[-82.25124968022766,9.332916834925925],[-82.25124968022766,9.341250168225997],[-82.25958301352773,9.341250168225997],[-82.25958301352773,9.332916834925925],[-82.25124968022766,9.332916834925925]]]},"properties":{"OBJECTID":1109,"Id":1109,"gridcode":390,"Shape_Length":0.03333333320028942,"Shape_Area":0.00006944444389009479}},{"type":"Feature","id":1110,"geometry":{"type":"Polygon","coordinates":[[[-82.24291634692764,9.332916834925925],[-82.24291634692764,9.341250168225997],[-82.25124968022766,9.341250168225997],[-82.25124968022766,9.332916834925925],[-82.24291634692764,9.332916834925925]]]},"properties":{"OBJECTID":1110,"Id":1110,"gridcode":2255,"Shape_Length":0.03333333320006204,"Shape_Area":0.0000694444438891474}},{"type":"Feature","id":1111,"geometry":{"type":"Polygon","coordinates":[[[-82.23458301362768,9.332916834925925],[-82.23458301362768,9.341250168225997],[-82.24291634692764,9.341250168225997],[-82.24291634692764,9.332916834925925],[-82.23458301362768,9.332916834925925]]]},"properties":{"OBJECTID":1111,"Id":1111,"gridcode":4476,"Shape_Length":0.03333333320017573,"Shape_Area":0.0000694444438896211}},{"type":"Feature","id":1112,"geometry":{"type":"Polygon","coordinates":[[[-82.22624968032773,9.332916834925925],[-82.22624968032773,9.341250168225997],[-82.23458301362768,9.341250168225997],[-82.23458301362768,9.332916834925925],[-82.22624968032773,9.332916834925925]]]},"properties":{"OBJECTID":1112,"Id":1112,"gridcode":1026,"Shape_Length":0.03333333320006204,"Shape_Area":0.0000694444438891474}},{"type":"Feature","id":1113,"geometry":{"type":"Polygon","coordinates":[[[-82.21791634702771,9.332916834925925],[-82.21791634702771,9.341250168225997],[-82.22624968032773,9.341250168225997],[-82.22624968032773,9.332916834925925],[-82.21791634702771,9.332916834925925]]]},"properties":{"OBJECTID":1113,"Id":1113,"gridcode":75,"Shape_Length":0.03333333320017573,"Shape_Area":0.0000694444438896211}},{"type":"Feature","id":1114,"geometry":{"type":"Polygon","coordinates":[[[-82.20124968042774,9.332916834925925],[-82.20124968042774,9.341250168225997],[-82.20958301372775,9.341250168225997],[-82.20958301372775,9.332916834925925],[-82.20124968042774,9.332916834925925]]]},"properties":{"OBJECTID":1114,"Id":1114,"gridcode":66,"Shape_Length":0.03333333320017573,"Shape_Area":0.0000694444438896211}},{"type":"Feature","id":1115,"geometry":{"type":"Polygon","coordinates":[[[-82.19291634712766,9.332916834925925],[-82.19291634712766,9.341250168225997],[-82.20124968042774,9.341250168225997],[-82.20124968042774,9.332916834925925],[-82.19291634712766,9.332916834925925]]]},"properties":{"OBJECTID":1115,"Id":1115,"gridcode":36,"Shape_Length":0.03333333320028942,"Shape_Area":0.00006944444389009479}},{"type":"Feature","id":1116,"geometry":{"type":"Polygon","coordinates":[[[-82.18458301382776,9.332916834925925],[-82.18458301382776,9.341250168225997],[-82.19291634712766,9.341250168225997],[-82.19291634712766,9.332916834925925],[-82.18458301382776,9.332916834925925]]]},"properties":{"OBJECTID":1116,"Id":1116,"gridcode":31,"Shape_Length":0.033333333199948356,"Shape_Area":0.00006944444388867371}},{"type":"Feature","id":1117,"geometry":{"type":"Polygon","coordinates":[[[-82.17624968052769,9.332916834925925],[-82.17624968052769,9.341250168225997],[-82.18458301382776,9.341250168225997],[-82.18458301382776,9.332916834925925],[-82.17624968052769,9.332916834925925]]]},"properties":{"OBJECTID":1117,"Id":1117,"gridcode":47,"Shape_Length":0.03333333320028942,"Shape_Area":0.00006944444389009479}},{"type":"Feature","id":1118,"geometry":{"type":"Polygon","coordinates":[[[-82.16791634722773,9.332916834925925],[-82.16791634722773,9.341250168225997],[-82.17624968052769,9.341250168225997],[-82.17624968052769,9.332916834925925],[-82.16791634722773,9.332916834925925]]]},"properties":{"OBJECTID":1118,"Id":1118,"gridcode":48,"Shape_Length":0.03333333320006204,"Shape_Area":0.0000694444438891474}},{"type":"Feature","id":1119,"geometry":{"type":"Polygon","coordinates":[[[-82.15958301392772,9.332916834925925],[-82.15958301392772,9.341250168225997],[-82.16791634722773,9.341250168225997],[-82.16791634722773,9.332916834925925],[-82.15958301392772,9.332916834925925]]]},"properties":{"OBJECTID":1119,"Id":1119,"gridcode":40,"Shape_Length":0.03333333320017573,"Shape_Area":0.0000694444438896211}},{"type":"Feature","id":1120,"geometry":{"type":"Polygon","coordinates":[[[-82.14291634732774,9.332916834925925],[-82.14291634732774,9.341250168225997],[-82.15124968062776,9.341250168225997],[-82.15124968062776,9.332916834925925],[-82.14291634732774,9.332916834925925]]]},"properties":{"OBJECTID":1120,"Id":1120,"gridcode":36,"Shape_Length":0.03333333320017573,"Shape_Area":0.0000694444438896211}},{"type":"Feature","id":1121,"geometry":{"type":"Polygon","coordinates":[[[-82.13458301402761,9.332916834925925],[-82.13458301402761,9.341250168225997],[-82.14291634732774,9.341250168225997],[-82.14291634732774,9.332916834925925],[-82.13458301402761,9.332916834925925]]]},"properties":{"OBJECTID":1121,"Id":1121,"gridcode":39,"Shape_Length":0.03333333320028942,"Shape_Area":0.00006944444389009479}},{"type":"Feature","id":1122,"geometry":{"type":"Polygon","coordinates":[[[-82.91791634422776,9.332916834925925],[-82.90124967762779,9.332916834925925],[-82.90124967762779,9.341250168225997],[-82.87624967772769,9.341250168225997],[-82.87624967772769,9.349583501525842],[-82.85958301112777,9.349583501525842],[-82.85958301112777,9.357916834825858],[-82.85124967782775,9.357916834825858],[-82.85124967782775,9.36625016812593],[-82.84291634452774,9.36625016812593],[-82.84291634452774,9.374583501425946],[-82.85958301112777,9.374583501425946],[-82.85958301112777,9.36625016812593],[-82.86791634442773,9.36625016812593],[-82.86791634442773,9.357916834825858],[-82.89291634432777,9.357916834825858],[-82.89291634432777,9.349583501525842],[-82.93458301082768,9.349583501525842],[-82.93458301082768,9.341250168225997],[-82.91791634422776,9.341250168225997],[-82.91791634422776,9.332916834925925]]]},"properties":{"OBJECTID":1122,"Id":1122,"gridcode":10,"Shape_Length":0.2666666655999279,"Shape_Area":0.0011805555461050848}},{"type":"Feature","id":1123,"geometry":{"type":"Polygon","coordinates":[[[-82.6429163453277,9.32458350162591],[-82.6429163453277,9.332916834925925],[-82.65124967862778,9.332916834925925],[-82.65124967862778,9.32458350162591],[-82.6429163453277,9.32458350162591]]]},"properties":{"OBJECTID":1123,"Id":1123,"gridcode":7,"Shape_Length":0.03333333320017573,"Shape_Area":0.0000694444438896211}},{"type":"Feature","id":1124,"geometry":{"type":"Polygon","coordinates":[[[-82.65124967862778,9.341250168225997],[-82.65124967862778,9.332916834925925],[-82.6429163453277,9.332916834925925],[-82.6429163453277,9.349583501525842],[-82.65124967862778,9.349583501525842],[-82.65124967862778,9.357916834825858],[-82.65958301192762,9.357916834825858],[-82.65958301192762,9.341250168225997],[-82.65124967862778,9.341250168225997]]]},"properties":{"OBJECTID":1124,"Id":1124,"gridcode":5,"Shape_Length":0.08333333299981405,"Shape_Area":0.0002777777755532737}},{"type":"Feature","id":1125,"geometry":{"type":"Polygon","coordinates":[[[-82.62624967872773,9.32458350162591],[-82.62624967872773,9.332916834925925],[-82.63458301202769,9.332916834925925],[-82.63458301202769,9.32458350162591],[-82.62624967872773,9.32458350162591]]]},"properties":{"OBJECTID":1125,"Id":1125,"gridcode":8,"Shape_Length":0.033333333199948356,"Shape_Area":0.00006944444388867371}},{"type":"Feature","id":1126,"geometry":{"type":"Polygon","coordinates":[[[-82.60124967882763,9.32458350162591],[-82.60124967882763,9.332916834925925],[-82.60958301212776,9.332916834925925],[-82.60958301212776,9.32458350162591],[-82.60124967882763,9.32458350162591]]]},"properties":{"OBJECTID":1126,"Id":1126,"gridcode":10,"Shape_Length":0.03333333320017573,"Shape_Area":0.0000694444438896211}},{"type":"Feature","id":1127,"geometry":{"type":"Polygon","coordinates":[[[-82.62624967872773,9.332916834925925],[-82.60124967882763,9.332916834925925],[-82.60124967882763,9.341250168225997],[-82.60958301212776,9.341250168225997],[-82.60958301212776,9.349583501525842],[-82.62624967872773,9.349583501525842],[-82.62624967872773,9.332916834925925]]]},"properties":{"OBJECTID":1127,"Id":1127,"gridcode":11,"Shape_Length":0.08333333299992773,"Shape_Area":0.0003472222194438422}},{"type":"Feature","id":1128,"geometry":{"type":"Polygon","coordinates":[[[-82.59291634552778,9.32458350162591],[-82.59291634552778,9.332916834925925],[-82.60124967882763,9.332916834925925],[-82.60124967882763,9.32458350162591],[-82.59291634552778,9.32458350162591]]]},"properties":{"OBJECTID":1128,"Id":1128,"gridcode":29,"Shape_Length":0.03333333319983467,"Shape_Area":0.00006944444388820001}},{"type":"Feature","id":1129,"geometry":{"type":"Polygon","coordinates":[[[-82.58458301222771,9.32458350162591],[-82.58458301222771,9.332916834925925],[-82.59291634552778,9.332916834925925],[-82.59291634552778,9.32458350162591],[-82.58458301222771,9.32458350162591]]]},"properties":{"OBJECTID":1129,"Id":1129,"gridcode":40,"Shape_Length":0.03333333320017573,"Shape_Area":0.0000694444438896211}},{"type":"Feature","id":1130,"geometry":{"type":"Polygon","coordinates":[[[-82.5762496789277,9.32458350162591],[-82.5762496789277,9.332916834925925],[-82.58458301222771,9.332916834925925],[-82.58458301222771,9.32458350162591],[-82.5762496789277,9.32458350162591]]]},"properties":{"OBJECTID":1130,"Id":1130,"gridcode":45,"Shape_Length":0.03333333320006204,"Shape_Area":0.0000694444438891474}},{"type":"Feature","id":1131,"geometry":{"type":"Polygon","coordinates":[[[-82.56791634562774,9.32458350162591],[-82.56791634562774,9.332916834925925],[-82.5762496789277,9.332916834925925],[-82.5762496789277,9.32458350162591],[-82.56791634562774,9.32458350162591]]]},"properties":{"OBJECTID":1131,"Id":1131,"gridcode":47,"Shape_Length":0.033333333199948356,"Shape_Area":0.00006944444388867371}},{"type":"Feature","id":1132,"geometry":{"type":"Polygon","coordinates":[[[-82.55958301232772,9.32458350162591],[-82.55958301232772,9.332916834925925],[-82.56791634562774,9.332916834925925],[-82.56791634562774,9.32458350162591],[-82.55958301232772,9.32458350162591]]]},"properties":{"OBJECTID":1132,"Id":1132,"gridcode":50,"Shape_Length":0.03333333320006204,"Shape_Area":0.0000694444438891474}},{"type":"Feature","id":1133,"geometry":{"type":"Polygon","coordinates":[[[-82.55124967902776,9.32458350162591],[-82.55124967902776,9.332916834925925],[-82.55958301232772,9.332916834925925],[-82.55958301232772,9.32458350162591],[-82.55124967902776,9.32458350162591]]]},"properties":{"OBJECTID":1133,"Id":1133,"gridcode":46,"Shape_Length":0.033333333199948356,"Shape_Area":0.00006944444388867371}},{"type":"Feature","id":1134,"geometry":{"type":"Polygon","coordinates":[[[-82.55958301232772,9.349583501525842],[-82.55958301232772,9.332916834925925],[-82.55124967902776,9.332916834925925],[-82.55124967902776,9.349583501525842],[-82.55958301232772,9.349583501525842]]]},"properties":{"OBJECTID":1134,"Id":1134,"gridcode":52,"Shape_Length":0.049999999799752004,"Shape_Area":0.00013888888777640002}},{"type":"Feature","id":1135,"geometry":{"type":"Polygon","coordinates":[[[-82.54291634572775,9.32458350162591],[-82.54291634572775,9.332916834925925],[-82.55124967902776,9.332916834925925],[-82.55124967902776,9.32458350162591],[-82.54291634572775,9.32458350162591]]]},"properties":{"OBJECTID":1135,"Id":1135,"gridcode":48,"Shape_Length":0.03333333320006204,"Shape_Area":0.0000694444438891474}},{"type":"Feature","id":1136,"geometry":{"type":"Polygon","coordinates":[[[-82.53458301242779,9.32458350162591],[-82.53458301242779,9.332916834925925],[-82.54291634572775,9.332916834925925],[-82.54291634572775,9.32458350162591],[-82.53458301242779,9.32458350162591]]]},"properties":{"OBJECTID":1136,"Id":1136,"gridcode":52,"Shape_Length":0.033333333199948356,"Shape_Area":0.00006944444388867371}},{"type":"Feature","id":1137,"geometry":{"type":"Polygon","coordinates":[[[-82.52624967912772,9.32458350162591],[-82.52624967912772,9.332916834925925],[-82.53458301242779,9.332916834925925],[-82.53458301242779,9.32458350162591],[-82.52624967912772,9.32458350162591]]]},"properties":{"OBJECTID":1137,"Id":1137,"gridcode":57,"Shape_Length":0.03333333320017573,"Shape_Area":0.0000694444438896211}},{"type":"Feature","id":1138,"geometry":{"type":"Polygon","coordinates":[[[-82.50958301252774,9.32458350162591],[-82.50958301252774,9.332916834925925],[-82.5179163458277,9.332916834925925],[-82.5179163458277,9.32458350162591],[-82.50958301252774,9.32458350162591]]]},"properties":{"OBJECTID":1138,"Id":1138,"gridcode":54,"Shape_Length":0.033333333199948356,"Shape_Area":0.00006944444388867371}},{"type":"Feature","id":1139,"geometry":{"type":"Polygon","coordinates":[[[-82.50124967922773,9.32458350162591],[-82.50124967922773,9.332916834925925],[-82.50958301252774,9.332916834925925],[-82.50958301252774,9.32458350162591],[-82.50124967922773,9.32458350162591]]]},"properties":{"OBJECTID":1139,"Id":1139,"gridcode":50,"Shape_Length":0.03333333320006204,"Shape_Area":0.0000694444438891474}},{"type":"Feature","id":1140,"geometry":{"type":"Polygon","coordinates":[[[-82.5179163458277,9.332916834925925],[-82.50124967922773,9.332916834925925],[-82.50124967922773,9.341250168225997],[-82.5179163458277,9.341250168225997],[-82.5179163458277,9.332916834925925]]]},"properties":{"OBJECTID":1140,"Id":1140,"gridcode":53,"Shape_Length":0.049999999800093065,"Shape_Area":0.0001388888877787685}},{"type":"Feature","id":1141,"geometry":{"type":"Polygon","coordinates":[[[-82.49291634592777,9.32458350162591],[-82.49291634592777,9.332916834925925],[-82.50124967922773,9.332916834925925],[-82.50124967922773,9.32458350162591],[-82.49291634592777,9.32458350162591]]]},"properties":{"OBJECTID":1141,"Id":1141,"gridcode":48,"Shape_Length":0.033333333199948356,"Shape_Area":0.00006944444388867371}},{"type":"Feature","id":1142,"geometry":{"type":"Polygon","coordinates":[[[-82.44291634612773,9.32458350162591],[-82.44291634612773,9.332916834925925],[-82.45124967942775,9.332916834925925],[-82.45124967942775,9.32458350162591],[-82.44291634612773,9.32458350162591]]]},"properties":{"OBJECTID":1142,"Id":1142,"gridcode":42,"Shape_Length":0.03333333320006204,"Shape_Area":0.0000694444438891474}},{"type":"Feature","id":1143,"geometry":{"type":"Polygon","coordinates":[[[-82.4595830127277,9.332916834925925],[-82.44291634612773,9.332916834925925],[-82.44291634612773,9.341250168225997],[-82.4595830127277,9.341250168225997],[-82.4595830127277,9.332916834925925]]]},"properties":{"OBJECTID":1143,"Id":1143,"gridcode":39,"Shape_Length":0.049999999800093065,"Shape_Area":0.0001388888877787685}},{"type":"Feature","id":1144,"geometry":{"type":"Polygon","coordinates":[[[-82.43458301282777,9.32458350162591],[-82.43458301282777,9.332916834925925],[-82.44291634612773,9.332916834925925],[-82.44291634612773,9.32458350162591],[-82.43458301282777,9.32458350162591]]]},"properties":{"OBJECTID":1144,"Id":1144,"gridcode":40,"Shape_Length":0.033333333199948356,"Shape_Area":0.00006944444388867371}},{"type":"Feature","id":1145,"geometry":{"type":"Polygon","coordinates":[[[-82.42624967952776,9.332916834925925],[-82.40124967962771,9.332916834925925],[-82.40124967962771,9.341250168225997],[-82.42624967952776,9.341250168225997],[-82.42624967952776,9.332916834925925]]]},"properties":{"OBJECTID":1145,"Id":1145,"gridcode":40,"Shape_Length":0.06666666640023777,"Shape_Area":0.0002083333316688633}},{"type":"Feature","id":1146,"geometry":{"type":"Polygon","coordinates":[[[-82.37624967972772,9.32458350162591],[-82.37624967972772,9.332916834925925],[-82.38458301302774,9.332916834925925],[-82.38458301302774,9.32458350162591],[-82.37624967972772,9.32458350162591]]]},"properties":{"OBJECTID":1146,"Id":1146,"gridcode":41,"Shape_Length":0.03333333320006204,"Shape_Area":0.0000694444438891474}},{"type":"Feature","id":1147,"geometry":{"type":"Polygon","coordinates":[[[-82.36791634642776,9.32458350162591],[-82.36791634642776,9.332916834925925],[-82.37624967972772,9.332916834925925],[-82.37624967972772,9.32458350162591],[-82.36791634642776,9.32458350162591]]]},"properties":{"OBJECTID":1147,"Id":1147,"gridcode":43,"Shape_Length":0.033333333199948356,"Shape_Area":0.00006944444388867371}},{"type":"Feature","id":1148,"geometry":{"type":"Polygon","coordinates":[[[-82.25124968022766,9.32458350162591],[-82.25124968022766,9.332916834925925],[-82.25958301352773,9.332916834925925],[-82.25958301352773,9.32458350162591],[-82.25124968022766,9.32458350162591]]]},"properties":{"OBJECTID":1148,"Id":1148,"gridcode":191,"Shape_Length":0.03333333320017573,"Shape_Area":0.0000694444438896211}},{"type":"Feature","id":1149,"geometry":{"type":"Polygon","coordinates":[[[-82.24291634692764,9.32458350162591],[-82.24291634692764,9.332916834925925],[-82.25124968022766,9.332916834925925],[-82.25124968022766,9.32458350162591],[-82.24291634692764,9.32458350162591]]]},"properties":{"OBJECTID":1149,"Id":1149,"gridcode":265,"Shape_Length":0.033333333199948356,"Shape_Area":0.00006944444388867371}},{"type":"Feature","id":1150,"geometry":{"type":"Polygon","coordinates":[[[-82.21791634702771,9.32458350162591],[-82.21791634702771,9.332916834925925],[-82.22624968032773,9.332916834925925],[-82.22624968032773,9.32458350162591],[-82.21791634702771,9.32458350162591]]]},"properties":{"OBJECTID":1150,"Id":1150,"gridcode":59,"Shape_Length":0.03333333320006204,"Shape_Area":0.0000694444438891474}},{"type":"Feature","id":1151,"geometry":{"type":"Polygon","coordinates":[[[-82.20958301372775,9.32458350162591],[-82.20958301372775,9.332916834925925],[-82.21791634702771,9.332916834925925],[-82.21791634702771,9.32458350162591],[-82.20958301372775,9.32458350162591]]]},"properties":{"OBJECTID":1151,"Id":1151,"gridcode":46,"Shape_Length":0.033333333199948356,"Shape_Area":0.00006944444388867371}},{"type":"Feature","id":1152,"geometry":{"type":"Polygon","coordinates":[[[-82.20124968042774,9.32458350162591],[-82.20124968042774,9.332916834925925],[-82.20958301372775,9.332916834925925],[-82.20958301372775,9.32458350162591],[-82.20124968042774,9.32458350162591]]]},"properties":{"OBJECTID":1152,"Id":1152,"gridcode":35,"Shape_Length":0.03333333320006204,"Shape_Area":0.0000694444438891474}},{"type":"Feature","id":1153,"geometry":{"type":"Polygon","coordinates":[[[-82.18458301382776,9.32458350162591],[-82.18458301382776,9.332916834925925],[-82.19291634712766,9.332916834925925],[-82.19291634712766,9.32458350162591],[-82.18458301382776,9.32458350162591]]]},"properties":{"OBJECTID":1153,"Id":1153,"gridcode":32,"Shape_Length":0.03333333319983467,"Shape_Area":0.00006944444388820001}},{"type":"Feature","id":1154,"geometry":{"type":"Polygon","coordinates":[[[-82.17624968052769,9.32458350162591],[-82.17624968052769,9.332916834925925],[-82.18458301382776,9.332916834925925],[-82.18458301382776,9.32458350162591],[-82.17624968052769,9.32458350162591]]]},"properties":{"OBJECTID":1154,"Id":1154,"gridcode":33,"Shape_Length":0.03333333320017573,"Shape_Area":0.0000694444438896211}},{"type":"Feature","id":1155,"geometry":{"type":"Polygon","coordinates":[[[-82.16791634722773,9.32458350162591],[-82.16791634722773,9.332916834925925],[-82.17624968052769,9.332916834925925],[-82.17624968052769,9.32458350162591],[-82.16791634722773,9.32458350162591]]]},"properties":{"OBJECTID":1155,"Id":1155,"gridcode":38,"Shape_Length":0.033333333199948356,"Shape_Area":0.00006944444388867371}},{"type":"Feature","id":1156,"geometry":{"type":"Polygon","coordinates":[[[-82.15958301392772,9.32458350162591],[-82.15958301392772,9.332916834925925],[-82.16791634722773,9.332916834925925],[-82.16791634722773,9.32458350162591],[-82.15958301392772,9.32458350162591]]]},"properties":{"OBJECTID":1156,"Id":1156,"gridcode":34,"Shape_Length":0.03333333320006204,"Shape_Area":0.0000694444438891474}},{"type":"Feature","id":1157,"geometry":{"type":"Polygon","coordinates":[[[-82.14291634732774,9.32458350162591],[-82.14291634732774,9.332916834925925],[-82.15124968062776,9.332916834925925],[-82.15124968062776,9.32458350162591],[-82.14291634732774,9.32458350162591]]]},"properties":{"OBJECTID":1157,"Id":1157,"gridcode":37,"Shape_Length":0.03333333320006204,"Shape_Area":0.0000694444438891474}},{"type":"Feature","id":1158,"geometry":{"type":"Polygon","coordinates":[[[-82.13458301402761,9.32458350162591],[-82.13458301402761,9.332916834925925],[-82.14291634732774,9.332916834925925],[-82.14291634732774,9.32458350162591],[-82.13458301402761,9.32458350162591]]]},"properties":{"OBJECTID":1158,"Id":1158,"gridcode":41,"Shape_Length":0.03333333320017573,"Shape_Area":0.0000694444438896211}},{"type":"Feature","id":1159,"geometry":{"type":"Polygon","coordinates":[[[-82.12624968072777,9.32458350162591],[-82.12624968072777,9.332916834925925],[-82.13458301402761,9.332916834925925],[-82.13458301402761,9.32458350162591],[-82.12624968072777,9.32458350162591]]]},"properties":{"OBJECTID":1159,"Id":1159,"gridcode":43,"Shape_Length":0.03333333319983467,"Shape_Area":0.00006944444388820001}},{"type":"Feature","id":1160,"geometry":{"type":"Polygon","coordinates":[[[-82.93458301082768,9.341250168225997],[-82.93458301082768,9.32458350162591],[-82.92624967752772,9.32458350162591],[-82.92624967752772,9.341250168225997],[-82.93458301082768,9.341250168225997]]]},"properties":{"OBJECTID":1160,"Id":1160,"gridcode":8,"Shape_Length":0.049999999800093065,"Shape_Area":0.0001388888877778211}},{"type":"Feature","id":1161,"geometry":{"type":"Polygon","coordinates":[[[-82.90124967762779,9.32458350162591],[-82.87624967772769,9.32458350162591],[-82.87624967772769,9.332916834925925],[-82.90124967762779,9.332916834925925],[-82.90124967762779,9.32458350162591]]]},"properties":{"OBJECTID":1161,"Id":1161,"gridcode":6,"Shape_Length":0.06666666640023777,"Shape_Area":0.0002083333316679159}},{"type":"Feature","id":1162,"geometry":{"type":"Polygon","coordinates":[[[-82.85124967782775,9.316250168325837],[-82.85124967782775,9.32458350162591],[-82.85958301112777,9.32458350162591],[-82.85958301112777,9.316250168325837],[-82.85124967782775,9.316250168325837]]]},"properties":{"OBJECTID":1162,"Id":1162,"gridcode":8,"Shape_Length":0.03333333320017573,"Shape_Area":0.0000694444438896211}},{"type":"Feature","id":1163,"geometry":{"type":"Polygon","coordinates":[[[-82.80958301132773,9.316250168325837],[-82.80958301132773,9.32458350162591],[-82.81791634462769,9.32458350162591],[-82.81791634462769,9.316250168325837],[-82.80958301132773,9.316250168325837]]]},"properties":{"OBJECTID":1163,"Id":1163,"gridcode":3,"Shape_Length":0.03333333320006204,"Shape_Area":0.0000694444438891474}},{"type":"Feature","id":1164,"geometry":{"type":"Polygon","coordinates":[[[-82.85124967782775,9.32458350162591],[-82.80958301132773,9.32458350162591],[-82.80958301132773,9.357916834825858],[-82.81791634462769,9.357916834825858],[-82.81791634462769,9.341250168225997],[-82.82624967792765,9.341250168225997],[-82.82624967792765,9.357916834825858],[-82.83458301122778,9.357916834825858],[-82.83458301122778,9.36625016812593],[-82.84291634452774,9.36625016812593],[-82.84291634452774,9.357916834825858],[-82.85958301112777,9.357916834825858],[-82.85958301112777,9.349583501525842],[-82.83458301122778,9.349583501525842],[-82.83458301122778,9.341250168225997],[-82.84291634452774,9.341250168225997],[-82.84291634452774,9.332916834925925],[-82.85124967782775,9.332916834925925],[-82.85124967782775,9.32458350162591]]]},"properties":{"OBJECTID":1164,"Id":1164,"gridcode":8,"Shape_Length":0.2499999989997832,"Shape_Area":0.0011805555461131374}},{"type":"Feature","id":1165,"geometry":{"type":"Polygon","coordinates":[[[-82.80958301132773,9.341250168225997],[-82.80958301132773,9.32458350162591],[-82.80124967802772,9.32458350162591],[-82.80124967802772,9.341250168225997],[-82.80958301132773,9.341250168225997]]]},"properties":{"OBJECTID":1165,"Id":1165,"gridcode":7,"Shape_Length":0.04999999980020675,"Shape_Area":0.0001388888877787685}},{"type":"Feature","id":1166,"geometry":{"type":"Polygon","coordinates":[[[-82.6429163453277,9.316250168325837],[-82.6429163453277,9.32458350162591],[-82.65124967862778,9.32458350162591],[-82.65124967862778,9.316250168325837],[-82.6429163453277,9.316250168325837]]]},"properties":{"OBJECTID":1166,"Id":1166,"gridcode":8,"Shape_Length":0.03333333320028942,"Shape_Area":0.00006944444389009479}},{"type":"Feature","id":1167,"geometry":{"type":"Polygon","coordinates":[[[-82.61791634542777,9.316250168325837],[-82.61791634542777,9.32458350162591],[-82.62624967872773,9.32458350162591],[-82.62624967872773,9.316250168325837],[-82.61791634542777,9.316250168325837]]]},"properties":{"OBJECTID":1167,"Id":1167,"gridcode":7,"Shape_Length":0.03333333320006204,"Shape_Area":0.0000694444438891474}},{"type":"Feature","id":1168,"geometry":{"type":"Polygon","coordinates":[[[-82.62624967872773,9.32458350162591],[-82.60958301212776,9.32458350162591],[-82.60958301212776,9.332916834925925],[-82.62624967872773,9.332916834925925],[-82.62624967872773,9.32458350162591]]]},"properties":{"OBJECTID":1168,"Id":1168,"gridcode":9,"Shape_Length":0.04999999979997938,"Shape_Area":0.0001388888877778211}},{"type":"Feature","id":1169,"geometry":{"type":"Polygon","coordinates":[[[-82.60124967882763,9.316250168325837],[-82.60124967882763,9.32458350162591],[-82.60958301212776,9.32458350162591],[-82.60958301212776,9.316250168325837],[-82.60124967882763,9.316250168325837]]]},"properties":{"OBJECTID":1169,"Id":1169,"gridcode":14,"Shape_Length":0.03333333320028942,"Shape_Area":0.00006944444389009479}},{"type":"Feature","id":1170,"geometry":{"type":"Polygon","coordinates":[[[-82.59291634552778,9.316250168325837],[-82.59291634552778,9.32458350162591],[-82.60124967882763,9.32458350162591],[-82.60124967882763,9.316250168325837],[-82.59291634552778,9.316250168325837]]]},"properties":{"OBJECTID":1170,"Id":1170,"gridcode":34,"Shape_Length":0.033333333199948356,"Shape_Area":0.00006944444388867371}},{"type":"Feature","id":1171,"geometry":{"type":"Polygon","coordinates":[[[-82.58458301222771,9.316250168325837],[-82.58458301222771,9.32458350162591],[-82.59291634552778,9.32458350162591],[-82.59291634552778,9.316250168325837],[-82.58458301222771,9.316250168325837]]]},"properties":{"OBJECTID":1171,"Id":1171,"gridcode":37,"Shape_Length":0.03333333320028942,"Shape_Area":0.00006944444389009479}},{"type":"Feature","id":1172,"geometry":{"type":"Polygon","coordinates":[[[-82.5762496789277,9.316250168325837],[-82.5762496789277,9.32458350162591],[-82.58458301222771,9.32458350162591],[-82.58458301222771,9.316250168325837],[-82.5762496789277,9.316250168325837]]]},"properties":{"OBJECTID":1172,"Id":1172,"gridcode":42,"Shape_Length":0.03333333320017573,"Shape_Area":0.0000694444438896211}},{"type":"Feature","id":1173,"geometry":{"type":"Polygon","coordinates":[[[-82.56791634562774,9.316250168325837],[-82.56791634562774,9.32458350162591],[-82.5762496789277,9.32458350162591],[-82.5762496789277,9.316250168325837],[-82.56791634562774,9.316250168325837]]]},"properties":{"OBJECTID":1173,"Id":1173,"gridcode":44,"Shape_Length":0.03333333320006204,"Shape_Area":0.0000694444438891474}},{"type":"Feature","id":1174,"geometry":{"type":"Polygon","coordinates":[[[-82.55958301232772,9.316250168325837],[-82.55958301232772,9.32458350162591],[-82.56791634562774,9.32458350162591],[-82.56791634562774,9.316250168325837],[-82.55958301232772,9.316250168325837]]]},"properties":{"OBJECTID":1174,"Id":1174,"gridcode":49,"Shape_Length":0.03333333320017573,"Shape_Area":0.0000694444438896211}},{"type":"Feature","id":1175,"geometry":{"type":"Polygon","coordinates":[[[-82.55124967902776,9.316250168325837],[-82.55124967902776,9.32458350162591],[-82.55958301232772,9.32458350162591],[-82.55958301232772,9.316250168325837],[-82.55124967902776,9.316250168325837]]]},"properties":{"OBJECTID":1175,"Id":1175,"gridcode":48,"Shape_Length":0.03333333320006204,"Shape_Area":0.0000694444438891474}},{"type":"Feature","id":1176,"geometry":{"type":"Polygon","coordinates":[[[-82.54291634572775,9.316250168325837],[-82.54291634572775,9.32458350162591],[-82.55124967902776,9.32458350162591],[-82.55124967902776,9.316250168325837],[-82.54291634572775,9.316250168325837]]]},"properties":{"OBJECTID":1176,"Id":1176,"gridcode":45,"Shape_Length":0.03333333320017573,"Shape_Area":0.0000694444438896211}},{"type":"Feature","id":1177,"geometry":{"type":"Polygon","coordinates":[[[-82.53458301242779,9.316250168325837],[-82.53458301242779,9.32458350162591],[-82.54291634572775,9.32458350162591],[-82.54291634572775,9.316250168325837],[-82.53458301242779,9.316250168325837]]]},"properties":{"OBJECTID":1177,"Id":1177,"gridcode":51,"Shape_Length":0.03333333320006204,"Shape_Area":0.0000694444438891474}},{"type":"Feature","id":1178,"geometry":{"type":"Polygon","coordinates":[[[-82.52624967912772,9.316250168325837],[-82.52624967912772,9.32458350162591],[-82.53458301242779,9.32458350162591],[-82.53458301242779,9.316250168325837],[-82.52624967912772,9.316250168325837]]]},"properties":{"OBJECTID":1178,"Id":1178,"gridcode":53,"Shape_Length":0.03333333320028942,"Shape_Area":0.00006944444389009479}},{"type":"Feature","id":1179,"geometry":{"type":"Polygon","coordinates":[[[-82.50958301252774,9.316250168325837],[-82.50958301252774,9.32458350162591],[-82.5179163458277,9.32458350162591],[-82.5179163458277,9.316250168325837],[-82.50958301252774,9.316250168325837]]]},"properties":{"OBJECTID":1179,"Id":1179,"gridcode":50,"Shape_Length":0.03333333320006204,"Shape_Area":0.0000694444438891474}},{"type":"Feature","id":1180,"geometry":{"type":"Polygon","coordinates":[[[-82.50124967922773,9.316250168325837],[-82.50124967922773,9.32458350162591],[-82.50958301252774,9.32458350162591],[-82.50958301252774,9.316250168325837],[-82.50124967922773,9.316250168325837]]]},"properties":{"OBJECTID":1180,"Id":1180,"gridcode":49,"Shape_Length":0.03333333320017573,"Shape_Area":0.0000694444438896211}},{"type":"Feature","id":1181,"geometry":{"type":"Polygon","coordinates":[[[-82.49291634592777,9.316250168325837],[-82.49291634592777,9.32458350162591],[-82.50124967922773,9.32458350162591],[-82.50124967922773,9.316250168325837],[-82.49291634592777,9.316250168325837]]]},"properties":{"OBJECTID":1181,"Id":1181,"gridcode":46,"Shape_Length":0.03333333320006204,"Shape_Area":0.0000694444438891474}},{"type":"Feature","id":1182,"geometry":{"type":"Polygon","coordinates":[[[-82.48458301262775,9.316250168325837],[-82.48458301262775,9.32458350162591],[-82.49291634592777,9.32458350162591],[-82.49291634592777,9.316250168325837],[-82.48458301262775,9.316250168325837]]]},"properties":{"OBJECTID":1182,"Id":1182,"gridcode":43,"Shape_Length":0.03333333320017573,"Shape_Area":0.0000694444438896211}},{"type":"Feature","id":1183,"geometry":{"type":"Polygon","coordinates":[[[-82.47624967932768,9.316250168325837],[-82.47624967932768,9.32458350162591],[-82.48458301262775,9.32458350162591],[-82.48458301262775,9.316250168325837],[-82.47624967932768,9.316250168325837]]]},"properties":{"OBJECTID":1183,"Id":1183,"gridcode":44,"Shape_Length":0.03333333320028942,"Shape_Area":0.00006944444389009479}},{"type":"Feature","id":1184,"geometry":{"type":"Polygon","coordinates":[[[-82.49291634592777,9.32458350162591],[-82.47624967932768,9.32458350162591],[-82.47624967932768,9.341250168225997],[-82.48458301262775,9.341250168225997],[-82.48458301262775,9.349583501525842],[-82.49291634592777,9.349583501525842],[-82.49291634592777,9.341250168225997],[-82.50124967922773,9.341250168225997],[-82.50124967922773,9.332916834925925],[-82.49291634592777,9.332916834925925],[-82.49291634592777,9.32458350162591]]]},"properties":{"OBJECTID":1184,"Id":1184,"gridcode":46,"Shape_Length":0.09999999959995876,"Shape_Area":0.0004166666633353581}},{"type":"Feature","id":1185,"geometry":{"type":"Polygon","coordinates":[[[-82.46791634602766,9.316250168325837],[-82.46791634602766,9.32458350162591],[-82.47624967932768,9.32458350162591],[-82.47624967932768,9.316250168325837],[-82.46791634602766,9.316250168325837]]]},"properties":{"OBJECTID":1185,"Id":1185,"gridcode":47,"Shape_Length":0.03333333320006204,"Shape_Area":0.0000694444438891474}},{"type":"Feature","id":1186,"geometry":{"type":"Polygon","coordinates":[[[-82.4595830127277,9.316250168325837],[-82.4595830127277,9.32458350162591],[-82.46791634602766,9.32458350162591],[-82.46791634602766,9.316250168325837],[-82.4595830127277,9.316250168325837]]]},"properties":{"OBJECTID":1186,"Id":1186,"gridcode":46,"Shape_Length":0.03333333320017573,"Shape_Area":0.0000694444438896211}},{"type":"Feature","id":1187,"geometry":{"type":"Polygon","coordinates":[[[-82.45124967942775,9.316250168325837],[-82.45124967942775,9.32458350162591],[-82.4595830127277,9.32458350162591],[-82.4595830127277,9.316250168325837],[-82.45124967942775,9.316250168325837]]]},"properties":{"OBJECTID":1187,"Id":1187,"gridcode":52,"Shape_Length":0.03333333320006204,"Shape_Area":0.0000694444438891474}},{"type":"Feature","id":1188,"geometry":{"type":"Polygon","coordinates":[[[-82.47624967932768,9.32458350162591],[-82.45124967942775,9.32458350162591],[-82.45124967942775,9.332916834925925],[-82.47624967932768,9.332916834925925],[-82.47624967932768,9.32458350162591]]]},"properties":{"OBJECTID":1188,"Id":1188,"gridcode":45,"Shape_Length":0.06666666639989671,"Shape_Area":0.0002083333316664948}},{"type":"Feature","id":1189,"geometry":{"type":"Polygon","coordinates":[[[-82.44291634612773,9.316250168325837],[-82.44291634612773,9.32458350162591],[-82.45124967942775,9.32458350162591],[-82.45124967942775,9.316250168325837],[-82.44291634612773,9.316250168325837]]]},"properties":{"OBJECTID":1189,"Id":1189,"gridcode":53,"Shape_Length":0.03333333320017573,"Shape_Area":0.0000694444438896211}},{"type":"Feature","id":1190,"geometry":{"type":"Polygon","coordinates":[[[-82.43458301282777,9.316250168325837],[-82.43458301282777,9.32458350162591],[-82.44291634612773,9.32458350162591],[-82.44291634612773,9.316250168325837],[-82.43458301282777,9.316250168325837]]]},"properties":{"OBJECTID":1190,"Id":1190,"gridcode":49,"Shape_Length":0.03333333320006204,"Shape_Area":0.0000694444438891474}},{"type":"Feature","id":1191,"geometry":{"type":"Polygon","coordinates":[[[-82.42624967952776,9.316250168325837],[-82.42624967952776,9.32458350162591],[-82.43458301282777,9.32458350162591],[-82.43458301282777,9.316250168325837],[-82.42624967952776,9.316250168325837]]]},"properties":{"OBJECTID":1191,"Id":1191,"gridcode":45,"Shape_Length":0.03333333320017573,"Shape_Area":0.0000694444438896211}},{"type":"Feature","id":1192,"geometry":{"type":"Polygon","coordinates":[[[-82.43458301282777,9.341250168225997],[-82.43458301282777,9.32458350162591],[-82.42624967952776,9.32458350162591],[-82.42624967952776,9.341250168225997],[-82.43458301282777,9.341250168225997]]]},"properties":{"OBJECTID":1192,"Id":1192,"gridcode":39,"Shape_Length":0.04999999980020675,"Shape_Area":0.0001388888877787685}},{"type":"Feature","id":1193,"geometry":{"type":"Polygon","coordinates":[[[-82.41791634622768,9.316250168325837],[-82.41791634622768,9.32458350162591],[-82.42624967952776,9.32458350162591],[-82.42624967952776,9.316250168325837],[-82.41791634622768,9.316250168325837]]]},"properties":{"OBJECTID":1193,"Id":1193,"gridcode":42,"Shape_Length":0.03333333320028942,"Shape_Area":0.00006944444389009479}},{"type":"Feature","id":1194,"geometry":{"type":"Polygon","coordinates":[[[-82.42624967952776,9.32458350162591],[-82.40958301292767,9.32458350162591],[-82.40958301292767,9.332916834925925],[-82.42624967952776,9.332916834925925],[-82.42624967952776,9.32458350162591]]]},"properties":{"OBJECTID":1194,"Id":1194,"gridcode":41,"Shape_Length":0.049999999800093065,"Shape_Area":0.0001388888877782948}},{"type":"Feature","id":1195,"geometry":{"type":"Polygon","coordinates":[[[-82.38458301302774,9.316250168325837],[-82.38458301302774,9.32458350162591],[-82.39291634632775,9.32458350162591],[-82.39291634632775,9.316250168325837],[-82.38458301302774,9.316250168325837]]]},"properties":{"OBJECTID":1195,"Id":1195,"gridcode":41,"Shape_Length":0.03333333320017573,"Shape_Area":0.0000694444438896211}},{"type":"Feature","id":1196,"geometry":{"type":"Polygon","coordinates":[[[-82.40958301292767,9.32458350162591],[-82.38458301302774,9.32458350162591],[-82.38458301302774,9.332916834925925],[-82.40958301292767,9.332916834925925],[-82.40958301292767,9.32458350162591]]]},"properties":{"OBJECTID":1196,"Id":1196,"gridcode":42,"Shape_Length":0.0666666664000104,"Shape_Area":0.00020833333166696852}},{"type":"Feature","id":1197,"geometry":{"type":"Polygon","coordinates":[[[-82.37624967972772,9.316250168325837],[-82.37624967972772,9.32458350162591],[-82.38458301302774,9.32458350162591],[-82.38458301302774,9.316250168325837],[-82.37624967972772,9.316250168325837]]]},"properties":{"OBJECTID":1197,"Id":1197,"gridcode":40,"Shape_Length":0.03333333320017573,"Shape_Area":0.0000694444438896211}},{"type":"Feature","id":1198,"geometry":{"type":"Polygon","coordinates":[[[-82.36791634642776,9.316250168325837],[-82.36791634642776,9.32458350162591],[-82.37624967972772,9.32458350162591],[-82.37624967972772,9.316250168325837],[-82.36791634642776,9.316250168325837]]]},"properties":{"OBJECTID":1198,"Id":1198,"gridcode":41,"Shape_Length":0.03333333320006204,"Shape_Area":0.0000694444438891474}},{"type":"Feature","id":1199,"geometry":{"type":"Polygon","coordinates":[[[-82.35124967982767,9.316250168325837],[-82.35124967982767,9.32458350162591],[-82.35958301312769,9.32458350162591],[-82.35958301312769,9.316250168325837],[-82.35124967982767,9.316250168325837]]]},"properties":{"OBJECTID":1199,"Id":1199,"gridcode":40,"Shape_Length":0.03333333320017573,"Shape_Area":0.0000694444438896211}},{"type":"Feature","id":1200,"geometry":{"type":"Polygon","coordinates":[[[-82.20958301372775,9.316250168325837],[-82.20958301372775,9.32458350162591],[-82.21791634702771,9.32458350162591],[-82.21791634702771,9.316250168325837],[-82.20958301372775,9.316250168325837]]]},"properties":{"OBJECTID":1200,"Id":1200,"gridcode":38,"Shape_Length":0.03333333320006204,"Shape_Area":0.0000694444438891474}},{"type":"Feature","id":1201,"geometry":{"type":"Polygon","coordinates":[[[-82.20124968042774,9.316250168325837],[-82.20124968042774,9.32458350162591],[-82.20958301372775,9.32458350162591],[-82.20958301372775,9.316250168325837],[-82.20124968042774,9.316250168325837]]]},"properties":{"OBJECTID":1201,"Id":1201,"gridcode":33,"Shape_Length":0.03333333320017573,"Shape_Area":0.0000694444438896211}},{"type":"Feature","id":1202,"geometry":{"type":"Polygon","coordinates":[[[-82.19291634712766,9.316250168325837],[-82.19291634712766,9.32458350162591],[-82.20124968042774,9.32458350162591],[-82.20124968042774,9.316250168325837],[-82.19291634712766,9.316250168325837]]]},"properties":{"OBJECTID":1202,"Id":1202,"gridcode":32,"Shape_Length":0.03333333320028942,"Shape_Area":0.00006944444389009479}},{"type":"Feature","id":1203,"geometry":{"type":"Polygon","coordinates":[[[-82.16791634722773,9.316250168325837],[-82.16791634722773,9.32458350162591],[-82.17624968052769,9.32458350162591],[-82.17624968052769,9.316250168325837],[-82.16791634722773,9.316250168325837]]]},"properties":{"OBJECTID":1203,"Id":1203,"gridcode":32,"Shape_Length":0.03333333320006204,"Shape_Area":0.0000694444438891474}},{"type":"Feature","id":1204,"geometry":{"type":"Polygon","coordinates":[[[-82.15958301392772,9.316250168325837],[-82.15958301392772,9.32458350162591],[-82.16791634722773,9.32458350162591],[-82.16791634722773,9.316250168325837],[-82.15958301392772,9.316250168325837]]]},"properties":{"OBJECTID":1204,"Id":1204,"gridcode":33,"Shape_Length":0.03333333320017573,"Shape_Area":0.0000694444438896211}},{"type":"Feature","id":1205,"geometry":{"type":"Polygon","coordinates":[[[-82.15124968062776,9.316250168325837],[-82.15124968062776,9.32458350162591],[-82.15958301392772,9.32458350162591],[-82.15958301392772,9.316250168325837],[-82.15124968062776,9.316250168325837]]]},"properties":{"OBJECTID":1205,"Id":1205,"gridcode":38,"Shape_Length":0.03333333320006204,"Shape_Area":0.0000694444438891474}},{"type":"Feature","id":1206,"geometry":{"type":"Polygon","coordinates":[[[-82.15958301392772,9.341250168225997],[-82.15958301392772,9.32458350162591],[-82.15124968062776,9.32458350162591],[-82.15124968062776,9.341250168225997],[-82.15958301392772,9.341250168225997]]]},"properties":{"OBJECTID":1206,"Id":1206,"gridcode":32,"Shape_Length":0.049999999800093065,"Shape_Area":0.0001388888877778211}},{"type":"Feature","id":1207,"geometry":{"type":"Polygon","coordinates":[[[-82.14291634732774,9.316250168325837],[-82.14291634732774,9.32458350162591],[-82.15124968062776,9.32458350162591],[-82.15124968062776,9.316250168325837],[-82.14291634732774,9.316250168325837]]]},"properties":{"OBJECTID":1207,"Id":1207,"gridcode":39,"Shape_Length":0.03333333320017573,"Shape_Area":0.0000694444438896211}},{"type":"Feature","id":1208,"geometry":{"type":"Polygon","coordinates":[[[-82.13458301402761,9.316250168325837],[-82.13458301402761,9.32458350162591],[-82.14291634732774,9.32458350162591],[-82.14291634732774,9.316250168325837],[-82.13458301402761,9.316250168325837]]]},"properties":{"OBJECTID":1208,"Id":1208,"gridcode":38,"Shape_Length":0.03333333320028942,"Shape_Area":0.00006944444389009479}},{"type":"Feature","id":1209,"geometry":{"type":"Polygon","coordinates":[[[-82.12624968072777,9.316250168325837],[-82.12624968072777,9.32458350162591],[-82.13458301402761,9.32458350162591],[-82.13458301402761,9.316250168325837],[-82.12624968072777,9.316250168325837]]]},"properties":{"OBJECTID":1209,"Id":1209,"gridcode":53,"Shape_Length":0.033333333199948356,"Shape_Area":0.00006944444388867371}},{"type":"Feature","id":1210,"geometry":{"type":"Polygon","coordinates":[[[-82.1179163474277,9.316250168325837],[-82.1179163474277,9.32458350162591],[-82.12624968072777,9.32458350162591],[-82.12624968072777,9.316250168325837],[-82.1179163474277,9.316250168325837]]]},"properties":{"OBJECTID":1210,"Id":1210,"gridcode":76,"Shape_Length":0.03333333320028942,"Shape_Area":0.00006944444389009479}},{"type":"Feature","id":1211,"geometry":{"type":"Polygon","coordinates":[[[-82.10958301412768,9.316250168325837],[-82.10958301412768,9.32458350162591],[-82.1179163474277,9.32458350162591],[-82.1179163474277,9.316250168325837],[-82.10958301412768,9.316250168325837]]]},"properties":{"OBJECTID":1211,"Id":1211,"gridcode":47,"Shape_Length":0.03333333320017573,"Shape_Area":0.0000694444438896211}},{"type":"Feature","id":1212,"geometry":{"type":"Polygon","coordinates":[[[-82.10124968082772,9.316250168325837],[-82.10124968082772,9.32458350162591],[-82.10958301412768,9.32458350162591],[-82.10958301412768,9.316250168325837],[-82.10124968082772,9.316250168325837]]]},"properties":{"OBJECTID":1212,"Id":1212,"gridcode":41,"Shape_Length":0.03333333320006204,"Shape_Area":0.0000694444438891474}},{"type":"Feature","id":1213,"geometry":{"type":"Polygon","coordinates":[[[-82.85124967782775,9.307916835025992],[-82.85124967782775,9.316250168325837],[-82.85958301112777,9.316250168325837],[-82.85958301112777,9.307916835025992],[-82.85124967782775,9.307916835025992]]]},"properties":{"OBJECTID":1213,"Id":1213,"gridcode":5,"Shape_Length":0.03333333319972098,"Shape_Area":0.00006944444388772632}},{"type":"Feature","id":1214,"geometry":{"type":"Polygon","coordinates":[[[-82.82624967792765,9.307916835025992],[-82.82624967792765,9.316250168325837],[-82.83458301122778,9.316250168325837],[-82.83458301122778,9.307916835025992],[-82.82624967792765,9.307916835025992]]]},"properties":{"OBJECTID":1214,"Id":1214,"gridcode":4,"Shape_Length":0.03333333319983467,"Shape_Area":0.00006944444388820001}},{"type":"Feature","id":1215,"geometry":{"type":"Polygon","coordinates":[[[-82.85124967782775,9.316250168325837],[-82.81791634462769,9.316250168325837],[-82.81791634462769,9.32458350162591],[-82.85124967782775,9.32458350162591],[-82.85124967782775,9.316250168325837]]]},"properties":{"OBJECTID":1215,"Id":1215,"gridcode":7,"Shape_Length":0.0833333330002688,"Shape_Area":0.0002777777755584844}},{"type":"Feature","id":1216,"geometry":{"type":"Polygon","coordinates":[[[-82.65958301192762,9.332916834925925],[-82.65958301192762,9.316250168325837],[-82.65124967862778,9.316250168325837],[-82.65124967862778,9.332916834925925],[-82.65958301192762,9.332916834925925]]]},"properties":{"OBJECTID":1216,"Id":1216,"gridcode":5,"Shape_Length":0.04999999979997938,"Shape_Area":0.00013888888777687373}},{"type":"Feature","id":1217,"geometry":{"type":"Polygon","coordinates":[[[-82.6429163453277,9.316250168325837],[-82.62624967872773,9.316250168325837],[-82.62624967872773,9.32458350162591],[-82.63458301202769,9.32458350162591],[-82.63458301202769,9.341250168225997],[-82.6429163453277,9.341250168225997],[-82.6429163453277,9.316250168325837]]]},"properties":{"OBJECTID":1217,"Id":1217,"gridcode":6,"Shape_Length":0.0833333330002688,"Shape_Area":0.000277777775557537}},{"type":"Feature","id":1218,"geometry":{"type":"Polygon","coordinates":[[[-82.61791634542777,9.307916835025992],[-82.61791634542777,9.316250168325837],[-82.62624967872773,9.316250168325837],[-82.62624967872773,9.307916835025992],[-82.61791634542777,9.307916835025992]]]},"properties":{"OBJECTID":1218,"Id":1218,"gridcode":6,"Shape_Length":0.033333333199607296,"Shape_Area":0.00006944444388725262}},{"type":"Feature","id":1219,"geometry":{"type":"Polygon","coordinates":[[[-82.60124967882763,9.307916835025992],[-82.60124967882763,9.316250168325837],[-82.60958301212776,9.316250168325837],[-82.60958301212776,9.307916835025992],[-82.60124967882763,9.307916835025992]]]},"properties":{"OBJECTID":1219,"Id":1219,"gridcode":26,"Shape_Length":0.03333333319983467,"Shape_Area":0.00006944444388820001}},{"type":"Feature","id":1220,"geometry":{"type":"Polygon","coordinates":[[[-82.59291634552778,9.307916835025992],[-82.59291634552778,9.316250168325837],[-82.60124967882763,9.316250168325837],[-82.60124967882763,9.307916835025992],[-82.59291634552778,9.307916835025992]]]},"properties":{"OBJECTID":1220,"Id":1220,"gridcode":29,"Shape_Length":0.03333333319949361,"Shape_Area":0.00006944444388677893}},{"type":"Feature","id":1221,"geometry":{"type":"Polygon","coordinates":[[[-82.58458301222771,9.307916835025992],[-82.58458301222771,9.316250168325837],[-82.59291634552778,9.316250168325837],[-82.59291634552778,9.307916835025992],[-82.58458301222771,9.307916835025992]]]},"properties":{"OBJECTID":1221,"Id":1221,"gridcode":33,"Shape_Length":0.03333333319983467,"Shape_Area":0.00006944444388820001}},{"type":"Feature","id":1222,"geometry":{"type":"Polygon","coordinates":[[[-82.5762496789277,9.307916835025992],[-82.5762496789277,9.316250168325837],[-82.58458301222771,9.316250168325837],[-82.58458301222771,9.307916835025992],[-82.5762496789277,9.307916835025992]]]},"properties":{"OBJECTID":1222,"Id":1222,"gridcode":39,"Shape_Length":0.03333333319972098,"Shape_Area":0.00006944444388772632}},{"type":"Feature","id":1223,"geometry":{"type":"Polygon","coordinates":[[[-82.56791634562774,9.307916835025992],[-82.56791634562774,9.316250168325837],[-82.5762496789277,9.316250168325837],[-82.5762496789277,9.307916835025992],[-82.56791634562774,9.307916835025992]]]},"properties":{"OBJECTID":1223,"Id":1223,"gridcode":38,"Shape_Length":0.033333333199607296,"Shape_Area":0.00006944444388725262}},{"type":"Feature","id":1224,"geometry":{"type":"Polygon","coordinates":[[[-82.55958301232772,9.307916835025992],[-82.55958301232772,9.316250168325837],[-82.56791634562774,9.316250168325837],[-82.56791634562774,9.307916835025992],[-82.55958301232772,9.307916835025992]]]},"properties":{"OBJECTID":1224,"Id":1224,"gridcode":43,"Shape_Length":0.03333333319972098,"Shape_Area":0.00006944444388772632}},{"type":"Feature","id":1225,"geometry":{"type":"Polygon","coordinates":[[[-82.55124967902776,9.307916835025992],[-82.55124967902776,9.316250168325837],[-82.55958301232772,9.316250168325837],[-82.55958301232772,9.307916835025992],[-82.55124967902776,9.307916835025992]]]},"properties":{"OBJECTID":1225,"Id":1225,"gridcode":47,"Shape_Length":0.033333333199607296,"Shape_Area":0.00006944444388725262}},{"type":"Feature","id":1226,"geometry":{"type":"Polygon","coordinates":[[[-82.54291634572775,9.307916835025992],[-82.54291634572775,9.316250168325837],[-82.55124967902776,9.316250168325837],[-82.55124967902776,9.307916835025992],[-82.54291634572775,9.307916835025992]]]},"properties":{"OBJECTID":1226,"Id":1226,"gridcode":46,"Shape_Length":0.03333333319972098,"Shape_Area":0.00006944444388772632}},{"type":"Feature","id":1227,"geometry":{"type":"Polygon","coordinates":[[[-82.53458301242779,9.307916835025992],[-82.53458301242779,9.316250168325837],[-82.54291634572775,9.316250168325837],[-82.54291634572775,9.307916835025992],[-82.53458301242779,9.307916835025992]]]},"properties":{"OBJECTID":1227,"Id":1227,"gridcode":48,"Shape_Length":0.033333333199607296,"Shape_Area":0.00006944444388725262}},{"type":"Feature","id":1228,"geometry":{"type":"Polygon","coordinates":[[[-82.52624967912772,9.307916835025992],[-82.52624967912772,9.316250168325837],[-82.53458301242779,9.316250168325837],[-82.53458301242779,9.307916835025992],[-82.52624967912772,9.307916835025992]]]},"properties":{"OBJECTID":1228,"Id":1228,"gridcode":47,"Shape_Length":0.03333333319983467,"Shape_Area":0.00006944444388820001}},{"type":"Feature","id":1229,"geometry":{"type":"Polygon","coordinates":[[[-82.5179163458277,9.307916835025992],[-82.5179163458277,9.316250168325837],[-82.52624967912772,9.316250168325837],[-82.52624967912772,9.307916835025992],[-82.5179163458277,9.307916835025992]]]},"properties":{"OBJECTID":1229,"Id":1229,"gridcode":52,"Shape_Length":0.03333333319972098,"Shape_Area":0.00006944444388772632}},{"type":"Feature","id":1230,"geometry":{"type":"Polygon","coordinates":[[[-82.52624967912772,9.332916834925925],[-82.52624967912772,9.316250168325837],[-82.5179163458277,9.316250168325837],[-82.5179163458277,9.332916834925925],[-82.52624967912772,9.332916834925925]]]},"properties":{"OBJECTID":1230,"Id":1230,"gridcode":55,"Shape_Length":0.04999999980020675,"Shape_Area":0.0001388888877787685}},{"type":"Feature","id":1231,"geometry":{"type":"Polygon","coordinates":[[[-82.47624967932768,9.307916835025992],[-82.47624967932768,9.316250168325837],[-82.48458301262775,9.316250168325837],[-82.48458301262775,9.307916835025992],[-82.47624967932768,9.307916835025992]]]},"properties":{"OBJECTID":1231,"Id":1231,"gridcode":50,"Shape_Length":0.03333333319983467,"Shape_Area":0.00006944444388820001}},{"type":"Feature","id":1232,"geometry":{"type":"Polygon","coordinates":[[[-82.46791634602766,9.307916835025992],[-82.46791634602766,9.316250168325837],[-82.47624967932768,9.316250168325837],[-82.47624967932768,9.307916835025992],[-82.46791634602766,9.307916835025992]]]},"properties":{"OBJECTID":1232,"Id":1232,"gridcode":52,"Shape_Length":0.033333333199607296,"Shape_Area":0.00006944444388725262}},{"type":"Feature","id":1233,"geometry":{"type":"Polygon","coordinates":[[[-82.4595830127277,9.307916835025992],[-82.4595830127277,9.316250168325837],[-82.46791634602766,9.316250168325837],[-82.46791634602766,9.307916835025992],[-82.4595830127277,9.307916835025992]]]},"properties":{"OBJECTID":1233,"Id":1233,"gridcode":49,"Shape_Length":0.03333333319972098,"Shape_Area":0.00006944444388772632}},{"type":"Feature","id":1234,"geometry":{"type":"Polygon","coordinates":[[[-82.45124967942775,9.307916835025992],[-82.45124967942775,9.316250168325837],[-82.4595830127277,9.316250168325837],[-82.4595830127277,9.307916835025992],[-82.45124967942775,9.307916835025992]]]},"properties":{"OBJECTID":1234,"Id":1234,"gridcode":62,"Shape_Length":0.033333333199607296,"Shape_Area":0.00006944444388725262}},{"type":"Feature","id":1235,"geometry":{"type":"Polygon","coordinates":[[[-82.44291634612773,9.307916835025992],[-82.44291634612773,9.316250168325837],[-82.45124967942775,9.316250168325837],[-82.45124967942775,9.307916835025992],[-82.44291634612773,9.307916835025992]]]},"properties":{"OBJECTID":1235,"Id":1235,"gridcode":104,"Shape_Length":0.03333333319972098,"Shape_Area":0.00006944444388772632}},{"type":"Feature","id":1236,"geometry":{"type":"Polygon","coordinates":[[[-82.43458301282777,9.307916835025992],[-82.43458301282777,9.316250168325837],[-82.44291634612773,9.316250168325837],[-82.44291634612773,9.307916835025992],[-82.43458301282777,9.307916835025992]]]},"properties":{"OBJECTID":1236,"Id":1236,"gridcode":114,"Shape_Length":0.033333333199607296,"Shape_Area":0.00006944444388725262}},{"type":"Feature","id":1237,"geometry":{"type":"Polygon","coordinates":[[[-82.42624967952776,9.307916835025992],[-82.42624967952776,9.316250168325837],[-82.43458301282777,9.316250168325837],[-82.43458301282777,9.307916835025992],[-82.42624967952776,9.307916835025992]]]},"properties":{"OBJECTID":1237,"Id":1237,"gridcode":71,"Shape_Length":0.03333333319972098,"Shape_Area":0.00006944444388772632}},{"type":"Feature","id":1238,"geometry":{"type":"Polygon","coordinates":[[[-82.41791634622768,9.307916835025992],[-82.41791634622768,9.316250168325837],[-82.42624967952776,9.316250168325837],[-82.42624967952776,9.307916835025992],[-82.41791634622768,9.307916835025992]]]},"properties":{"OBJECTID":1238,"Id":1238,"gridcode":53,"Shape_Length":0.03333333319983467,"Shape_Area":0.00006944444388820001}},{"type":"Feature","id":1239,"geometry":{"type":"Polygon","coordinates":[[[-82.40958301292767,9.307916835025992],[-82.40958301292767,9.316250168325837],[-82.41791634622768,9.316250168325837],[-82.41791634622768,9.307916835025992],[-82.40958301292767,9.307916835025992]]]},"properties":{"OBJECTID":1239,"Id":1239,"gridcode":62,"Shape_Length":0.033333333199607296,"Shape_Area":0.00006944444388725262}},{"type":"Feature","id":1240,"geometry":{"type":"Polygon","coordinates":[[[-82.40124967962771,9.307916835025992],[-82.40124967962771,9.316250168325837],[-82.40958301292767,9.316250168325837],[-82.40958301292767,9.307916835025992],[-82.40124967962771,9.307916835025992]]]},"properties":{"OBJECTID":1240,"Id":1240,"gridcode":63,"Shape_Length":0.03333333319972098,"Shape_Area":0.00006944444388772632}},{"type":"Feature","id":1241,"geometry":{"type":"Polygon","coordinates":[[[-82.39291634632775,9.307916835025992],[-82.39291634632775,9.316250168325837],[-82.40124967962771,9.316250168325837],[-82.40124967962771,9.307916835025992],[-82.39291634632775,9.307916835025992]]]},"properties":{"OBJECTID":1241,"Id":1241,"gridcode":58,"Shape_Length":0.033333333199607296,"Shape_Area":0.00006944444388725262}},{"type":"Feature","id":1242,"geometry":{"type":"Polygon","coordinates":[[[-82.41791634622768,9.316250168325837],[-82.39291634632775,9.316250168325837],[-82.39291634632775,9.32458350162591],[-82.41791634622768,9.32458350162591],[-82.41791634622768,9.316250168325837]]]},"properties":{"OBJECTID":1242,"Id":1242,"gridcode":43,"Shape_Length":0.0666666664000104,"Shape_Area":0.0002083333316679159}},{"type":"Feature","id":1243,"geometry":{"type":"Polygon","coordinates":[[[-82.38458301302774,9.307916835025992],[-82.38458301302774,9.316250168325837],[-82.39291634632775,9.316250168325837],[-82.39291634632775,9.307916835025992],[-82.38458301302774,9.307916835025992]]]},"properties":{"OBJECTID":1243,"Id":1243,"gridcode":49,"Shape_Length":0.03333333319972098,"Shape_Area":0.00006944444388772632}},{"type":"Feature","id":1244,"geometry":{"type":"Polygon","coordinates":[[[-82.37624967972772,9.307916835025992],[-82.37624967972772,9.316250168325837],[-82.38458301302774,9.316250168325837],[-82.38458301302774,9.307916835025992],[-82.37624967972772,9.307916835025992]]]},"properties":{"OBJECTID":1244,"Id":1244,"gridcode":41,"Shape_Length":0.03333333319972098,"Shape_Area":0.00006944444388772632}},{"type":"Feature","id":1245,"geometry":{"type":"Polygon","coordinates":[[[-82.34291634652772,9.307916835025992],[-82.34291634652772,9.316250168325837],[-82.35124967982767,9.316250168325837],[-82.35124967982767,9.307916835025992],[-82.34291634652772,9.307916835025992]]]},"properties":{"OBJECTID":1245,"Id":1245,"gridcode":35,"Shape_Length":0.033333333199607296,"Shape_Area":0.00006944444388725262}},{"type":"Feature","id":1246,"geometry":{"type":"Polygon","coordinates":[[[-82.18458301382776,9.307916835025992],[-82.18458301382776,9.316250168325837],[-82.19291634712766,9.316250168325837],[-82.19291634712766,9.307916835025992],[-82.18458301382776,9.307916835025992]]]},"properties":{"OBJECTID":1246,"Id":1246,"gridcode":29,"Shape_Length":0.03333333319949361,"Shape_Area":0.00006944444388677893}},{"type":"Feature","id":1247,"geometry":{"type":"Polygon","coordinates":[[[-82.19291634712766,9.316250168325837],[-82.17624968052769,9.316250168325837],[-82.17624968052769,9.32458350162591],[-82.19291634712766,9.32458350162591],[-82.19291634712766,9.316250168325837]]]},"properties":{"OBJECTID":1247,"Id":1247,"gridcode":31,"Shape_Length":0.049999999800093065,"Shape_Area":0.0001388888877787685}},{"type":"Feature","id":1248,"geometry":{"type":"Polygon","coordinates":[[[-82.16791634722773,9.307916835025992],[-82.16791634722773,9.316250168325837],[-82.17624968052769,9.316250168325837],[-82.17624968052769,9.307916835025992],[-82.16791634722773,9.307916835025992]]]},"properties":{"OBJECTID":1248,"Id":1248,"gridcode":31,"Shape_Length":0.033333333199607296,"Shape_Area":0.00006944444388725262}},{"type":"Feature","id":1249,"geometry":{"type":"Polygon","coordinates":[[[-82.15958301392772,9.307916835025992],[-82.15958301392772,9.316250168325837],[-82.16791634722773,9.316250168325837],[-82.16791634722773,9.307916835025992],[-82.15958301392772,9.307916835025992]]]},"properties":{"OBJECTID":1249,"Id":1249,"gridcode":32,"Shape_Length":0.03333333319972098,"Shape_Area":0.00006944444388772632}},{"type":"Feature","id":1250,"geometry":{"type":"Polygon","coordinates":[[[-82.15124968062776,9.307916835025992],[-82.15124968062776,9.316250168325837],[-82.15958301392772,9.316250168325837],[-82.15958301392772,9.307916835025992],[-82.15124968062776,9.307916835025992]]]},"properties":{"OBJECTID":1250,"Id":1250,"gridcode":40,"Shape_Length":0.033333333199607296,"Shape_Area":0.00006944444388725262}},{"type":"Feature","id":1251,"geometry":{"type":"Polygon","coordinates":[[[-82.14291634732774,9.307916835025992],[-82.14291634732774,9.316250168325837],[-82.15124968062776,9.316250168325837],[-82.15124968062776,9.307916835025992],[-82.14291634732774,9.307916835025992]]]},"properties":{"OBJECTID":1251,"Id":1251,"gridcode":41,"Shape_Length":0.03333333319972098,"Shape_Area":0.00006944444388772632}},{"type":"Feature","id":1252,"geometry":{"type":"Polygon","coordinates":[[[-82.13458301402761,9.307916835025992],[-82.13458301402761,9.316250168325837],[-82.14291634732774,9.316250168325837],[-82.14291634732774,9.307916835025992],[-82.13458301402761,9.307916835025992]]]},"properties":{"OBJECTID":1252,"Id":1252,"gridcode":36,"Shape_Length":0.03333333319983467,"Shape_Area":0.00006944444388820001}},{"type":"Feature","id":1253,"geometry":{"type":"Polygon","coordinates":[[[-82.12624968072777,9.307916835025992],[-82.12624968072777,9.316250168325837],[-82.13458301402761,9.316250168325837],[-82.13458301402761,9.307916835025992],[-82.12624968072777,9.307916835025992]]]},"properties":{"OBJECTID":1253,"Id":1253,"gridcode":46,"Shape_Length":0.03333333319949361,"Shape_Area":0.00006944444388677893}},{"type":"Feature","id":1254,"geometry":{"type":"Polygon","coordinates":[[[-82.1179163474277,9.307916835025992],[-82.1179163474277,9.316250168325837],[-82.12624968072777,9.316250168325837],[-82.12624968072777,9.307916835025992],[-82.1179163474277,9.307916835025992]]]},"properties":{"OBJECTID":1254,"Id":1254,"gridcode":56,"Shape_Length":0.03333333319983467,"Shape_Area":0.00006944444388820001}},{"type":"Feature","id":1255,"geometry":{"type":"Polygon","coordinates":[[[-82.10958301412768,9.307916835025992],[-82.10958301412768,9.316250168325837],[-82.1179163474277,9.316250168325837],[-82.1179163474277,9.307916835025992],[-82.10958301412768,9.307916835025992]]]},"properties":{"OBJECTID":1255,"Id":1255,"gridcode":40,"Shape_Length":0.03333333319972098,"Shape_Area":0.00006944444388772632}},{"type":"Feature","id":1256,"geometry":{"type":"Polygon","coordinates":[[[-82.10124968082772,9.307916835025992],[-82.10124968082772,9.316250168325837],[-82.10958301412768,9.316250168325837],[-82.10958301412768,9.307916835025992],[-82.10124968082772,9.307916835025992]]]},"properties":{"OBJECTID":1256,"Id":1256,"gridcode":39,"Shape_Length":0.033333333199607296,"Shape_Area":0.00006944444388725262}},{"type":"Feature","id":1257,"geometry":{"type":"Polygon","coordinates":[[[-82.09291634752776,9.307916835025992],[-82.09291634752776,9.316250168325837],[-82.10124968082772,9.316250168325837],[-82.10124968082772,9.307916835025992],[-82.09291634752776,9.307916835025992]]]},"properties":{"OBJECTID":1257,"Id":1257,"gridcode":40,"Shape_Length":0.033333333199607296,"Shape_Area":0.00006944444388725262}},{"type":"Feature","id":1258,"geometry":{"type":"Polygon","coordinates":[[[-82.08458301422775,9.307916835025992],[-82.08458301422775,9.316250168325837],[-82.09291634752776,9.316250168325837],[-82.09291634752776,9.307916835025992],[-82.08458301422775,9.307916835025992]]]},"properties":{"OBJECTID":1258,"Id":1258,"gridcode":33,"Shape_Length":0.03333333319972098,"Shape_Area":0.00006944444388772632}},{"type":"Feature","id":1259,"geometry":{"type":"Polygon","coordinates":[[[-82.85958301112777,9.299583501725976],[-82.85958301112777,9.307916835025992],[-82.86791634442773,9.307916835025992],[-82.86791634442773,9.299583501725976],[-82.85958301112777,9.299583501725976]]]},"properties":{"OBJECTID":1259,"Id":1259,"gridcode":5,"Shape_Length":0.033333333199948356,"Shape_Area":0.00006944444388867371}},{"type":"Feature","id":1260,"geometry":{"type":"Polygon","coordinates":[[[-82.65124967862778,9.307916835025992],[-82.62624967872773,9.307916835025992],[-82.62624967872773,9.316250168325837],[-82.65124967862778,9.316250168325837],[-82.65124967862778,9.307916835025992]]]},"properties":{"OBJECTID":1260,"Id":1260,"gridcode":5,"Shape_Length":0.06666666639978303,"Shape_Area":0.00020833333166317896}},{"type":"Feature","id":1261,"geometry":{"type":"Polygon","coordinates":[[[-82.61791634542777,9.299583501725976],[-82.61791634542777,9.307916835025992],[-82.62624967872773,9.307916835025992],[-82.62624967872773,9.299583501725976],[-82.61791634542777,9.299583501725976]]]},"properties":{"OBJECTID":1261,"Id":1261,"gridcode":5,"Shape_Length":0.033333333199948356,"Shape_Area":0.00006944444388867371}},{"type":"Feature","id":1262,"geometry":{"type":"Polygon","coordinates":[[[-82.60958301212776,9.299583501725976],[-82.60958301212776,9.307916835025992],[-82.61791634542777,9.307916835025992],[-82.61791634542777,9.299583501725976],[-82.60958301212776,9.299583501725976]]]},"properties":{"OBJECTID":1262,"Id":1262,"gridcode":13,"Shape_Length":0.03333333320006204,"Shape_Area":0.0000694444438891474}},{"type":"Feature","id":1263,"geometry":{"type":"Polygon","coordinates":[[[-82.61791634542777,9.32458350162591],[-82.61791634542777,9.307916835025992],[-82.60958301212776,9.307916835025992],[-82.60958301212776,9.32458350162591],[-82.61791634542777,9.32458350162591]]]},"properties":{"OBJECTID":1263,"Id":1263,"gridcode":8,"Shape_Length":0.04999999979986569,"Shape_Area":0.00013888888777734742}},{"type":"Feature","id":1264,"geometry":{"type":"Polygon","coordinates":[[[-82.60124967882763,9.299583501725976],[-82.60124967882763,9.307916835025992],[-82.60958301212776,9.307916835025992],[-82.60958301212776,9.299583501725976],[-82.60124967882763,9.299583501725976]]]},"properties":{"OBJECTID":1264,"Id":1264,"gridcode":21,"Shape_Length":0.03333333320017573,"Shape_Area":0.0000694444438896211}},{"type":"Feature","id":1265,"geometry":{"type":"Polygon","coordinates":[[[-82.59291634552778,9.299583501725976],[-82.59291634552778,9.307916835025992],[-82.60124967882763,9.307916835025992],[-82.60124967882763,9.299583501725976],[-82.59291634552778,9.299583501725976]]]},"properties":{"OBJECTID":1265,"Id":1265,"gridcode":24,"Shape_Length":0.03333333319983467,"Shape_Area":0.00006944444388820001}},{"type":"Feature","id":1266,"geometry":{"type":"Polygon","coordinates":[[[-82.58458301222771,9.299583501725976],[-82.58458301222771,9.307916835025992],[-82.59291634552778,9.307916835025992],[-82.59291634552778,9.299583501725976],[-82.58458301222771,9.299583501725976]]]},"properties":{"OBJECTID":1266,"Id":1266,"gridcode":28,"Shape_Length":0.03333333320017573,"Shape_Area":0.0000694444438896211}},{"type":"Feature","id":1267,"geometry":{"type":"Polygon","coordinates":[[[-82.5762496789277,9.299583501725976],[-82.5762496789277,9.307916835025992],[-82.58458301222771,9.307916835025992],[-82.58458301222771,9.299583501725976],[-82.5762496789277,9.299583501725976]]]},"properties":{"OBJECTID":1267,"Id":1267,"gridcode":33,"Shape_Length":0.03333333320006204,"Shape_Area":0.0000694444438891474}},{"type":"Feature","id":1268,"geometry":{"type":"Polygon","coordinates":[[[-82.56791634562774,9.299583501725976],[-82.56791634562774,9.307916835025992],[-82.5762496789277,9.307916835025992],[-82.5762496789277,9.299583501725976],[-82.56791634562774,9.299583501725976]]]},"properties":{"OBJECTID":1268,"Id":1268,"gridcode":34,"Shape_Length":0.033333333199948356,"Shape_Area":0.00006944444388867371}},{"type":"Feature","id":1269,"geometry":{"type":"Polygon","coordinates":[[[-82.55958301232772,9.299583501725976],[-82.55958301232772,9.307916835025992],[-82.56791634562774,9.307916835025992],[-82.56791634562774,9.299583501725976],[-82.55958301232772,9.299583501725976]]]},"properties":{"OBJECTID":1269,"Id":1269,"gridcode":36,"Shape_Length":0.03333333320006204,"Shape_Area":0.0000694444438891474}},{"type":"Feature","id":1270,"geometry":{"type":"Polygon","coordinates":[[[-82.55124967902776,9.299583501725976],[-82.55124967902776,9.307916835025992],[-82.55958301232772,9.307916835025992],[-82.55958301232772,9.299583501725976],[-82.55124967902776,9.299583501725976]]]},"properties":{"OBJECTID":1270,"Id":1270,"gridcode":39,"Shape_Length":0.033333333199948356,"Shape_Area":0.00006944444388867371}},{"type":"Feature","id":1271,"geometry":{"type":"Polygon","coordinates":[[[-82.54291634572775,9.299583501725976],[-82.54291634572775,9.307916835025992],[-82.55124967902776,9.307916835025992],[-82.55124967902776,9.299583501725976],[-82.54291634572775,9.299583501725976]]]},"properties":{"OBJECTID":1271,"Id":1271,"gridcode":43,"Shape_Length":0.03333333320006204,"Shape_Area":0.0000694444438891474}},{"type":"Feature","id":1272,"geometry":{"type":"Polygon","coordinates":[[[-82.53458301242779,9.299583501725976],[-82.53458301242779,9.307916835025992],[-82.54291634572775,9.307916835025992],[-82.54291634572775,9.299583501725976],[-82.53458301242779,9.299583501725976]]]},"properties":{"OBJECTID":1272,"Id":1272,"gridcode":44,"Shape_Length":0.033333333199948356,"Shape_Area":0.00006944444388867371}},{"type":"Feature","id":1273,"geometry":{"type":"Polygon","coordinates":[[[-82.52624967912772,9.299583501725976],[-82.52624967912772,9.307916835025992],[-82.53458301242779,9.307916835025992],[-82.53458301242779,9.299583501725976],[-82.52624967912772,9.299583501725976]]]},"properties":{"OBJECTID":1273,"Id":1273,"gridcode":43,"Shape_Length":0.03333333320017573,"Shape_Area":0.0000694444438896211}},{"type":"Feature","id":1274,"geometry":{"type":"Polygon","coordinates":[[[-82.48458301262775,9.299583501725976],[-82.48458301262775,9.307916835025992],[-82.49291634592777,9.307916835025992],[-82.49291634592777,9.299583501725976],[-82.48458301262775,9.299583501725976]]]},"properties":{"OBJECTID":1274,"Id":1274,"gridcode":48,"Shape_Length":0.03333333320006204,"Shape_Area":0.0000694444438891474}},{"type":"Feature","id":1275,"geometry":{"type":"Polygon","coordinates":[[[-82.50124967922773,9.307916835025992],[-82.48458301262775,9.307916835025992],[-82.48458301262775,9.316250168325837],[-82.50124967922773,9.316250168325837],[-82.50124967922773,9.307916835025992]]]},"properties":{"OBJECTID":1275,"Id":1275,"gridcode":45,"Shape_Length":0.04999999979963832,"Shape_Area":0.00013888888777497893}},{"type":"Feature","id":1276,"geometry":{"type":"Polygon","coordinates":[[[-82.47624967932768,9.299583501725976],[-82.47624967932768,9.307916835025992],[-82.48458301262775,9.307916835025992],[-82.48458301262775,9.299583501725976],[-82.47624967932768,9.299583501725976]]]},"properties":{"OBJECTID":1276,"Id":1276,"gridcode":55,"Shape_Length":0.03333333320017573,"Shape_Area":0.0000694444438896211}},{"type":"Feature","id":1277,"geometry":{"type":"Polygon","coordinates":[[[-82.46791634602766,9.299583501725976],[-82.46791634602766,9.307916835025992],[-82.47624967932768,9.307916835025992],[-82.47624967932768,9.299583501725976],[-82.46791634602766,9.299583501725976]]]},"properties":{"OBJECTID":1277,"Id":1277,"gridcode":56,"Shape_Length":0.033333333199948356,"Shape_Area":0.00006944444388867371}},{"type":"Feature","id":1278,"geometry":{"type":"Polygon","coordinates":[[[-82.4595830127277,9.299583501725976],[-82.4595830127277,9.307916835025992],[-82.46791634602766,9.307916835025992],[-82.46791634602766,9.299583501725976],[-82.4595830127277,9.299583501725976]]]},"properties":{"OBJECTID":1278,"Id":1278,"gridcode":54,"Shape_Length":0.03333333320006204,"Shape_Area":0.0000694444438891474}},{"type":"Feature","id":1279,"geometry":{"type":"Polygon","coordinates":[[[-82.45124967942775,9.299583501725976],[-82.45124967942775,9.307916835025992],[-82.4595830127277,9.307916835025992],[-82.4595830127277,9.299583501725976],[-82.45124967942775,9.299583501725976]]]},"properties":{"OBJECTID":1279,"Id":1279,"gridcode":69,"Shape_Length":0.033333333199948356,"Shape_Area":0.00006944444388867371}},{"type":"Feature","id":1280,"geometry":{"type":"Polygon","coordinates":[[[-82.44291634612773,9.299583501725976],[-82.44291634612773,9.307916835025992],[-82.45124967942775,9.307916835025992],[-82.45124967942775,9.299583501725976],[-82.44291634612773,9.299583501725976]]]},"properties":{"OBJECTID":1280,"Id":1280,"gridcode":132,"Shape_Length":0.03333333320006204,"Shape_Area":0.0000694444438891474}},{"type":"Feature","id":1281,"geometry":{"type":"Polygon","coordinates":[[[-82.43458301282777,9.299583501725976],[-82.43458301282777,9.307916835025992],[-82.44291634612773,9.307916835025992],[-82.44291634612773,9.299583501725976],[-82.43458301282777,9.299583501725976]]]},"properties":{"OBJECTID":1281,"Id":1281,"gridcode":152,"Shape_Length":0.033333333199948356,"Shape_Area":0.00006944444388867371}},{"type":"Feature","id":1282,"geometry":{"type":"Polygon","coordinates":[[[-82.42624967952776,9.299583501725976],[-82.42624967952776,9.307916835025992],[-82.43458301282777,9.307916835025992],[-82.43458301282777,9.299583501725976],[-82.42624967952776,9.299583501725976]]]},"properties":{"OBJECTID":1282,"Id":1282,"gridcode":102,"Shape_Length":0.03333333320006204,"Shape_Area":0.0000694444438891474}},{"type":"Feature","id":1283,"geometry":{"type":"Polygon","coordinates":[[[-82.41791634622768,9.299583501725976],[-82.41791634622768,9.307916835025992],[-82.42624967952776,9.307916835025992],[-82.42624967952776,9.299583501725976],[-82.41791634622768,9.299583501725976]]]},"properties":{"OBJECTID":1283,"Id":1283,"gridcode":183,"Shape_Length":0.03333333320017573,"Shape_Area":0.0000694444438896211}},{"type":"Feature","id":1284,"geometry":{"type":"Polygon","coordinates":[[[-82.40958301292767,9.299583501725976],[-82.40958301292767,9.307916835025992],[-82.41791634622768,9.307916835025992],[-82.41791634622768,9.299583501725976],[-82.40958301292767,9.299583501725976]]]},"properties":{"OBJECTID":1284,"Id":1284,"gridcode":293,"Shape_Length":0.033333333199948356,"Shape_Area":0.00006944444388867371}},{"type":"Feature","id":1285,"geometry":{"type":"Polygon","coordinates":[[[-82.40124967962771,9.299583501725976],[-82.40124967962771,9.307916835025992],[-82.40958301292767,9.307916835025992],[-82.40958301292767,9.299583501725976],[-82.40124967962771,9.299583501725976]]]},"properties":{"OBJECTID":1285,"Id":1285,"gridcode":340,"Shape_Length":0.03333333320006204,"Shape_Area":0.0000694444438891474}},{"type":"Feature","id":1286,"geometry":{"type":"Polygon","coordinates":[[[-82.39291634632775,9.299583501725976],[-82.39291634632775,9.307916835025992],[-82.40124967962771,9.307916835025992],[-82.40124967962771,9.299583501725976],[-82.39291634632775,9.299583501725976]]]},"properties":{"OBJECTID":1286,"Id":1286,"gridcode":231,"Shape_Length":0.033333333199948356,"Shape_Area":0.00006944444388867371}},{"type":"Feature","id":1287,"geometry":{"type":"Polygon","coordinates":[[[-82.38458301302774,9.299583501725976],[-82.38458301302774,9.307916835025992],[-82.39291634632775,9.307916835025992],[-82.39291634632775,9.299583501725976],[-82.38458301302774,9.299583501725976]]]},"properties":{"OBJECTID":1287,"Id":1287,"gridcode":134,"Shape_Length":0.03333333320006204,"Shape_Area":0.0000694444438891474}},{"type":"Feature","id":1288,"geometry":{"type":"Polygon","coordinates":[[[-82.37624967972772,9.299583501725976],[-82.37624967972772,9.307916835025992],[-82.38458301302774,9.307916835025992],[-82.38458301302774,9.299583501725976],[-82.37624967972772,9.299583501725976]]]},"properties":{"OBJECTID":1288,"Id":1288,"gridcode":67,"Shape_Length":0.03333333320006204,"Shape_Area":0.0000694444438891474}},{"type":"Feature","id":1289,"geometry":{"type":"Polygon","coordinates":[[[-82.36791634642776,9.299583501725976],[-82.36791634642776,9.307916835025992],[-82.37624967972772,9.307916835025992],[-82.37624967972772,9.299583501725976],[-82.36791634642776,9.299583501725976]]]},"properties":{"OBJECTID":1289,"Id":1289,"gridcode":41,"Shape_Length":0.033333333199948356,"Shape_Area":0.00006944444388867371}},{"type":"Feature","id":1290,"geometry":{"type":"Polygon","coordinates":[[[-82.37624967972772,9.307916835025992],[-82.35958301312769,9.307916835025992],[-82.35958301312769,9.32458350162591],[-82.36791634642776,9.32458350162591],[-82.36791634642776,9.316250168325837],[-82.37624967972772,9.316250168325837],[-82.37624967972772,9.307916835025992]]]},"properties":{"OBJECTID":1290,"Id":1290,"gridcode":38,"Shape_Length":0.06666666639989671,"Shape_Area":0.0002083333316655474}},{"type":"Feature","id":1291,"geometry":{"type":"Polygon","coordinates":[[[-82.34291634652772,9.299583501725976],[-82.34291634652772,9.307916835025992],[-82.35124967982767,9.307916835025992],[-82.35124967982767,9.299583501725976],[-82.34291634652772,9.299583501725976]]]},"properties":{"OBJECTID":1291,"Id":1291,"gridcode":38,"Shape_Length":0.033333333199948356,"Shape_Area":0.00006944444388867371}},{"type":"Feature","id":1292,"geometry":{"type":"Polygon","coordinates":[[[-82.21791634702771,9.307916835025992],[-82.20124968042774,9.307916835025992],[-82.20124968042774,9.316250168325837],[-82.21791634702771,9.316250168325837],[-82.21791634702771,9.307916835025992]]]},"properties":{"OBJECTID":1292,"Id":1292,"gridcode":31,"Shape_Length":0.04999999979963832,"Shape_Area":0.00013888888777497893}},{"type":"Feature","id":1293,"geometry":{"type":"Polygon","coordinates":[[[-82.15958301392772,9.299583501725976],[-82.15958301392772,9.307916835025992],[-82.16791634722773,9.307916835025992],[-82.16791634722773,9.299583501725976],[-82.15958301392772,9.299583501725976]]]},"properties":{"OBJECTID":1293,"Id":1293,"gridcode":31,"Shape_Length":0.03333333320006204,"Shape_Area":0.0000694444438891474}},{"type":"Feature","id":1294,"geometry":{"type":"Polygon","coordinates":[[[-82.15124968062776,9.299583501725976],[-82.15124968062776,9.307916835025992],[-82.15958301392772,9.307916835025992],[-82.15958301392772,9.299583501725976],[-82.15124968062776,9.299583501725976]]]},"properties":{"OBJECTID":1294,"Id":1294,"gridcode":35,"Shape_Length":0.033333333199948356,"Shape_Area":0.00006944444388867371}},{"type":"Feature","id":1295,"geometry":{"type":"Polygon","coordinates":[[[-82.14291634732774,9.299583501725976],[-82.14291634732774,9.307916835025992],[-82.15124968062776,9.307916835025992],[-82.15124968062776,9.299583501725976],[-82.14291634732774,9.299583501725976]]]},"properties":{"OBJECTID":1295,"Id":1295,"gridcode":39,"Shape_Length":0.03333333320006204,"Shape_Area":0.0000694444438891474}},{"type":"Feature","id":1296,"geometry":{"type":"Polygon","coordinates":[[[-82.09291634752776,9.299583501725976],[-82.09291634752776,9.307916835025992],[-82.10124968082772,9.307916835025992],[-82.10124968082772,9.299583501725976],[-82.09291634752776,9.299583501725976]]]},"properties":{"OBJECTID":1296,"Id":1296,"gridcode":33,"Shape_Length":0.033333333199948356,"Shape_Area":0.00006944444388867371}},{"type":"Feature","id":1297,"geometry":{"type":"Polygon","coordinates":[[[-82.08458301422775,9.299583501725976],[-82.08458301422775,9.307916835025992],[-82.09291634752776,9.307916835025992],[-82.09291634752776,9.299583501725976],[-82.08458301422775,9.299583501725976]]]},"properties":{"OBJECTID":1297,"Id":1297,"gridcode":32,"Shape_Length":0.03333333320006204,"Shape_Area":0.0000694444438891474}},{"type":"Feature","id":1298,"geometry":{"type":"Polygon","coordinates":[[[-82.86791634442773,9.291250168425904],[-82.86791634442773,9.299583501725976],[-82.87624967772769,9.299583501725976],[-82.87624967772769,9.291250168425904],[-82.86791634442773,9.291250168425904]]]},"properties":{"OBJECTID":1298,"Id":1298,"gridcode":3,"Shape_Length":0.03333333320006204,"Shape_Area":0.0000694444438891474}},{"type":"Feature","id":1299,"geometry":{"type":"Polygon","coordinates":[[[-82.60958301212776,9.291250168425904],[-82.60958301212776,9.299583501725976],[-82.61791634542777,9.299583501725976],[-82.61791634542777,9.291250168425904],[-82.60958301212776,9.291250168425904]]]},"properties":{"OBJECTID":1299,"Id":1299,"gridcode":10,"Shape_Length":0.03333333320017573,"Shape_Area":0.0000694444438896211}},{"type":"Feature","id":1300,"geometry":{"type":"Polygon","coordinates":[[[-82.60124967882763,9.291250168425904],[-82.60124967882763,9.299583501725976],[-82.60958301212776,9.299583501725976],[-82.60958301212776,9.291250168425904],[-82.60124967882763,9.291250168425904]]]},"properties":{"OBJECTID":1300,"Id":1300,"gridcode":19,"Shape_Length":0.03333333320028942,"Shape_Area":0.00006944444389009479}},{"type":"Feature","id":1301,"geometry":{"type":"Polygon","coordinates":[[[-82.59291634552778,9.291250168425904],[-82.59291634552778,9.299583501725976],[-82.60124967882763,9.299583501725976],[-82.60124967882763,9.291250168425904],[-82.59291634552778,9.291250168425904]]]},"properties":{"OBJECTID":1301,"Id":1301,"gridcode":21,"Shape_Length":0.033333333199948356,"Shape_Area":0.00006944444388867371}},{"type":"Feature","id":1302,"geometry":{"type":"Polygon","coordinates":[[[-82.58458301222771,9.291250168425904],[-82.58458301222771,9.299583501725976],[-82.59291634552778,9.299583501725976],[-82.59291634552778,9.291250168425904],[-82.58458301222771,9.291250168425904]]]},"properties":{"OBJECTID":1302,"Id":1302,"gridcode":23,"Shape_Length":0.03333333320028942,"Shape_Area":0.00006944444389009479}},{"type":"Feature","id":1303,"geometry":{"type":"Polygon","coordinates":[[[-82.5762496789277,9.291250168425904],[-82.5762496789277,9.299583501725976],[-82.58458301222771,9.299583501725976],[-82.58458301222771,9.291250168425904],[-82.5762496789277,9.291250168425904]]]},"properties":{"OBJECTID":1303,"Id":1303,"gridcode":26,"Shape_Length":0.03333333320017573,"Shape_Area":0.0000694444438896211}},{"type":"Feature","id":1304,"geometry":{"type":"Polygon","coordinates":[[[-82.56791634562774,9.291250168425904],[-82.56791634562774,9.299583501725976],[-82.5762496789277,9.299583501725976],[-82.5762496789277,9.291250168425904],[-82.56791634562774,9.291250168425904]]]},"properties":{"OBJECTID":1304,"Id":1304,"gridcode":30,"Shape_Length":0.03333333320006204,"Shape_Area":0.0000694444438891474}},{"type":"Feature","id":1305,"geometry":{"type":"Polygon","coordinates":[[[-82.54291634572775,9.291250168425904],[-82.54291634572775,9.299583501725976],[-82.55124967902776,9.299583501725976],[-82.55124967902776,9.291250168425904],[-82.54291634572775,9.291250168425904]]]},"properties":{"OBJECTID":1305,"Id":1305,"gridcode":35,"Shape_Length":0.03333333320017573,"Shape_Area":0.0000694444438896211}},{"type":"Feature","id":1306,"geometry":{"type":"Polygon","coordinates":[[[-82.53458301242779,9.291250168425904],[-82.53458301242779,9.299583501725976],[-82.54291634572775,9.299583501725976],[-82.54291634572775,9.291250168425904],[-82.53458301242779,9.291250168425904]]]},"properties":{"OBJECTID":1306,"Id":1306,"gridcode":36,"Shape_Length":0.03333333320006204,"Shape_Area":0.0000694444438891474}},{"type":"Feature","id":1307,"geometry":{"type":"Polygon","coordinates":[[[-82.52624967912772,9.291250168425904],[-82.52624967912772,9.299583501725976],[-82.53458301242779,9.299583501725976],[-82.53458301242779,9.291250168425904],[-82.52624967912772,9.291250168425904]]]},"properties":{"OBJECTID":1307,"Id":1307,"gridcode":41,"Shape_Length":0.03333333320028942,"Shape_Area":0.00006944444389009479}},{"type":"Feature","id":1308,"geometry":{"type":"Polygon","coordinates":[[[-82.5179163458277,9.291250168425904],[-82.5179163458277,9.299583501725976],[-82.52624967912772,9.299583501725976],[-82.52624967912772,9.291250168425904],[-82.5179163458277,9.291250168425904]]]},"properties":{"OBJECTID":1308,"Id":1308,"gridcode":46,"Shape_Length":0.03333333320017573,"Shape_Area":0.0000694444438896211}},{"type":"Feature","id":1309,"geometry":{"type":"Polygon","coordinates":[[[-82.50958301252774,9.291250168425904],[-82.50958301252774,9.299583501725976],[-82.5179163458277,9.299583501725976],[-82.5179163458277,9.291250168425904],[-82.50958301252774,9.291250168425904]]]},"properties":{"OBJECTID":1309,"Id":1309,"gridcode":45,"Shape_Length":0.03333333320006204,"Shape_Area":0.0000694444438891474}},{"type":"Feature","id":1310,"geometry":{"type":"Polygon","coordinates":[[[-82.52624967912772,9.299583501725976],[-82.50958301252774,9.299583501725976],[-82.50958301252774,9.316250168325837],[-82.5179163458277,9.316250168325837],[-82.5179163458277,9.307916835025992],[-82.52624967912772,9.307916835025992],[-82.52624967912772,9.299583501725976]]]},"properties":{"OBJECTID":1310,"Id":1310,"gridcode":48,"Shape_Length":0.06666666639966934,"Shape_Area":0.00020833333166507371}},{"type":"Feature","id":1311,"geometry":{"type":"Polygon","coordinates":[[[-82.50958301252774,9.299583501725976],[-82.49291634592777,9.299583501725976],[-82.49291634592777,9.307916835025992],[-82.50124967922773,9.307916835025992],[-82.50124967922773,9.316250168325837],[-82.50958301252774,9.316250168325837],[-82.50958301252774,9.299583501725976]]]},"properties":{"OBJECTID":1311,"Id":1311,"gridcode":46,"Shape_Length":0.06666666639966934,"Shape_Area":0.00020833333166554746}},{"type":"Feature","id":1312,"geometry":{"type":"Polygon","coordinates":[[[-82.48458301262775,9.291250168425904],[-82.48458301262775,9.299583501725976],[-82.49291634592777,9.299583501725976],[-82.49291634592777,9.291250168425904],[-82.48458301262775,9.291250168425904]]]},"properties":{"OBJECTID":1312,"Id":1312,"gridcode":51,"Shape_Length":0.03333333320017573,"Shape_Area":0.0000694444438896211}},{"type":"Feature","id":1313,"geometry":{"type":"Polygon","coordinates":[[[-82.47624967932768,9.291250168425904],[-82.47624967932768,9.299583501725976],[-82.48458301262775,9.299583501725976],[-82.48458301262775,9.291250168425904],[-82.47624967932768,9.291250168425904]]]},"properties":{"OBJECTID":1313,"Id":1313,"gridcode":54,"Shape_Length":0.03333333320028942,"Shape_Area":0.00006944444389009479}},{"type":"Feature","id":1314,"geometry":{"type":"Polygon","coordinates":[[[-82.46791634602766,9.291250168425904],[-82.46791634602766,9.299583501725976],[-82.47624967932768,9.299583501725976],[-82.47624967932768,9.291250168425904],[-82.46791634602766,9.291250168425904]]]},"properties":{"OBJECTID":1314,"Id":1314,"gridcode":62,"Shape_Length":0.03333333320006204,"Shape_Area":0.0000694444438891474}},{"type":"Feature","id":1315,"geometry":{"type":"Polygon","coordinates":[[[-82.4595830127277,9.291250168425904],[-82.4595830127277,9.299583501725976],[-82.46791634602766,9.299583501725976],[-82.46791634602766,9.291250168425904],[-82.4595830127277,9.291250168425904]]]},"properties":{"OBJECTID":1315,"Id":1315,"gridcode":99,"Shape_Length":0.03333333320017573,"Shape_Area":0.0000694444438896211}},{"type":"Feature","id":1316,"geometry":{"type":"Polygon","coordinates":[[[-82.45124967942775,9.291250168425904],[-82.45124967942775,9.299583501725976],[-82.4595830127277,9.299583501725976],[-82.4595830127277,9.291250168425904],[-82.45124967942775,9.291250168425904]]]},"properties":{"OBJECTID":1316,"Id":1316,"gridcode":93,"Shape_Length":0.03333333320006204,"Shape_Area":0.0000694444438891474}},{"type":"Feature","id":1317,"geometry":{"type":"Polygon","coordinates":[[[-82.44291634612773,9.291250168425904],[-82.44291634612773,9.299583501725976],[-82.45124967942775,9.299583501725976],[-82.45124967942775,9.291250168425904],[-82.44291634612773,9.291250168425904]]]},"properties":{"OBJECTID":1317,"Id":1317,"gridcode":65,"Shape_Length":0.03333333320017573,"Shape_Area":0.0000694444438896211}},{"type":"Feature","id":1318,"geometry":{"type":"Polygon","coordinates":[[[-82.43458301282777,9.291250168425904],[-82.43458301282777,9.299583501725976],[-82.44291634612773,9.299583501725976],[-82.44291634612773,9.291250168425904],[-82.43458301282777,9.291250168425904]]]},"properties":{"OBJECTID":1318,"Id":1318,"gridcode":63,"Shape_Length":0.03333333320006204,"Shape_Area":0.0000694444438891474}},{"type":"Feature","id":1319,"geometry":{"type":"Polygon","coordinates":[[[-82.42624967952776,9.291250168425904],[-82.42624967952776,9.299583501725976],[-82.43458301282777,9.299583501725976],[-82.43458301282777,9.291250168425904],[-82.42624967952776,9.291250168425904]]]},"properties":{"OBJECTID":1319,"Id":1319,"gridcode":75,"Shape_Length":0.03333333320017573,"Shape_Area":0.0000694444438896211}},{"type":"Feature","id":1320,"geometry":{"type":"Polygon","coordinates":[[[-82.41791634622768,9.291250168425904],[-82.41791634622768,9.299583501725976],[-82.42624967952776,9.299583501725976],[-82.42624967952776,9.291250168425904],[-82.41791634622768,9.291250168425904]]]},"properties":{"OBJECTID":1320,"Id":1320,"gridcode":246,"Shape_Length":0.03333333320028942,"Shape_Area":0.00006944444389009479}},{"type":"Feature","id":1321,"geometry":{"type":"Polygon","coordinates":[[[-82.40958301292767,9.291250168425904],[-82.40958301292767,9.299583501725976],[-82.41791634622768,9.299583501725976],[-82.41791634622768,9.291250168425904],[-82.40958301292767,9.291250168425904]]]},"properties":{"OBJECTID":1321,"Id":1321,"gridcode":849,"Shape_Length":0.03333333320006204,"Shape_Area":0.0000694444438891474}},{"type":"Feature","id":1322,"geometry":{"type":"Polygon","coordinates":[[[-82.40124967962771,9.291250168425904],[-82.40124967962771,9.299583501725976],[-82.40958301292767,9.299583501725976],[-82.40958301292767,9.291250168425904],[-82.40124967962771,9.291250168425904]]]},"properties":{"OBJECTID":1322,"Id":1322,"gridcode":3866,"Shape_Length":0.03333333320017573,"Shape_Area":0.0000694444438896211}},{"type":"Feature","id":1323,"geometry":{"type":"Polygon","coordinates":[[[-82.39291634632775,9.291250168425904],[-82.39291634632775,9.299583501725976],[-82.40124967962771,9.299583501725976],[-82.40124967962771,9.291250168425904],[-82.39291634632775,9.291250168425904]]]},"properties":{"OBJECTID":1323,"Id":1323,"gridcode":3394,"Shape_Length":0.03333333320006204,"Shape_Area":0.0000694444438891474}},{"type":"Feature","id":1324,"geometry":{"type":"Polygon","coordinates":[[[-82.38458301302774,9.291250168425904],[-82.38458301302774,9.299583501725976],[-82.39291634632775,9.299583501725976],[-82.39291634632775,9.291250168425904],[-82.38458301302774,9.291250168425904]]]},"properties":{"OBJECTID":1324,"Id":1324,"gridcode":1304,"Shape_Length":0.03333333320017573,"Shape_Area":0.0000694444438896211}},{"type":"Feature","id":1325,"geometry":{"type":"Polygon","coordinates":[[[-82.37624967972772,9.291250168425904],[-82.37624967972772,9.299583501725976],[-82.38458301302774,9.299583501725976],[-82.38458301302774,9.291250168425904],[-82.37624967972772,9.291250168425904]]]},"properties":{"OBJECTID":1325,"Id":1325,"gridcode":165,"Shape_Length":0.03333333320017573,"Shape_Area":0.0000694444438896211}},{"type":"Feature","id":1326,"geometry":{"type":"Polygon","coordinates":[[[-82.36791634642776,9.291250168425904],[-82.36791634642776,9.299583501725976],[-82.37624967972772,9.299583501725976],[-82.37624967972772,9.291250168425904],[-82.36791634642776,9.291250168425904]]]},"properties":{"OBJECTID":1326,"Id":1326,"gridcode":63,"Shape_Length":0.03333333320006204,"Shape_Area":0.0000694444438891474}},{"type":"Feature","id":1327,"geometry":{"type":"Polygon","coordinates":[[[-82.35958301312769,9.291250168425904],[-82.35958301312769,9.299583501725976],[-82.36791634642776,9.299583501725976],[-82.36791634642776,9.291250168425904],[-82.35958301312769,9.291250168425904]]]},"properties":{"OBJECTID":1327,"Id":1327,"gridcode":48,"Shape_Length":0.03333333320028942,"Shape_Area":0.00006944444389009479}},{"type":"Feature","id":1328,"geometry":{"type":"Polygon","coordinates":[[[-82.35124967982767,9.291250168425904],[-82.35124967982767,9.299583501725976],[-82.35958301312769,9.299583501725976],[-82.35958301312769,9.291250168425904],[-82.35124967982767,9.291250168425904]]]},"properties":{"OBJECTID":1328,"Id":1328,"gridcode":40,"Shape_Length":0.03333333320017573,"Shape_Area":0.0000694444438896211}},{"type":"Feature","id":1329,"geometry":{"type":"Polygon","coordinates":[[[-82.36791634642776,9.299583501725976],[-82.35124967982767,9.299583501725976],[-82.35124967982767,9.316250168325837],[-82.35958301312769,9.316250168325837],[-82.35958301312769,9.307916835025992],[-82.36791634642776,9.307916835025992],[-82.36791634642776,9.299583501725976]]]},"properties":{"OBJECTID":1329,"Id":1329,"gridcode":37,"Shape_Length":0.06666666639989671,"Shape_Area":0.00020833333166649483}},{"type":"Feature","id":1330,"geometry":{"type":"Polygon","coordinates":[[[-82.34291634652772,9.291250168425904],[-82.34291634652772,9.299583501725976],[-82.35124967982767,9.299583501725976],[-82.35124967982767,9.291250168425904],[-82.34291634652772,9.291250168425904]]]},"properties":{"OBJECTID":1330,"Id":1330,"gridcode":37,"Shape_Length":0.03333333320006204,"Shape_Area":0.0000694444438891474}},{"type":"Feature","id":1331,"geometry":{"type":"Polygon","coordinates":[[[-82.29291634672768,9.291250168425904],[-82.29291634672768,9.299583501725976],[-82.30124968002764,9.299583501725976],[-82.30124968002764,9.291250168425904],[-82.29291634672768,9.291250168425904]]]},"properties":{"OBJECTID":1331,"Id":1331,"gridcode":43,"Shape_Length":0.03333333320017573,"Shape_Area":0.0000694444438896211}},{"type":"Feature","id":1332,"geometry":{"type":"Polygon","coordinates":[[[-82.26791634682775,9.291250168425904],[-82.26791634682775,9.299583501725976],[-82.2762496801277,9.299583501725976],[-82.2762496801277,9.291250168425904],[-82.26791634682775,9.291250168425904]]]},"properties":{"OBJECTID":1332,"Id":1332,"gridcode":42,"Shape_Length":0.03333333320006204,"Shape_Area":0.0000694444438891474}},{"type":"Feature","id":1333,"geometry":{"type":"Polygon","coordinates":[[[-82.25958301352773,9.291250168425904],[-82.25958301352773,9.299583501725976],[-82.26791634682775,9.299583501725976],[-82.26791634682775,9.291250168425904],[-82.25958301352773,9.291250168425904]]]},"properties":{"OBJECTID":1333,"Id":1333,"gridcode":44,"Shape_Length":0.03333333320017573,"Shape_Area":0.0000694444438896211}},{"type":"Feature","id":1334,"geometry":{"type":"Polygon","coordinates":[[[-82.20124968042774,9.291250168425904],[-82.20124968042774,9.299583501725976],[-82.20958301372775,9.299583501725976],[-82.20958301372775,9.291250168425904],[-82.20124968042774,9.291250168425904]]]},"properties":{"OBJECTID":1334,"Id":1334,"gridcode":31,"Shape_Length":0.03333333320017573,"Shape_Area":0.0000694444438896211}},{"type":"Feature","id":1335,"geometry":{"type":"Polygon","coordinates":[[[-82.18458301382776,9.291250168425904],[-82.18458301382776,9.299583501725976],[-82.19291634712766,9.299583501725976],[-82.19291634712766,9.291250168425904],[-82.18458301382776,9.291250168425904]]]},"properties":{"OBJECTID":1335,"Id":1335,"gridcode":29,"Shape_Length":0.033333333199948356,"Shape_Area":0.00006944444388867371}},{"type":"Feature","id":1336,"geometry":{"type":"Polygon","coordinates":[[[-82.15124968062776,9.291250168425904],[-82.15124968062776,9.299583501725976],[-82.15958301392772,9.299583501725976],[-82.15958301392772,9.291250168425904],[-82.15124968062776,9.291250168425904]]]},"properties":{"OBJECTID":1336,"Id":1336,"gridcode":32,"Shape_Length":0.03333333320006204,"Shape_Area":0.0000694444438891474}},{"type":"Feature","id":1337,"geometry":{"type":"Polygon","coordinates":[[[-82.14291634732774,9.291250168425904],[-82.14291634732774,9.299583501725976],[-82.15124968062776,9.299583501725976],[-82.15124968062776,9.291250168425904],[-82.14291634732774,9.291250168425904]]]},"properties":{"OBJECTID":1337,"Id":1337,"gridcode":30,"Shape_Length":0.03333333320017573,"Shape_Area":0.0000694444438896211}},{"type":"Feature","id":1338,"geometry":{"type":"Polygon","coordinates":[[[-82.09291634752776,9.291250168425904],[-82.09291634752776,9.299583501725976],[-82.10124968082772,9.299583501725976],[-82.10124968082772,9.291250168425904],[-82.09291634752776,9.291250168425904]]]},"properties":{"OBJECTID":1338,"Id":1338,"gridcode":32,"Shape_Length":0.03333333320006204,"Shape_Area":0.0000694444438891474}},{"type":"Feature","id":1339,"geometry":{"type":"Polygon","coordinates":[[[-82.66791634522775,9.291250168425904],[-82.6429163453277,9.291250168425904],[-82.6429163453277,9.299583501725976],[-82.62624967872773,9.299583501725976],[-82.62624967872773,9.307916835025992],[-82.65124967862778,9.307916835025992],[-82.65124967862778,9.316250168325837],[-82.65958301192762,9.316250168325837],[-82.65958301192762,9.332916834925925],[-82.65124967862778,9.332916834925925],[-82.65124967862778,9.341250168225997],[-82.65958301192762,9.341250168225997],[-82.65958301192762,9.349583501525842],[-82.66791634522775,9.349583501525842],[-82.66791634522775,9.341250168225997],[-82.67624967852777,9.341250168225997],[-82.67624967852777,9.332916834925925],[-82.66791634522775,9.332916834925925],[-82.66791634522775,9.32458350162591],[-82.67624967852777,9.32458350162591],[-82.67624967852777,9.307916835025992],[-82.66791634522775,9.307916835025992],[-82.66791634522775,9.291250168425904]]]},"properties":{"OBJECTID":1339,"Id":1339,"gridcode":4,"Shape_Length":0.2499999989997832,"Shape_Area":0.0012499999900027585}},{"type":"Feature","id":1340,"geometry":{"type":"Polygon","coordinates":[[[-82.60958301212776,9.282916835125889],[-82.60958301212776,9.291250168425904],[-82.61791634542777,9.291250168425904],[-82.61791634542777,9.282916835125889],[-82.60958301212776,9.282916835125889]]]},"properties":{"OBJECTID":1340,"Id":1340,"gridcode":5,"Shape_Length":0.03333333320006204,"Shape_Area":0.0000694444438891474}},{"type":"Feature","id":1341,"geometry":{"type":"Polygon","coordinates":[[[-82.60124967882763,9.282916835125889],[-82.60124967882763,9.291250168425904],[-82.60958301212776,9.291250168425904],[-82.60958301212776,9.282916835125889],[-82.60124967882763,9.282916835125889]]]},"properties":{"OBJECTID":1341,"Id":1341,"gridcode":14,"Shape_Length":0.03333333320017573,"Shape_Area":0.0000694444438896211}},{"type":"Feature","id":1342,"geometry":{"type":"Polygon","coordinates":[[[-82.59291634552778,9.282916835125889],[-82.59291634552778,9.291250168425904],[-82.60124967882763,9.291250168425904],[-82.60124967882763,9.282916835125889],[-82.59291634552778,9.282916835125889]]]},"properties":{"OBJECTID":1342,"Id":1342,"gridcode":18,"Shape_Length":0.03333333319983467,"Shape_Area":0.00006944444388820001}},{"type":"Feature","id":1343,"geometry":{"type":"Polygon","coordinates":[[[-82.58458301222771,9.282916835125889],[-82.58458301222771,9.291250168425904],[-82.59291634552778,9.291250168425904],[-82.59291634552778,9.282916835125889],[-82.58458301222771,9.282916835125889]]]},"properties":{"OBJECTID":1343,"Id":1343,"gridcode":22,"Shape_Length":0.03333333320017573,"Shape_Area":0.0000694444438896211}},{"type":"Feature","id":1344,"geometry":{"type":"Polygon","coordinates":[[[-82.5762496789277,9.282916835125889],[-82.5762496789277,9.291250168425904],[-82.58458301222771,9.291250168425904],[-82.58458301222771,9.282916835125889],[-82.5762496789277,9.282916835125889]]]},"properties":{"OBJECTID":1344,"Id":1344,"gridcode":24,"Shape_Length":0.03333333320006204,"Shape_Area":0.0000694444438891474}},{"type":"Feature","id":1345,"geometry":{"type":"Polygon","coordinates":[[[-82.56791634562774,9.282916835125889],[-82.56791634562774,9.291250168425904],[-82.5762496789277,9.291250168425904],[-82.5762496789277,9.282916835125889],[-82.56791634562774,9.282916835125889]]]},"properties":{"OBJECTID":1345,"Id":1345,"gridcode":27,"Shape_Length":0.033333333199948356,"Shape_Area":0.00006944444388867371}},{"type":"Feature","id":1346,"geometry":{"type":"Polygon","coordinates":[[[-82.56791634562774,9.291250168425904],[-82.55124967902776,9.291250168425904],[-82.55124967902776,9.299583501725976],[-82.56791634562774,9.299583501725976],[-82.56791634562774,9.291250168425904]]]},"properties":{"OBJECTID":1346,"Id":1346,"gridcode":31,"Shape_Length":0.049999999800093065,"Shape_Area":0.0001388888877787685}},{"type":"Feature","id":1347,"geometry":{"type":"Polygon","coordinates":[[[-82.54291634572775,9.282916835125889],[-82.54291634572775,9.291250168425904],[-82.55124967902776,9.291250168425904],[-82.55124967902776,9.282916835125889],[-82.54291634572775,9.282916835125889]]]},"properties":{"OBJECTID":1347,"Id":1347,"gridcode":32,"Shape_Length":0.03333333320006204,"Shape_Area":0.0000694444438891474}},{"type":"Feature","id":1348,"geometry":{"type":"Polygon","coordinates":[[[-82.52624967912772,9.282916835125889],[-82.52624967912772,9.291250168425904],[-82.53458301242779,9.291250168425904],[-82.53458301242779,9.282916835125889],[-82.52624967912772,9.282916835125889]]]},"properties":{"OBJECTID":1348,"Id":1348,"gridcode":40,"Shape_Length":0.03333333320017573,"Shape_Area":0.0000694444438896211}},{"type":"Feature","id":1349,"geometry":{"type":"Polygon","coordinates":[[[-82.5179163458277,9.282916835125889],[-82.5179163458277,9.291250168425904],[-82.52624967912772,9.291250168425904],[-82.52624967912772,9.282916835125889],[-82.5179163458277,9.282916835125889]]]},"properties":{"OBJECTID":1349,"Id":1349,"gridcode":44,"Shape_Length":0.03333333320006204,"Shape_Area":0.0000694444438891474}},{"type":"Feature","id":1350,"geometry":{"type":"Polygon","coordinates":[[[-82.50958301252774,9.282916835125889],[-82.50958301252774,9.291250168425904],[-82.5179163458277,9.291250168425904],[-82.5179163458277,9.282916835125889],[-82.50958301252774,9.282916835125889]]]},"properties":{"OBJECTID":1350,"Id":1350,"gridcode":47,"Shape_Length":0.033333333199948356,"Shape_Area":0.00006944444388867371}},{"type":"Feature","id":1351,"geometry":{"type":"Polygon","coordinates":[[[-82.50124967922773,9.282916835125889],[-82.50124967922773,9.291250168425904],[-82.50958301252774,9.291250168425904],[-82.50958301252774,9.282916835125889],[-82.50124967922773,9.282916835125889]]]},"properties":{"OBJECTID":1351,"Id":1351,"gridcode":46,"Shape_Length":0.03333333320006204,"Shape_Area":0.0000694444438891474}},{"type":"Feature","id":1352,"geometry":{"type":"Polygon","coordinates":[[[-82.49291634592777,9.282916835125889],[-82.49291634592777,9.291250168425904],[-82.50124967922773,9.291250168425904],[-82.50124967922773,9.282916835125889],[-82.49291634592777,9.282916835125889]]]},"properties":{"OBJECTID":1352,"Id":1352,"gridcode":48,"Shape_Length":0.033333333199948356,"Shape_Area":0.00006944444388867371}},{"type":"Feature","id":1353,"geometry":{"type":"Polygon","coordinates":[[[-82.50958301252774,9.291250168425904],[-82.49291634592777,9.291250168425904],[-82.49291634592777,9.299583501725976],[-82.50958301252774,9.299583501725976],[-82.50958301252774,9.291250168425904]]]},"properties":{"OBJECTID":1353,"Id":1353,"gridcode":49,"Shape_Length":0.049999999800093065,"Shape_Area":0.0001388888877787685}},{"type":"Feature","id":1354,"geometry":{"type":"Polygon","coordinates":[[[-82.48458301262775,9.282916835125889],[-82.48458301262775,9.291250168425904],[-82.49291634592777,9.291250168425904],[-82.49291634592777,9.282916835125889],[-82.48458301262775,9.282916835125889]]]},"properties":{"OBJECTID":1354,"Id":1354,"gridcode":56,"Shape_Length":0.03333333320006204,"Shape_Area":0.0000694444438891474}},{"type":"Feature","id":1355,"geometry":{"type":"Polygon","coordinates":[[[-82.47624967932768,9.282916835125889],[-82.47624967932768,9.291250168425904],[-82.48458301262775,9.291250168425904],[-82.48458301262775,9.282916835125889],[-82.47624967932768,9.282916835125889]]]},"properties":{"OBJECTID":1355,"Id":1355,"gridcode":58,"Shape_Length":0.03333333320017573,"Shape_Area":0.0000694444438896211}},{"type":"Feature","id":1356,"geometry":{"type":"Polygon","coordinates":[[[-82.46791634602766,9.282916835125889],[-82.46791634602766,9.291250168425904],[-82.47624967932768,9.291250168425904],[-82.47624967932768,9.282916835125889],[-82.46791634602766,9.282916835125889]]]},"properties":{"OBJECTID":1356,"Id":1356,"gridcode":74,"Shape_Length":0.033333333199948356,"Shape_Area":0.00006944444388867371}},{"type":"Feature","id":1357,"geometry":{"type":"Polygon","coordinates":[[[-82.4595830127277,9.282916835125889],[-82.4595830127277,9.291250168425904],[-82.46791634602766,9.291250168425904],[-82.46791634602766,9.282916835125889],[-82.4595830127277,9.282916835125889]]]},"properties":{"OBJECTID":1357,"Id":1357,"gridcode":122,"Shape_Length":0.03333333320006204,"Shape_Area":0.0000694444438891474}},{"type":"Feature","id":1358,"geometry":{"type":"Polygon","coordinates":[[[-82.45124967942775,9.282916835125889],[-82.45124967942775,9.291250168425904],[-82.4595830127277,9.291250168425904],[-82.4595830127277,9.282916835125889],[-82.45124967942775,9.282916835125889]]]},"properties":{"OBJECTID":1358,"Id":1358,"gridcode":124,"Shape_Length":0.033333333199948356,"Shape_Area":0.00006944444388867371}},{"type":"Feature","id":1359,"geometry":{"type":"Polygon","coordinates":[[[-82.44291634612773,9.282916835125889],[-82.44291634612773,9.291250168425904],[-82.45124967942775,9.291250168425904],[-82.45124967942775,9.282916835125889],[-82.44291634612773,9.282916835125889]]]},"properties":{"OBJECTID":1359,"Id":1359,"gridcode":54,"Shape_Length":0.03333333320006204,"Shape_Area":0.0000694444438891474}},{"type":"Feature","id":1360,"geometry":{"type":"Polygon","coordinates":[[[-82.43458301282777,9.282916835125889],[-82.43458301282777,9.291250168425904],[-82.44291634612773,9.291250168425904],[-82.44291634612773,9.282916835125889],[-82.43458301282777,9.282916835125889]]]},"properties":{"OBJECTID":1360,"Id":1360,"gridcode":47,"Shape_Length":0.033333333199948356,"Shape_Area":0.00006944444388867371}},{"type":"Feature","id":1361,"geometry":{"type":"Polygon","coordinates":[[[-82.42624967952776,9.282916835125889],[-82.42624967952776,9.291250168425904],[-82.43458301282777,9.291250168425904],[-82.43458301282777,9.282916835125889],[-82.42624967952776,9.282916835125889]]]},"properties":{"OBJECTID":1361,"Id":1361,"gridcode":53,"Shape_Length":0.03333333320006204,"Shape_Area":0.0000694444438891474}},{"type":"Feature","id":1362,"geometry":{"type":"Polygon","coordinates":[[[-82.41791634622768,9.282916835125889],[-82.41791634622768,9.291250168425904],[-82.42624967952776,9.291250168425904],[-82.42624967952776,9.282916835125889],[-82.41791634622768,9.282916835125889]]]},"properties":{"OBJECTID":1362,"Id":1362,"gridcode":86,"Shape_Length":0.03333333320017573,"Shape_Area":0.0000694444438896211}},{"type":"Feature","id":1363,"geometry":{"type":"Polygon","coordinates":[[[-82.40958301292767,9.282916835125889],[-82.40958301292767,9.291250168425904],[-82.41791634622768,9.291250168425904],[-82.41791634622768,9.282916835125889],[-82.40958301292767,9.282916835125889]]]},"properties":{"OBJECTID":1363,"Id":1363,"gridcode":291,"Shape_Length":0.033333333199948356,"Shape_Area":0.00006944444388867371}},{"type":"Feature","id":1364,"geometry":{"type":"Polygon","coordinates":[[[-82.40124967962771,9.282916835125889],[-82.40124967962771,9.291250168425904],[-82.40958301292767,9.291250168425904],[-82.40958301292767,9.282916835125889],[-82.40124967962771,9.282916835125889]]]},"properties":{"OBJECTID":1364,"Id":1364,"gridcode":1589,"Shape_Length":0.03333333320006204,"Shape_Area":0.0000694444438891474}},{"type":"Feature","id":1365,"geometry":{"type":"Polygon","coordinates":[[[-82.39291634632775,9.282916835125889],[-82.39291634632775,9.291250168425904],[-82.40124967962771,9.291250168425904],[-82.40124967962771,9.282916835125889],[-82.39291634632775,9.282916835125889]]]},"properties":{"OBJECTID":1365,"Id":1365,"gridcode":4794,"Shape_Length":0.033333333199948356,"Shape_Area":0.00006944444388867371}},{"type":"Feature","id":1366,"geometry":{"type":"Polygon","coordinates":[[[-82.38458301302774,9.282916835125889],[-82.38458301302774,9.291250168425904],[-82.39291634632775,9.291250168425904],[-82.39291634632775,9.282916835125889],[-82.38458301302774,9.282916835125889]]]},"properties":{"OBJECTID":1366,"Id":1366,"gridcode":3476,"Shape_Length":0.03333333320006204,"Shape_Area":0.0000694444438891474}},{"type":"Feature","id":1367,"geometry":{"type":"Polygon","coordinates":[[[-82.37624967972772,9.282916835125889],[-82.37624967972772,9.291250168425904],[-82.38458301302774,9.291250168425904],[-82.38458301302774,9.282916835125889],[-82.37624967972772,9.282916835125889]]]},"properties":{"OBJECTID":1367,"Id":1367,"gridcode":229,"Shape_Length":0.03333333320006204,"Shape_Area":0.0000694444438891474}},{"type":"Feature","id":1368,"geometry":{"type":"Polygon","coordinates":[[[-82.36791634642776,9.282916835125889],[-82.36791634642776,9.291250168425904],[-82.37624967972772,9.291250168425904],[-82.37624967972772,9.282916835125889],[-82.36791634642776,9.282916835125889]]]},"properties":{"OBJECTID":1368,"Id":1368,"gridcode":92,"Shape_Length":0.033333333199948356,"Shape_Area":0.00006944444388867371}},{"type":"Feature","id":1369,"geometry":{"type":"Polygon","coordinates":[[[-82.35958301312769,9.282916835125889],[-82.35958301312769,9.291250168425904],[-82.36791634642776,9.291250168425904],[-82.36791634642776,9.282916835125889],[-82.35958301312769,9.282916835125889]]]},"properties":{"OBJECTID":1369,"Id":1369,"gridcode":77,"Shape_Length":0.03333333320017573,"Shape_Area":0.0000694444438896211}},{"type":"Feature","id":1370,"geometry":{"type":"Polygon","coordinates":[[[-82.35124967982767,9.282916835125889],[-82.35124967982767,9.291250168425904],[-82.35958301312769,9.291250168425904],[-82.35958301312769,9.282916835125889],[-82.35124967982767,9.282916835125889]]]},"properties":{"OBJECTID":1370,"Id":1370,"gridcode":74,"Shape_Length":0.03333333320006204,"Shape_Area":0.0000694444438891474}},{"type":"Feature","id":1371,"geometry":{"type":"Polygon","coordinates":[[[-82.34291634652772,9.282916835125889],[-82.34291634652772,9.291250168425904],[-82.35124967982767,9.291250168425904],[-82.35124967982767,9.282916835125889],[-82.34291634652772,9.282916835125889]]]},"properties":{"OBJECTID":1371,"Id":1371,"gridcode":36,"Shape_Length":0.033333333199948356,"Shape_Area":0.00006944444388867371}},{"type":"Feature","id":1372,"geometry":{"type":"Polygon","coordinates":[[[-82.29291634672768,9.282916835125889],[-82.29291634672768,9.291250168425904],[-82.30124968002764,9.291250168425904],[-82.30124968002764,9.282916835125889],[-82.29291634672768,9.282916835125889]]]},"properties":{"OBJECTID":1372,"Id":1372,"gridcode":40,"Shape_Length":0.03333333320006204,"Shape_Area":0.0000694444438891474}},{"type":"Feature","id":1373,"geometry":{"type":"Polygon","coordinates":[[[-82.2762496801277,9.282916835125889],[-82.2762496801277,9.291250168425904],[-82.28458301342772,9.291250168425904],[-82.28458301342772,9.282916835125889],[-82.2762496801277,9.282916835125889]]]},"properties":{"OBJECTID":1373,"Id":1373,"gridcode":43,"Shape_Length":0.03333333320006204,"Shape_Area":0.0000694444438891474}},{"type":"Feature","id":1374,"geometry":{"type":"Polygon","coordinates":[[[-82.26791634682775,9.282916835125889],[-82.26791634682775,9.291250168425904],[-82.2762496801277,9.291250168425904],[-82.2762496801277,9.282916835125889],[-82.26791634682775,9.282916835125889]]]},"properties":{"OBJECTID":1374,"Id":1374,"gridcode":44,"Shape_Length":0.033333333199948356,"Shape_Area":0.00006944444388867371}},{"type":"Feature","id":1375,"geometry":{"type":"Polygon","coordinates":[[[-82.25958301352773,9.282916835125889],[-82.25958301352773,9.291250168425904],[-82.26791634682775,9.291250168425904],[-82.26791634682775,9.282916835125889],[-82.25958301352773,9.282916835125889]]]},"properties":{"OBJECTID":1375,"Id":1375,"gridcode":43,"Shape_Length":0.03333333320006204,"Shape_Area":0.0000694444438891474}},{"type":"Feature","id":1376,"geometry":{"type":"Polygon","coordinates":[[[-82.17624968052769,9.291250168425904],[-82.15958301392772,9.291250168425904],[-82.15958301392772,9.299583501725976],[-82.16791634722773,9.299583501725976],[-82.16791634722773,9.307916835025992],[-82.17624968052769,9.307916835025992],[-82.17624968052769,9.291250168425904]]]},"properties":{"OBJECTID":1376,"Id":1376,"gridcode":29,"Shape_Length":0.06666666640012409,"Shape_Area":0.0002083333316674422}},{"type":"Feature","id":1377,"geometry":{"type":"Polygon","coordinates":[[[-82.14291634732774,9.282916835125889],[-82.14291634732774,9.291250168425904],[-82.15124968062776,9.291250168425904],[-82.15124968062776,9.282916835125889],[-82.14291634732774,9.282916835125889]]]},"properties":{"OBJECTID":1377,"Id":1377,"gridcode":28,"Shape_Length":0.03333333320006204,"Shape_Area":0.0000694444438891474}},{"type":"Feature","id":1378,"geometry":{"type":"Polygon","coordinates":[[[-82.13458301402761,9.282916835125889],[-82.13458301402761,9.291250168425904],[-82.14291634732774,9.291250168425904],[-82.14291634732774,9.282916835125889],[-82.13458301402761,9.282916835125889]]]},"properties":{"OBJECTID":1378,"Id":1378,"gridcode":30,"Shape_Length":0.03333333320017573,"Shape_Area":0.0000694444438896211}},{"type":"Feature","id":1379,"geometry":{"type":"Polygon","coordinates":[[[-82.14291634732774,9.291250168425904],[-82.12624968072777,9.291250168425904],[-82.12624968072777,9.299583501725976],[-82.1179163474277,9.299583501725976],[-82.1179163474277,9.307916835025992],[-82.14291634732774,9.307916835025992],[-82.14291634732774,9.291250168425904]]]},"properties":{"OBJECTID":1379,"Id":1379,"gridcode":35,"Shape_Length":0.0833333330002688,"Shape_Area":0.00034722221944621066}},{"type":"Feature","id":1380,"geometry":{"type":"Polygon","coordinates":[[[-82.10124968082772,9.282916835125889],[-82.10124968082772,9.291250168425904],[-82.10958301412768,9.291250168425904],[-82.10958301412768,9.282916835125889],[-82.10124968082772,9.282916835125889]]]},"properties":{"OBJECTID":1380,"Id":1380,"gridcode":32,"Shape_Length":0.033333333199948356,"Shape_Area":0.00006944444388867371}},{"type":"Feature","id":1381,"geometry":{"type":"Polygon","coordinates":[[[-82.10958301412768,9.299583501725976],[-82.10958301412768,9.291250168425904],[-82.10124968082772,9.291250168425904],[-82.10124968082772,9.307916835025992],[-82.1179163474277,9.307916835025992],[-82.1179163474277,9.299583501725976],[-82.10958301412768,9.299583501725976]]]},"properties":{"OBJECTID":1381,"Id":1381,"gridcode":34,"Shape_Length":0.06666666640012409,"Shape_Area":0.00020833333166696852}},{"type":"Feature","id":1382,"geometry":{"type":"Polygon","coordinates":[[[-82.75124967822774,9.274583501825873],[-82.75124967822774,9.282916835125889],[-82.7595830115277,9.282916835125889],[-82.7595830115277,9.274583501825873],[-82.75124967822774,9.274583501825873]]]},"properties":{"OBJECTID":1382,"Id":1382,"gridcode":1,"Shape_Length":0.033333333199948356,"Shape_Area":0.00006944444388867371}},{"type":"Feature","id":1383,"geometry":{"type":"Polygon","coordinates":[[[-82.60958301212776,9.274583501825873],[-82.60958301212776,9.282916835125889],[-82.61791634542777,9.282916835125889],[-82.61791634542777,9.274583501825873],[-82.60958301212776,9.274583501825873]]]},"properties":{"OBJECTID":1383,"Id":1383,"gridcode":4,"Shape_Length":0.03333333320006204,"Shape_Area":0.0000694444438891474}},{"type":"Feature","id":1384,"geometry":{"type":"Polygon","coordinates":[[[-82.60124967882763,9.274583501825873],[-82.60124967882763,9.282916835125889],[-82.60958301212776,9.282916835125889],[-82.60958301212776,9.274583501825873],[-82.60124967882763,9.274583501825873]]]},"properties":{"OBJECTID":1384,"Id":1384,"gridcode":12,"Shape_Length":0.03333333320017573,"Shape_Area":0.0000694444438896211}},{"type":"Feature","id":1385,"geometry":{"type":"Polygon","coordinates":[[[-82.59291634552778,9.274583501825873],[-82.59291634552778,9.282916835125889],[-82.60124967882763,9.282916835125889],[-82.60124967882763,9.274583501825873],[-82.59291634552778,9.274583501825873]]]},"properties":{"OBJECTID":1385,"Id":1385,"gridcode":14,"Shape_Length":0.03333333319983467,"Shape_Area":0.00006944444388820001}},{"type":"Feature","id":1386,"geometry":{"type":"Polygon","coordinates":[[[-82.58458301222771,9.274583501825873],[-82.58458301222771,9.282916835125889],[-82.59291634552778,9.282916835125889],[-82.59291634552778,9.274583501825873],[-82.58458301222771,9.274583501825873]]]},"properties":{"OBJECTID":1386,"Id":1386,"gridcode":19,"Shape_Length":0.03333333320017573,"Shape_Area":0.0000694444438896211}},{"type":"Feature","id":1387,"geometry":{"type":"Polygon","coordinates":[[[-82.5762496789277,9.274583501825873],[-82.5762496789277,9.282916835125889],[-82.58458301222771,9.282916835125889],[-82.58458301222771,9.274583501825873],[-82.5762496789277,9.274583501825873]]]},"properties":{"OBJECTID":1387,"Id":1387,"gridcode":22,"Shape_Length":0.03333333320006204,"Shape_Area":0.0000694444438891474}},{"type":"Feature","id":1388,"geometry":{"type":"Polygon","coordinates":[[[-82.56791634562774,9.274583501825873],[-82.56791634562774,9.282916835125889],[-82.5762496789277,9.282916835125889],[-82.5762496789277,9.274583501825873],[-82.56791634562774,9.274583501825873]]]},"properties":{"OBJECTID":1388,"Id":1388,"gridcode":23,"Shape_Length":0.033333333199948356,"Shape_Area":0.00006944444388867371}},{"type":"Feature","id":1389,"geometry":{"type":"Polygon","coordinates":[[[-82.55958301232772,9.274583501825873],[-82.55958301232772,9.282916835125889],[-82.56791634562774,9.282916835125889],[-82.56791634562774,9.274583501825873],[-82.55958301232772,9.274583501825873]]]},"properties":{"OBJECTID":1389,"Id":1389,"gridcode":24,"Shape_Length":0.03333333320006204,"Shape_Area":0.0000694444438891474}},{"type":"Feature","id":1390,"geometry":{"type":"Polygon","coordinates":[[[-82.55124967902776,9.274583501825873],[-82.55124967902776,9.282916835125889],[-82.55958301232772,9.282916835125889],[-82.55958301232772,9.274583501825873],[-82.55124967902776,9.274583501825873]]]},"properties":{"OBJECTID":1390,"Id":1390,"gridcode":25,"Shape_Length":0.033333333199948356,"Shape_Area":0.00006944444388867371}},{"type":"Feature","id":1391,"geometry":{"type":"Polygon","coordinates":[[[-82.56791634562774,9.282916835125889],[-82.55124967902776,9.282916835125889],[-82.55124967902776,9.291250168425904],[-82.56791634562774,9.291250168425904],[-82.56791634562774,9.282916835125889]]]},"properties":{"OBJECTID":1391,"Id":1391,"gridcode":28,"Shape_Length":0.04999999979997938,"Shape_Area":0.0001388888877778211}},{"type":"Feature","id":1392,"geometry":{"type":"Polygon","coordinates":[[[-82.54291634572775,9.274583501825873],[-82.54291634572775,9.282916835125889],[-82.55124967902776,9.282916835125889],[-82.55124967902776,9.274583501825873],[-82.54291634572775,9.274583501825873]]]},"properties":{"OBJECTID":1392,"Id":1392,"gridcode":29,"Shape_Length":0.03333333320006204,"Shape_Area":0.0000694444438891474}},{"type":"Feature","id":1393,"geometry":{"type":"Polygon","coordinates":[[[-82.52624967912772,9.274583501825873],[-82.52624967912772,9.282916835125889],[-82.53458301242779,9.282916835125889],[-82.53458301242779,9.274583501825873],[-82.52624967912772,9.274583501825873]]]},"properties":{"OBJECTID":1393,"Id":1393,"gridcode":42,"Shape_Length":0.03333333320017573,"Shape_Area":0.0000694444438896211}},{"type":"Feature","id":1394,"geometry":{"type":"Polygon","coordinates":[[[-82.5179163458277,9.274583501825873],[-82.5179163458277,9.282916835125889],[-82.52624967912772,9.282916835125889],[-82.52624967912772,9.274583501825873],[-82.5179163458277,9.274583501825873]]]},"properties":{"OBJECTID":1394,"Id":1394,"gridcode":45,"Shape_Length":0.03333333320006204,"Shape_Area":0.0000694444438891474}},{"type":"Feature","id":1395,"geometry":{"type":"Polygon","coordinates":[[[-82.50958301252774,9.274583501825873],[-82.50958301252774,9.282916835125889],[-82.5179163458277,9.282916835125889],[-82.5179163458277,9.274583501825873],[-82.50958301252774,9.274583501825873]]]},"properties":{"OBJECTID":1395,"Id":1395,"gridcode":38,"Shape_Length":0.033333333199948356,"Shape_Area":0.00006944444388867371}},{"type":"Feature","id":1396,"geometry":{"type":"Polygon","coordinates":[[[-82.50124967922773,9.274583501825873],[-82.50124967922773,9.282916835125889],[-82.50958301252774,9.282916835125889],[-82.50958301252774,9.274583501825873],[-82.50124967922773,9.274583501825873]]]},"properties":{"OBJECTID":1396,"Id":1396,"gridcode":22,"Shape_Length":0.03333333320006204,"Shape_Area":0.0000694444438891474}},{"type":"Feature","id":1397,"geometry":{"type":"Polygon","coordinates":[[[-82.48458301262775,9.274583501825873],[-82.48458301262775,9.282916835125889],[-82.49291634592777,9.282916835125889],[-82.49291634592777,9.274583501825873],[-82.48458301262775,9.274583501825873]]]},"properties":{"OBJECTID":1397,"Id":1397,"gridcode":35,"Shape_Length":0.03333333320006204,"Shape_Area":0.0000694444438891474}},{"type":"Feature","id":1398,"geometry":{"type":"Polygon","coordinates":[[[-82.47624967932768,9.274583501825873],[-82.47624967932768,9.282916835125889],[-82.48458301262775,9.282916835125889],[-82.48458301262775,9.274583501825873],[-82.47624967932768,9.274583501825873]]]},"properties":{"OBJECTID":1398,"Id":1398,"gridcode":42,"Shape_Length":0.03333333320017573,"Shape_Area":0.0000694444438896211}},{"type":"Feature","id":1399,"geometry":{"type":"Polygon","coordinates":[[[-82.46791634602766,9.274583501825873],[-82.46791634602766,9.282916835125889],[-82.47624967932768,9.282916835125889],[-82.47624967932768,9.274583501825873],[-82.46791634602766,9.274583501825873]]]},"properties":{"OBJECTID":1399,"Id":1399,"gridcode":45,"Shape_Length":0.033333333199948356,"Shape_Area":0.00006944444388867371}},{"type":"Feature","id":1400,"geometry":{"type":"Polygon","coordinates":[[[-82.4595830127277,9.274583501825873],[-82.4595830127277,9.282916835125889],[-82.46791634602766,9.282916835125889],[-82.46791634602766,9.274583501825873],[-82.4595830127277,9.274583501825873]]]},"properties":{"OBJECTID":1400,"Id":1400,"gridcode":40,"Shape_Length":0.03333333320006204,"Shape_Area":0.0000694444438891474}},{"type":"Feature","id":1401,"geometry":{"type":"Polygon","coordinates":[[[-82.45124967942775,9.274583501825873],[-82.45124967942775,9.282916835125889],[-82.4595830127277,9.282916835125889],[-82.4595830127277,9.274583501825873],[-82.45124967942775,9.274583501825873]]]},"properties":{"OBJECTID":1401,"Id":1401,"gridcode":45,"Shape_Length":0.033333333199948356,"Shape_Area":0.00006944444388867371}},{"type":"Feature","id":1402,"geometry":{"type":"Polygon","coordinates":[[[-82.44291634612773,9.274583501825873],[-82.44291634612773,9.282916835125889],[-82.45124967942775,9.282916835125889],[-82.45124967942775,9.274583501825873],[-82.44291634612773,9.274583501825873]]]},"properties":{"OBJECTID":1402,"Id":1402,"gridcode":50,"Shape_Length":0.03333333320006204,"Shape_Area":0.0000694444438891474}},{"type":"Feature","id":1403,"geometry":{"type":"Polygon","coordinates":[[[-82.43458301282777,9.274583501825873],[-82.43458301282777,9.282916835125889],[-82.44291634612773,9.282916835125889],[-82.44291634612773,9.274583501825873],[-82.43458301282777,9.274583501825873]]]},"properties":{"OBJECTID":1403,"Id":1403,"gridcode":46,"Shape_Length":0.033333333199948356,"Shape_Area":0.00006944444388867371}},{"type":"Feature","id":1404,"geometry":{"type":"Polygon","coordinates":[[[-82.42624967952776,9.274583501825873],[-82.42624967952776,9.282916835125889],[-82.43458301282777,9.282916835125889],[-82.43458301282777,9.274583501825873],[-82.42624967952776,9.274583501825873]]]},"properties":{"OBJECTID":1404,"Id":1404,"gridcode":47,"Shape_Length":0.03333333320006204,"Shape_Area":0.0000694444438891474}},{"type":"Feature","id":1405,"geometry":{"type":"Polygon","coordinates":[[[-82.41791634622768,9.274583501825873],[-82.41791634622768,9.282916835125889],[-82.42624967952776,9.282916835125889],[-82.42624967952776,9.274583501825873],[-82.41791634622768,9.274583501825873]]]},"properties":{"OBJECTID":1405,"Id":1405,"gridcode":56,"Shape_Length":0.03333333320017573,"Shape_Area":0.0000694444438896211}},{"type":"Feature","id":1406,"geometry":{"type":"Polygon","coordinates":[[[-82.40958301292767,9.274583501825873],[-82.40958301292767,9.282916835125889],[-82.41791634622768,9.282916835125889],[-82.41791634622768,9.274583501825873],[-82.40958301292767,9.274583501825873]]]},"properties":{"OBJECTID":1406,"Id":1406,"gridcode":123,"Shape_Length":0.033333333199948356,"Shape_Area":0.00006944444388867371}},{"type":"Feature","id":1407,"geometry":{"type":"Polygon","coordinates":[[[-82.40124967962771,9.274583501825873],[-82.40124967962771,9.282916835125889],[-82.40958301292767,9.282916835125889],[-82.40958301292767,9.274583501825873],[-82.40124967962771,9.274583501825873]]]},"properties":{"OBJECTID":1407,"Id":1407,"gridcode":143,"Shape_Length":0.03333333320006204,"Shape_Area":0.0000694444438891474}},{"type":"Feature","id":1408,"geometry":{"type":"Polygon","coordinates":[[[-82.39291634632775,9.274583501825873],[-82.39291634632775,9.282916835125889],[-82.40124967962771,9.282916835125889],[-82.40124967962771,9.274583501825873],[-82.39291634632775,9.274583501825873]]]},"properties":{"OBJECTID":1408,"Id":1408,"gridcode":172,"Shape_Length":0.033333333199948356,"Shape_Area":0.00006944444388867371}},{"type":"Feature","id":1409,"geometry":{"type":"Polygon","coordinates":[[[-82.37624967972772,9.274583501825873],[-82.37624967972772,9.282916835125889],[-82.38458301302774,9.282916835125889],[-82.38458301302774,9.274583501825873],[-82.37624967972772,9.274583501825873]]]},"properties":{"OBJECTID":1409,"Id":1409,"gridcode":77,"Shape_Length":0.03333333320006204,"Shape_Area":0.0000694444438891474}},{"type":"Feature","id":1410,"geometry":{"type":"Polygon","coordinates":[[[-82.36791634642776,9.274583501825873],[-82.36791634642776,9.282916835125889],[-82.37624967972772,9.282916835125889],[-82.37624967972772,9.274583501825873],[-82.36791634642776,9.274583501825873]]]},"properties":{"OBJECTID":1410,"Id":1410,"gridcode":72,"Shape_Length":0.033333333199948356,"Shape_Area":0.00006944444388867371}},{"type":"Feature","id":1411,"geometry":{"type":"Polygon","coordinates":[[[-82.35958301312769,9.274583501825873],[-82.35958301312769,9.282916835125889],[-82.36791634642776,9.282916835125889],[-82.36791634642776,9.274583501825873],[-82.35958301312769,9.274583501825873]]]},"properties":{"OBJECTID":1411,"Id":1411,"gridcode":65,"Shape_Length":0.03333333320017573,"Shape_Area":0.0000694444438896211}},{"type":"Feature","id":1412,"geometry":{"type":"Polygon","coordinates":[[[-82.35124967982767,9.274583501825873],[-82.35124967982767,9.282916835125889],[-82.35958301312769,9.282916835125889],[-82.35958301312769,9.274583501825873],[-82.35124967982767,9.274583501825873]]]},"properties":{"OBJECTID":1412,"Id":1412,"gridcode":60,"Shape_Length":0.03333333320006204,"Shape_Area":0.0000694444438891474}},{"type":"Feature","id":1413,"geometry":{"type":"Polygon","coordinates":[[[-82.29291634672768,9.274583501825873],[-82.29291634672768,9.282916835125889],[-82.30124968002764,9.282916835125889],[-82.30124968002764,9.274583501825873],[-82.29291634672768,9.274583501825873]]]},"properties":{"OBJECTID":1413,"Id":1413,"gridcode":36,"Shape_Length":0.03333333320006204,"Shape_Area":0.0000694444438891474}},{"type":"Feature","id":1414,"geometry":{"type":"Polygon","coordinates":[[[-82.28458301342772,9.274583501825873],[-82.28458301342772,9.282916835125889],[-82.29291634672768,9.282916835125889],[-82.29291634672768,9.274583501825873],[-82.28458301342772,9.274583501825873]]]},"properties":{"OBJECTID":1414,"Id":1414,"gridcode":39,"Shape_Length":0.033333333199948356,"Shape_Area":0.00006944444388867371}},{"type":"Feature","id":1415,"geometry":{"type":"Polygon","coordinates":[[[-82.29291634672768,9.299583501725976],[-82.29291634672768,9.282916835125889],[-82.28458301342772,9.282916835125889],[-82.28458301342772,9.299583501725976],[-82.29291634672768,9.299583501725976]]]},"properties":{"OBJECTID":1415,"Id":1415,"gridcode":42,"Shape_Length":0.049999999800093065,"Shape_Area":0.0001388888877778211}},{"type":"Feature","id":1416,"geometry":{"type":"Polygon","coordinates":[[[-82.2762496801277,9.274583501825873],[-82.2762496801277,9.282916835125889],[-82.28458301342772,9.282916835125889],[-82.28458301342772,9.274583501825873],[-82.2762496801277,9.274583501825873]]]},"properties":{"OBJECTID":1416,"Id":1416,"gridcode":40,"Shape_Length":0.03333333320006204,"Shape_Area":0.0000694444438891474}},{"type":"Feature","id":1417,"geometry":{"type":"Polygon","coordinates":[[[-82.26791634682775,9.274583501825873],[-82.26791634682775,9.282916835125889],[-82.2762496801277,9.282916835125889],[-82.2762496801277,9.274583501825873],[-82.26791634682775,9.274583501825873]]]},"properties":{"OBJECTID":1417,"Id":1417,"gridcode":39,"Shape_Length":0.033333333199948356,"Shape_Area":0.00006944444388867371}},{"type":"Feature","id":1418,"geometry":{"type":"Polygon","coordinates":[[[-82.25958301352773,9.274583501825873],[-82.25958301352773,9.282916835125889],[-82.26791634682775,9.282916835125889],[-82.26791634682775,9.274583501825873],[-82.25958301352773,9.274583501825873]]]},"properties":{"OBJECTID":1418,"Id":1418,"gridcode":41,"Shape_Length":0.03333333320006204,"Shape_Area":0.0000694444438891474}},{"type":"Feature","id":1419,"geometry":{"type":"Polygon","coordinates":[[[-82.24291634692764,9.274583501825873],[-82.24291634692764,9.282916835125889],[-82.25124968022766,9.282916835125889],[-82.25124968022766,9.274583501825873],[-82.24291634692764,9.274583501825873]]]},"properties":{"OBJECTID":1419,"Id":1419,"gridcode":44,"Shape_Length":0.033333333199948356,"Shape_Area":0.00006944444388867371}},{"type":"Feature","id":1420,"geometry":{"type":"Polygon","coordinates":[[[-82.20124968042774,9.282916835125889],[-82.18458301382776,9.282916835125889],[-82.18458301382776,9.291250168425904],[-82.20124968042774,9.291250168425904],[-82.20124968042774,9.282916835125889]]]},"properties":{"OBJECTID":1420,"Id":1420,"gridcode":31,"Shape_Length":0.04999999979997938,"Shape_Area":0.0001388888877778211}},{"type":"Feature","id":1421,"geometry":{"type":"Polygon","coordinates":[[[-82.18458301382776,9.299583501725976],[-82.18458301382776,9.282916835125889],[-82.17624968052769,9.282916835125889],[-82.17624968052769,9.316250168325837],[-82.18458301382776,9.316250168325837],[-82.18458301382776,9.307916835025992],[-82.19291634712766,9.307916835025992],[-82.19291634712766,9.316250168325837],[-82.20124968042774,9.316250168325837],[-82.20124968042774,9.291250168425904],[-82.19291634712766,9.291250168425904],[-82.19291634712766,9.299583501725976],[-82.18458301382776,9.299583501725976]]]},"properties":{"OBJECTID":1421,"Id":1421,"gridcode":30,"Shape_Length":0.14999999939982445,"Shape_Area":0.0005555555511136529}},{"type":"Feature","id":1422,"geometry":{"type":"Polygon","coordinates":[[[-82.16791634722773,9.274583501825873],[-82.16791634722773,9.282916835125889],[-82.17624968052769,9.282916835125889],[-82.17624968052769,9.274583501825873],[-82.16791634722773,9.274583501825873]]]},"properties":{"OBJECTID":1422,"Id":1422,"gridcode":31,"Shape_Length":0.033333333199948356,"Shape_Area":0.00006944444388867371}},{"type":"Feature","id":1423,"geometry":{"type":"Polygon","coordinates":[[[-82.15958301392772,9.274583501825873],[-82.15958301392772,9.282916835125889],[-82.16791634722773,9.282916835125889],[-82.16791634722773,9.274583501825873],[-82.15958301392772,9.274583501825873]]]},"properties":{"OBJECTID":1423,"Id":1423,"gridcode":30,"Shape_Length":0.03333333320006204,"Shape_Area":0.0000694444438891474}},{"type":"Feature","id":1424,"geometry":{"type":"Polygon","coordinates":[[[-82.1179163474277,9.274583501825873],[-82.1179163474277,9.282916835125889],[-82.12624968072777,9.282916835125889],[-82.12624968072777,9.274583501825873],[-82.1179163474277,9.274583501825873]]]},"properties":{"OBJECTID":1424,"Id":1424,"gridcode":34,"Shape_Length":0.03333333320017573,"Shape_Area":0.0000694444438896211}},{"type":"Feature","id":1425,"geometry":{"type":"Polygon","coordinates":[[[-82.12624968072777,9.299583501725976],[-82.12624968072777,9.282916835125889],[-82.1179163474277,9.282916835125889],[-82.1179163474277,9.299583501725976],[-82.12624968072777,9.299583501725976]]]},"properties":{"OBJECTID":1425,"Id":1425,"gridcode":36,"Shape_Length":0.04999999980032044,"Shape_Area":0.0001388888877797159}},{"type":"Feature","id":1426,"geometry":{"type":"Polygon","coordinates":[[[-82.1179163474277,9.299583501725976],[-82.1179163474277,9.282916835125889],[-82.10958301412768,9.282916835125889],[-82.10958301412768,9.299583501725976],[-82.1179163474277,9.299583501725976]]]},"properties":{"OBJECTID":1426,"Id":1426,"gridcode":37,"Shape_Length":0.04999999980020675,"Shape_Area":0.0001388888877787685}},{"type":"Feature","id":1427,"geometry":{"type":"Polygon","coordinates":[[[-82.09291634752776,9.282916835125889],[-82.07624968092762,9.282916835125889],[-82.07624968092762,9.299583501725976],[-82.09291634752776,9.299583501725976],[-82.09291634752776,9.282916835125889]]]},"properties":{"OBJECTID":1427,"Id":1427,"gridcode":30,"Shape_Length":0.06666666640035146,"Shape_Area":0.0002777777755584844}},{"type":"Feature","id":1428,"geometry":{"type":"Polygon","coordinates":[[[-82.8845830110277,9.2662501685258],[-82.8845830110277,9.274583501825873],[-82.89291634432777,9.274583501825873],[-82.89291634432777,9.2662501685258],[-82.8845830110277,9.2662501685258]]]},"properties":{"OBJECTID":1428,"Id":1428,"gridcode":6,"Shape_Length":0.03333333320028942,"Shape_Area":0.00006944444389009479}},{"type":"Feature","id":1429,"geometry":{"type":"Polygon","coordinates":[[[-82.8845830110277,9.291250168425904],[-82.8845830110277,9.274583501825873],[-82.87624967772769,9.274583501825873],[-82.87624967772769,9.291250168425904],[-82.8845830110277,9.291250168425904]]]},"properties":{"OBJECTID":1429,"Id":1429,"gridcode":4,"Shape_Length":0.049999999800093065,"Shape_Area":0.0001388888877782948}},{"type":"Feature","id":1430,"geometry":{"type":"Polygon","coordinates":[[[-82.60124967882763,9.2662501685258],[-82.60124967882763,9.274583501825873],[-82.60958301212776,9.274583501825873],[-82.60958301212776,9.2662501685258],[-82.60124967882763,9.2662501685258]]]},"properties":{"OBJECTID":1430,"Id":1430,"gridcode":6,"Shape_Length":0.03333333320028942,"Shape_Area":0.00006944444389009479}},{"type":"Feature","id":1431,"geometry":{"type":"Polygon","coordinates":[[[-82.58458301222771,9.2662501685258],[-82.58458301222771,9.274583501825873],[-82.59291634552778,9.274583501825873],[-82.59291634552778,9.2662501685258],[-82.58458301222771,9.2662501685258]]]},"properties":{"OBJECTID":1431,"Id":1431,"gridcode":17,"Shape_Length":0.03333333320028942,"Shape_Area":0.00006944444389009479}},{"type":"Feature","id":1432,"geometry":{"type":"Polygon","coordinates":[[[-82.5762496789277,9.2662501685258],[-82.5762496789277,9.274583501825873],[-82.58458301222771,9.274583501825873],[-82.58458301222771,9.2662501685258],[-82.5762496789277,9.2662501685258]]]},"properties":{"OBJECTID":1432,"Id":1432,"gridcode":20,"Shape_Length":0.03333333320017573,"Shape_Area":0.0000694444438896211}},{"type":"Feature","id":1433,"geometry":{"type":"Polygon","coordinates":[[[-82.56791634562774,9.2662501685258],[-82.56791634562774,9.274583501825873],[-82.5762496789277,9.274583501825873],[-82.5762496789277,9.2662501685258],[-82.56791634562774,9.2662501685258]]]},"properties":{"OBJECTID":1433,"Id":1433,"gridcode":22,"Shape_Length":0.03333333320006204,"Shape_Area":0.0000694444438891474}},{"type":"Feature","id":1434,"geometry":{"type":"Polygon","coordinates":[[[-82.53458301242779,9.2662501685258],[-82.53458301242779,9.274583501825873],[-82.54291634572775,9.274583501825873],[-82.54291634572775,9.2662501685258],[-82.53458301242779,9.2662501685258]]]},"properties":{"OBJECTID":1434,"Id":1434,"gridcode":32,"Shape_Length":0.03333333320006204,"Shape_Area":0.0000694444438891474}},{"type":"Feature","id":1435,"geometry":{"type":"Polygon","coordinates":[[[-82.54291634572775,9.291250168425904],[-82.54291634572775,9.274583501825873],[-82.53458301242779,9.274583501825873],[-82.53458301242779,9.291250168425904],[-82.54291634572775,9.291250168425904]]]},"properties":{"OBJECTID":1435,"Id":1435,"gridcode":35,"Shape_Length":0.04999999979997938,"Shape_Area":0.00013888888777734742}},{"type":"Feature","id":1436,"geometry":{"type":"Polygon","coordinates":[[[-82.52624967912772,9.2662501685258],[-82.52624967912772,9.274583501825873],[-82.53458301242779,9.274583501825873],[-82.53458301242779,9.2662501685258],[-82.52624967912772,9.2662501685258]]]},"properties":{"OBJECTID":1436,"Id":1436,"gridcode":40,"Shape_Length":0.03333333320028942,"Shape_Area":0.00006944444389009479}},{"type":"Feature","id":1437,"geometry":{"type":"Polygon","coordinates":[[[-82.5179163458277,9.2662501685258],[-82.5179163458277,9.274583501825873],[-82.52624967912772,9.274583501825873],[-82.52624967912772,9.2662501685258],[-82.5179163458277,9.2662501685258]]]},"properties":{"OBJECTID":1437,"Id":1437,"gridcode":41,"Shape_Length":0.03333333320017573,"Shape_Area":0.0000694444438896211}},{"type":"Feature","id":1438,"geometry":{"type":"Polygon","coordinates":[[[-82.50958301252774,9.2662501685258],[-82.50958301252774,9.274583501825873],[-82.5179163458277,9.274583501825873],[-82.5179163458277,9.2662501685258],[-82.50958301252774,9.2662501685258]]]},"properties":{"OBJECTID":1438,"Id":1438,"gridcode":27,"Shape_Length":0.03333333320006204,"Shape_Area":0.0000694444438891474}},{"type":"Feature","id":1439,"geometry":{"type":"Polygon","coordinates":[[[-82.50124967922773,9.2662501685258],[-82.50124967922773,9.274583501825873],[-82.50958301252774,9.274583501825873],[-82.50958301252774,9.2662501685258],[-82.50124967922773,9.2662501685258]]]},"properties":{"OBJECTID":1439,"Id":1439,"gridcode":18,"Shape_Length":0.03333333320017573,"Shape_Area":0.0000694444438896211}},{"type":"Feature","id":1440,"geometry":{"type":"Polygon","coordinates":[[[-82.48458301262775,9.2662501685258],[-82.48458301262775,9.274583501825873],[-82.49291634592777,9.274583501825873],[-82.49291634592777,9.2662501685258],[-82.48458301262775,9.2662501685258]]]},"properties":{"OBJECTID":1440,"Id":1440,"gridcode":17,"Shape_Length":0.03333333320017573,"Shape_Area":0.0000694444438896211}},{"type":"Feature","id":1441,"geometry":{"type":"Polygon","coordinates":[[[-82.47624967932768,9.2662501685258],[-82.47624967932768,9.274583501825873],[-82.48458301262775,9.274583501825873],[-82.48458301262775,9.2662501685258],[-82.47624967932768,9.2662501685258]]]},"properties":{"OBJECTID":1441,"Id":1441,"gridcode":16,"Shape_Length":0.03333333320028942,"Shape_Area":0.00006944444389009479}},{"type":"Feature","id":1442,"geometry":{"type":"Polygon","coordinates":[[[-82.46791634602766,9.2662501685258],[-82.46791634602766,9.274583501825873],[-82.47624967932768,9.274583501825873],[-82.47624967932768,9.2662501685258],[-82.46791634602766,9.2662501685258]]]},"properties":{"OBJECTID":1442,"Id":1442,"gridcode":17,"Shape_Length":0.03333333320006204,"Shape_Area":0.0000694444438891474}},{"type":"Feature","id":1443,"geometry":{"type":"Polygon","coordinates":[[[-82.4595830127277,9.2662501685258],[-82.4595830127277,9.274583501825873],[-82.46791634602766,9.274583501825873],[-82.46791634602766,9.2662501685258],[-82.4595830127277,9.2662501685258]]]},"properties":{"OBJECTID":1443,"Id":1443,"gridcode":21,"Shape_Length":0.03333333320017573,"Shape_Area":0.0000694444438896211}},{"type":"Feature","id":1444,"geometry":{"type":"Polygon","coordinates":[[[-82.44291634612773,9.2662501685258],[-82.44291634612773,9.274583501825873],[-82.45124967942775,9.274583501825873],[-82.45124967942775,9.2662501685258],[-82.44291634612773,9.2662501685258]]]},"properties":{"OBJECTID":1444,"Id":1444,"gridcode":25,"Shape_Length":0.03333333320017573,"Shape_Area":0.0000694444438896211}},{"type":"Feature","id":1445,"geometry":{"type":"Polygon","coordinates":[[[-82.43458301282777,9.2662501685258],[-82.43458301282777,9.274583501825873],[-82.44291634612773,9.274583501825873],[-82.44291634612773,9.2662501685258],[-82.43458301282777,9.2662501685258]]]},"properties":{"OBJECTID":1445,"Id":1445,"gridcode":41,"Shape_Length":0.03333333320006204,"Shape_Area":0.0000694444438891474}},{"type":"Feature","id":1446,"geometry":{"type":"Polygon","coordinates":[[[-82.42624967952776,9.2662501685258],[-82.42624967952776,9.274583501825873],[-82.43458301282777,9.274583501825873],[-82.43458301282777,9.2662501685258],[-82.42624967952776,9.2662501685258]]]},"properties":{"OBJECTID":1446,"Id":1446,"gridcode":44,"Shape_Length":0.03333333320017573,"Shape_Area":0.0000694444438896211}},{"type":"Feature","id":1447,"geometry":{"type":"Polygon","coordinates":[[[-82.41791634622768,9.2662501685258],[-82.41791634622768,9.274583501825873],[-82.42624967952776,9.274583501825873],[-82.42624967952776,9.2662501685258],[-82.41791634622768,9.2662501685258]]]},"properties":{"OBJECTID":1447,"Id":1447,"gridcode":48,"Shape_Length":0.03333333320028942,"Shape_Area":0.00006944444389009479}},{"type":"Feature","id":1448,"geometry":{"type":"Polygon","coordinates":[[[-82.40958301292767,9.2662501685258],[-82.40958301292767,9.274583501825873],[-82.41791634622768,9.274583501825873],[-82.41791634622768,9.2662501685258],[-82.40958301292767,9.2662501685258]]]},"properties":{"OBJECTID":1448,"Id":1448,"gridcode":60,"Shape_Length":0.03333333320006204,"Shape_Area":0.0000694444438891474}},{"type":"Feature","id":1449,"geometry":{"type":"Polygon","coordinates":[[[-82.40124967962771,9.2662501685258],[-82.40124967962771,9.274583501825873],[-82.40958301292767,9.274583501825873],[-82.40958301292767,9.2662501685258],[-82.40124967962771,9.2662501685258]]]},"properties":{"OBJECTID":1449,"Id":1449,"gridcode":55,"Shape_Length":0.03333333320017573,"Shape_Area":0.0000694444438896211}},{"type":"Feature","id":1450,"geometry":{"type":"Polygon","coordinates":[[[-82.39291634632775,9.2662501685258],[-82.39291634632775,9.274583501825873],[-82.40124967962771,9.274583501825873],[-82.40124967962771,9.2662501685258],[-82.39291634632775,9.2662501685258]]]},"properties":{"OBJECTID":1450,"Id":1450,"gridcode":63,"Shape_Length":0.03333333320006204,"Shape_Area":0.0000694444438891474}},{"type":"Feature","id":1451,"geometry":{"type":"Polygon","coordinates":[[[-82.38458301302774,9.2662501685258],[-82.38458301302774,9.274583501825873],[-82.39291634632775,9.274583501825873],[-82.39291634632775,9.2662501685258],[-82.38458301302774,9.2662501685258]]]},"properties":{"OBJECTID":1451,"Id":1451,"gridcode":59,"Shape_Length":0.03333333320017573,"Shape_Area":0.0000694444438896211}},{"type":"Feature","id":1452,"geometry":{"type":"Polygon","coordinates":[[[-82.36791634642776,9.2662501685258],[-82.36791634642776,9.274583501825873],[-82.37624967972772,9.274583501825873],[-82.37624967972772,9.2662501685258],[-82.36791634642776,9.2662501685258]]]},"properties":{"OBJECTID":1452,"Id":1452,"gridcode":48,"Shape_Length":0.03333333320006204,"Shape_Area":0.0000694444438891474}},{"type":"Feature","id":1453,"geometry":{"type":"Polygon","coordinates":[[[-82.35124967982767,9.2662501685258],[-82.35124967982767,9.274583501825873],[-82.35958301312769,9.274583501825873],[-82.35958301312769,9.2662501685258],[-82.35124967982767,9.2662501685258]]]},"properties":{"OBJECTID":1453,"Id":1453,"gridcode":36,"Shape_Length":0.03333333320017573,"Shape_Area":0.0000694444438896211}},{"type":"Feature","id":1454,"geometry":{"type":"Polygon","coordinates":[[[-82.25124968022766,9.2662501685258],[-82.25124968022766,9.274583501825873],[-82.25958301352773,9.274583501825873],[-82.25958301352773,9.2662501685258],[-82.25124968022766,9.2662501685258]]]},"properties":{"OBJECTID":1454,"Id":1454,"gridcode":39,"Shape_Length":0.03333333320028942,"Shape_Area":0.00006944444389009479}},{"type":"Feature","id":1455,"geometry":{"type":"Polygon","coordinates":[[[-82.25958301352773,9.291250168425904],[-82.25958301352773,9.274583501825873],[-82.25124968022766,9.274583501825873],[-82.25124968022766,9.291250168425904],[-82.25958301352773,9.291250168425904]]]},"properties":{"OBJECTID":1455,"Id":1455,"gridcode":45,"Shape_Length":0.04999999980020675,"Shape_Area":0.0001388888877792422}},{"type":"Feature","id":1456,"geometry":{"type":"Polygon","coordinates":[[[-82.24291634692764,9.2662501685258],[-82.24291634692764,9.274583501825873],[-82.25124968022766,9.274583501825873],[-82.25124968022766,9.2662501685258],[-82.24291634692764,9.2662501685258]]]},"properties":{"OBJECTID":1456,"Id":1456,"gridcode":42,"Shape_Length":0.03333333320006204,"Shape_Area":0.0000694444438891474}},{"type":"Feature","id":1457,"geometry":{"type":"Polygon","coordinates":[[[-82.17624968052769,9.2662501685258],[-82.17624968052769,9.274583501825873],[-82.18458301382776,9.274583501825873],[-82.18458301382776,9.2662501685258],[-82.17624968052769,9.2662501685258]]]},"properties":{"OBJECTID":1457,"Id":1457,"gridcode":28,"Shape_Length":0.03333333320028942,"Shape_Area":0.00006944444389009479}},{"type":"Feature","id":1458,"geometry":{"type":"Polygon","coordinates":[[[-82.14291634732774,9.2662501685258],[-82.14291634732774,9.274583501825873],[-82.15124968062776,9.274583501825873],[-82.15124968062776,9.2662501685258],[-82.14291634732774,9.2662501685258]]]},"properties":{"OBJECTID":1458,"Id":1458,"gridcode":32,"Shape_Length":0.03333333320017573,"Shape_Area":0.0000694444438896211}},{"type":"Feature","id":1459,"geometry":{"type":"Polygon","coordinates":[[[-82.12624968072777,9.2662501685258],[-82.12624968072777,9.274583501825873],[-82.13458301402761,9.274583501825873],[-82.13458301402761,9.2662501685258],[-82.12624968072777,9.2662501685258]]]},"properties":{"OBJECTID":1459,"Id":1459,"gridcode":32,"Shape_Length":0.033333333199948356,"Shape_Area":0.00006944444388867371}},{"type":"Feature","id":1460,"geometry":{"type":"Polygon","coordinates":[[[-82.13458301402761,9.291250168425904],[-82.13458301402761,9.274583501825873],[-82.12624968072777,9.274583501825873],[-82.12624968072777,9.291250168425904],[-82.13458301402761,9.291250168425904]]]},"properties":{"OBJECTID":1460,"Id":1460,"gridcode":33,"Shape_Length":0.04999999979986569,"Shape_Area":0.00013888888777640002}},{"type":"Feature","id":1461,"geometry":{"type":"Polygon","coordinates":[[[-82.05124968102768,9.2662501685258],[-82.05124968102768,9.274583501825873],[-82.0595830143277,9.274583501825873],[-82.0595830143277,9.2662501685258],[-82.05124968102768,9.2662501685258]]]},"properties":{"OBJECTID":1461,"Id":1461,"gridcode":20,"Shape_Length":0.03333333320017573,"Shape_Area":0.0000694444438896211}},{"type":"Feature","id":1462,"geometry":{"type":"Polygon","coordinates":[[[-82.90958301092775,9.274583501825873],[-82.90958301092775,9.2662501685258],[-82.90124967762779,9.2662501685258],[-82.90124967762779,9.282916835125889],[-82.92624967752772,9.282916835125889],[-82.92624967752772,9.291250168425904],[-82.93458301082768,9.291250168425904],[-82.93458301082768,9.274583501825873],[-82.90958301092775,9.274583501825873]]]},"properties":{"OBJECTID":1462,"Id":1462,"gridcode":6,"Shape_Length":0.11666666619998978,"Shape_Area":0.0004166666633329896}},{"type":"Feature","id":1463,"geometry":{"type":"Polygon","coordinates":[[[-82.90124967762779,9.282916835125889],[-82.90124967762779,9.2662501685258],[-82.89291634432777,9.2662501685258],[-82.89291634432777,9.274583501825873],[-82.8845830110277,9.274583501825873],[-82.8845830110277,9.291250168425904],[-82.87624967772769,9.291250168425904],[-82.87624967772769,9.299583501725976],[-82.86791634442773,9.299583501725976],[-82.86791634442773,9.307916835025992],[-82.85958301112777,9.307916835025992],[-82.85958301112777,9.32458350162591],[-82.85124967782775,9.32458350162591],[-82.85124967782775,9.332916834925925],[-82.84291634452774,9.332916834925925],[-82.84291634452774,9.341250168225997],[-82.83458301122778,9.341250168225997],[-82.83458301122778,9.349583501525842],[-82.85958301112777,9.349583501525842],[-82.85958301112777,9.341250168225997],[-82.8845830110277,9.341250168225997],[-82.8845830110277,9.332916834925925],[-82.87624967772769,9.332916834925925],[-82.87624967772769,9.32458350162591],[-82.90124967762779,9.32458350162591],[-82.90124967762779,9.332916834925925],[-82.92624967752772,9.332916834925925],[-82.92624967752772,9.32458350162591],[-82.93458301082768,9.32458350162591],[-82.93458301082768,9.291250168425904],[-82.92624967752772,9.291250168425904],[-82.92624967752772,9.282916835125889],[-82.90124967762779,9.282916835125889]]]},"properties":{"OBJECTID":1463,"Id":1463,"gridcode":7,"Shape_Length":0.3999999983999487,"Shape_Area":0.0038194444138870015}},{"type":"Feature","id":1464,"geometry":{"type":"Polygon","coordinates":[[[-82.60124967882763,9.257916835225956],[-82.60124967882763,9.2662501685258],[-82.60958301212776,9.2662501685258],[-82.60958301212776,9.257916835225956],[-82.60124967882763,9.257916835225956]]]},"properties":{"OBJECTID":1464,"Id":1464,"gridcode":4,"Shape_Length":0.03333333319983467,"Shape_Area":0.00006944444388820001}},{"type":"Feature","id":1465,"geometry":{"type":"Polygon","coordinates":[[[-82.58458301222771,9.257916835225956],[-82.58458301222771,9.2662501685258],[-82.59291634552778,9.2662501685258],[-82.59291634552778,9.257916835225956],[-82.58458301222771,9.257916835225956]]]},"properties":{"OBJECTID":1465,"Id":1465,"gridcode":16,"Shape_Length":0.03333333319983467,"Shape_Area":0.00006944444388820001}},{"type":"Feature","id":1466,"geometry":{"type":"Polygon","coordinates":[[[-82.5762496789277,9.257916835225956],[-82.5762496789277,9.2662501685258],[-82.58458301222771,9.2662501685258],[-82.58458301222771,9.257916835225956],[-82.5762496789277,9.257916835225956]]]},"properties":{"OBJECTID":1466,"Id":1466,"gridcode":18,"Shape_Length":0.03333333319972098,"Shape_Area":0.00006944444388772632}},{"type":"Feature","id":1467,"geometry":{"type":"Polygon","coordinates":[[[-82.56791634562774,9.257916835225956],[-82.56791634562774,9.2662501685258],[-82.5762496789277,9.2662501685258],[-82.5762496789277,9.257916835225956],[-82.56791634562774,9.257916835225956]]]},"properties":{"OBJECTID":1467,"Id":1467,"gridcode":20,"Shape_Length":0.033333333199607296,"Shape_Area":0.00006944444388725262}},{"type":"Feature","id":1468,"geometry":{"type":"Polygon","coordinates":[[[-82.56791634562774,9.2662501685258],[-82.55124967902776,9.2662501685258],[-82.55124967902776,9.274583501825873],[-82.56791634562774,9.274583501825873],[-82.56791634562774,9.2662501685258]]]},"properties":{"OBJECTID":1468,"Id":1468,"gridcode":23,"Shape_Length":0.049999999800093065,"Shape_Area":0.0001388888877787685}},{"type":"Feature","id":1469,"geometry":{"type":"Polygon","coordinates":[[[-82.52624967912772,9.257916835225956],[-82.52624967912772,9.2662501685258],[-82.53458301242779,9.2662501685258],[-82.53458301242779,9.257916835225956],[-82.52624967912772,9.257916835225956]]]},"properties":{"OBJECTID":1469,"Id":1469,"gridcode":38,"Shape_Length":0.03333333319983467,"Shape_Area":0.00006944444388820001}},{"type":"Feature","id":1470,"geometry":{"type":"Polygon","coordinates":[[[-82.50958301252774,9.257916835225956],[-82.50958301252774,9.2662501685258],[-82.5179163458277,9.2662501685258],[-82.5179163458277,9.257916835225956],[-82.50958301252774,9.257916835225956]]]},"properties":{"OBJECTID":1470,"Id":1470,"gridcode":14,"Shape_Length":0.033333333199607296,"Shape_Area":0.00006944444388725262}},{"type":"Feature","id":1471,"geometry":{"type":"Polygon","coordinates":[[[-82.50124967922773,9.257916835225956],[-82.50124967922773,9.2662501685258],[-82.50958301252774,9.2662501685258],[-82.50958301252774,9.257916835225956],[-82.50124967922773,9.257916835225956]]]},"properties":{"OBJECTID":1471,"Id":1471,"gridcode":15,"Shape_Length":0.03333333319972098,"Shape_Area":0.00006944444388772632}},{"type":"Feature","id":1472,"geometry":{"type":"Polygon","coordinates":[[[-82.49291634592777,9.257916835225956],[-82.49291634592777,9.2662501685258],[-82.50124967922773,9.2662501685258],[-82.50124967922773,9.257916835225956],[-82.49291634592777,9.257916835225956]]]},"properties":{"OBJECTID":1472,"Id":1472,"gridcode":17,"Shape_Length":0.033333333199607296,"Shape_Area":0.00006944444388725262}},{"type":"Feature","id":1473,"geometry":{"type":"Polygon","coordinates":[[[-82.50124967922773,9.282916835125889],[-82.50124967922773,9.2662501685258],[-82.49291634592777,9.2662501685258],[-82.49291634592777,9.282916835125889],[-82.50124967922773,9.282916835125889]]]},"properties":{"OBJECTID":1473,"Id":1473,"gridcode":15,"Shape_Length":0.049999999800093065,"Shape_Area":0.0001388888877778211}},{"type":"Feature","id":1474,"geometry":{"type":"Polygon","coordinates":[[[-82.46791634602766,9.257916835225956],[-82.46791634602766,9.2662501685258],[-82.47624967932768,9.2662501685258],[-82.47624967932768,9.257916835225956],[-82.46791634602766,9.257916835225956]]]},"properties":{"OBJECTID":1474,"Id":1474,"gridcode":19,"Shape_Length":0.033333333199607296,"Shape_Area":0.00006944444388725262}},{"type":"Feature","id":1475,"geometry":{"type":"Polygon","coordinates":[[[-82.44291634612773,9.257916835225956],[-82.44291634612773,9.2662501685258],[-82.45124967942775,9.2662501685258],[-82.45124967942775,9.257916835225956],[-82.44291634612773,9.257916835225956]]]},"properties":{"OBJECTID":1475,"Id":1475,"gridcode":16,"Shape_Length":0.03333333319972098,"Shape_Area":0.00006944444388772632}},{"type":"Feature","id":1476,"geometry":{"type":"Polygon","coordinates":[[[-82.43458301282777,9.257916835225956],[-82.43458301282777,9.2662501685258],[-82.44291634612773,9.2662501685258],[-82.44291634612773,9.257916835225956],[-82.43458301282777,9.257916835225956]]]},"properties":{"OBJECTID":1476,"Id":1476,"gridcode":18,"Shape_Length":0.033333333199607296,"Shape_Area":0.00006944444388725262}},{"type":"Feature","id":1477,"geometry":{"type":"Polygon","coordinates":[[[-82.42624967952776,9.257916835225956],[-82.42624967952776,9.2662501685258],[-82.43458301282777,9.2662501685258],[-82.43458301282777,9.257916835225956],[-82.42624967952776,9.257916835225956]]]},"properties":{"OBJECTID":1477,"Id":1477,"gridcode":35,"Shape_Length":0.03333333319972098,"Shape_Area":0.00006944444388772632}},{"type":"Feature","id":1478,"geometry":{"type":"Polygon","coordinates":[[[-82.41791634622768,9.257916835225956],[-82.41791634622768,9.2662501685258],[-82.42624967952776,9.2662501685258],[-82.42624967952776,9.257916835225956],[-82.41791634622768,9.257916835225956]]]},"properties":{"OBJECTID":1478,"Id":1478,"gridcode":44,"Shape_Length":0.03333333319983467,"Shape_Area":0.00006944444388820001}},{"type":"Feature","id":1479,"geometry":{"type":"Polygon","coordinates":[[[-82.40958301292767,9.257916835225956],[-82.40958301292767,9.2662501685258],[-82.41791634622768,9.2662501685258],[-82.41791634622768,9.257916835225956],[-82.40958301292767,9.257916835225956]]]},"properties":{"OBJECTID":1479,"Id":1479,"gridcode":50,"Shape_Length":0.033333333199607296,"Shape_Area":0.00006944444388725262}},{"type":"Feature","id":1480,"geometry":{"type":"Polygon","coordinates":[[[-82.40124967962771,9.257916835225956],[-82.40124967962771,9.2662501685258],[-82.40958301292767,9.2662501685258],[-82.40958301292767,9.257916835225956],[-82.40124967962771,9.257916835225956]]]},"properties":{"OBJECTID":1480,"Id":1480,"gridcode":54,"Shape_Length":0.03333333319972098,"Shape_Area":0.00006944444388772632}},{"type":"Feature","id":1481,"geometry":{"type":"Polygon","coordinates":[[[-82.39291634632775,9.257916835225956],[-82.39291634632775,9.2662501685258],[-82.40124967962771,9.2662501685258],[-82.40124967962771,9.257916835225956],[-82.39291634632775,9.257916835225956]]]},"properties":{"OBJECTID":1481,"Id":1481,"gridcode":51,"Shape_Length":0.033333333199607296,"Shape_Area":0.00006944444388725262}},{"type":"Feature","id":1482,"geometry":{"type":"Polygon","coordinates":[[[-82.38458301302774,9.257916835225956],[-82.38458301302774,9.2662501685258],[-82.39291634632775,9.2662501685258],[-82.39291634632775,9.257916835225956],[-82.38458301302774,9.257916835225956]]]},"properties":{"OBJECTID":1482,"Id":1482,"gridcode":43,"Shape_Length":0.03333333319972098,"Shape_Area":0.00006944444388772632}},{"type":"Feature","id":1483,"geometry":{"type":"Polygon","coordinates":[[[-82.29291634672768,9.257916835225956],[-82.29291634672768,9.2662501685258],[-82.30124968002764,9.2662501685258],[-82.30124968002764,9.257916835225956],[-82.29291634672768,9.257916835225956]]]},"properties":{"OBJECTID":1483,"Id":1483,"gridcode":42,"Shape_Length":0.03333333319972098,"Shape_Area":0.00006944444388772632}},{"type":"Feature","id":1484,"geometry":{"type":"Polygon","coordinates":[[[-82.28458301342772,9.257916835225956],[-82.28458301342772,9.2662501685258],[-82.29291634672768,9.2662501685258],[-82.29291634672768,9.257916835225956],[-82.28458301342772,9.257916835225956]]]},"properties":{"OBJECTID":1484,"Id":1484,"gridcode":40,"Shape_Length":0.033333333199607296,"Shape_Area":0.00006944444388725262}},{"type":"Feature","id":1485,"geometry":{"type":"Polygon","coordinates":[[[-82.30124968002764,9.2662501685258],[-82.28458301342772,9.2662501685258],[-82.28458301342772,9.274583501825873],[-82.30124968002764,9.274583501825873],[-82.30124968002764,9.2662501685258]]]},"properties":{"OBJECTID":1485,"Id":1485,"gridcode":37,"Shape_Length":0.049999999800093065,"Shape_Area":0.0001388888877787685}},{"type":"Feature","id":1486,"geometry":{"type":"Polygon","coordinates":[[[-82.2762496801277,9.257916835225956],[-82.2762496801277,9.2662501685258],[-82.28458301342772,9.2662501685258],[-82.28458301342772,9.257916835225956],[-82.2762496801277,9.257916835225956]]]},"properties":{"OBJECTID":1486,"Id":1486,"gridcode":39,"Shape_Length":0.03333333319972098,"Shape_Area":0.00006944444388772632}},{"type":"Feature","id":1487,"geometry":{"type":"Polygon","coordinates":[[[-82.19291634712766,9.257916835225956],[-82.19291634712766,9.2662501685258],[-82.20124968042774,9.2662501685258],[-82.20124968042774,9.257916835225956],[-82.19291634712766,9.257916835225956]]]},"properties":{"OBJECTID":1487,"Id":1487,"gridcode":26,"Shape_Length":0.03333333319983467,"Shape_Area":0.00006944444388820001}},{"type":"Feature","id":1488,"geometry":{"type":"Polygon","coordinates":[[[-82.18458301382776,9.257916835225956],[-82.18458301382776,9.2662501685258],[-82.19291634712766,9.2662501685258],[-82.19291634712766,9.257916835225956],[-82.18458301382776,9.257916835225956]]]},"properties":{"OBJECTID":1488,"Id":1488,"gridcode":27,"Shape_Length":0.03333333319949361,"Shape_Area":0.00006944444388677893}},{"type":"Feature","id":1489,"geometry":{"type":"Polygon","coordinates":[[[-82.16791634722773,9.257916835225956],[-82.16791634722773,9.2662501685258],[-82.17624968052769,9.2662501685258],[-82.17624968052769,9.257916835225956],[-82.16791634722773,9.257916835225956]]]},"properties":{"OBJECTID":1489,"Id":1489,"gridcode":27,"Shape_Length":0.033333333199607296,"Shape_Area":0.00006944444388725262}},{"type":"Feature","id":1490,"geometry":{"type":"Polygon","coordinates":[[[-82.15958301392772,9.257916835225956],[-82.15958301392772,9.2662501685258],[-82.16791634722773,9.2662501685258],[-82.16791634722773,9.257916835225956],[-82.15958301392772,9.257916835225956]]]},"properties":{"OBJECTID":1490,"Id":1490,"gridcode":28,"Shape_Length":0.03333333319972098,"Shape_Area":0.00006944444388772632}},{"type":"Feature","id":1491,"geometry":{"type":"Polygon","coordinates":[[[-82.17624968052769,9.2662501685258],[-82.15958301392772,9.2662501685258],[-82.15958301392772,9.274583501825873],[-82.17624968052769,9.274583501825873],[-82.17624968052769,9.2662501685258]]]},"properties":{"OBJECTID":1491,"Id":1491,"gridcode":29,"Shape_Length":0.049999999800093065,"Shape_Area":0.0001388888877787685}},{"type":"Feature","id":1492,"geometry":{"type":"Polygon","coordinates":[[[-82.15124968062776,9.257916835225956],[-82.15124968062776,9.2662501685258],[-82.15958301392772,9.2662501685258],[-82.15958301392772,9.257916835225956],[-82.15124968062776,9.257916835225956]]]},"properties":{"OBJECTID":1492,"Id":1492,"gridcode":30,"Shape_Length":0.033333333199607296,"Shape_Area":0.00006944444388725262}},{"type":"Feature","id":1493,"geometry":{"type":"Polygon","coordinates":[[[-82.15958301392772,9.291250168425904],[-82.15958301392772,9.2662501685258],[-82.15124968062776,9.2662501685258],[-82.15124968062776,9.291250168425904],[-82.15958301392772,9.291250168425904]]]},"properties":{"OBJECTID":1493,"Id":1493,"gridcode":31,"Shape_Length":0.06666666640012409,"Shape_Area":0.0002083333316664948}},{"type":"Feature","id":1494,"geometry":{"type":"Polygon","coordinates":[[[-82.14291634732774,9.257916835225956],[-82.14291634732774,9.2662501685258],[-82.15124968062776,9.2662501685258],[-82.15124968062776,9.257916835225956],[-82.14291634732774,9.257916835225956]]]},"properties":{"OBJECTID":1494,"Id":1494,"gridcode":31,"Shape_Length":0.03333333319972098,"Shape_Area":0.00006944444388772632}},{"type":"Feature","id":1495,"geometry":{"type":"Polygon","coordinates":[[[-82.14291634732774,9.274583501825873],[-82.14291634732774,9.2662501685258],[-82.13458301402761,9.2662501685258],[-82.13458301402761,9.282916835125889],[-82.15124968062776,9.282916835125889],[-82.15124968062776,9.274583501825873],[-82.14291634732774,9.274583501825873]]]},"properties":{"OBJECTID":1495,"Id":1495,"gridcode":29,"Shape_Length":0.06666666640035146,"Shape_Area":0.0002083333316688633}},{"type":"Feature","id":1496,"geometry":{"type":"Polygon","coordinates":[[[-82.05124968102768,9.257916835225956],[-82.05124968102768,9.2662501685258],[-82.0595830143277,9.2662501685258],[-82.0595830143277,9.257916835225956],[-82.05124968102768,9.257916835225956]]]},"properties":{"OBJECTID":1496,"Id":1496,"gridcode":19,"Shape_Length":0.03333333319972098,"Shape_Area":0.00006944444388772632}},{"type":"Feature","id":1497,"geometry":{"type":"Polygon","coordinates":[[[-82.04291634772773,9.257916835225956],[-82.04291634772773,9.2662501685258],[-82.05124968102768,9.2662501685258],[-82.05124968102768,9.257916835225956],[-82.04291634772773,9.257916835225956]]]},"properties":{"OBJECTID":1497,"Id":1497,"gridcode":18,"Shape_Length":0.033333333199607296,"Shape_Area":0.00006944444388725262}},{"type":"Feature","id":1498,"geometry":{"type":"Polygon","coordinates":[[[-82.59291634552778,9.24958350192594],[-82.59291634552778,9.257916835225956],[-82.60124967882763,9.257916835225956],[-82.60124967882763,9.24958350192594],[-82.59291634552778,9.24958350192594]]]},"properties":{"OBJECTID":1498,"Id":1498,"gridcode":12,"Shape_Length":0.03333333319983467,"Shape_Area":0.00006944444388820001}},{"type":"Feature","id":1499,"geometry":{"type":"Polygon","coordinates":[[[-82.60124967882763,9.274583501825873],[-82.60124967882763,9.257916835225956],[-82.59291634552778,9.257916835225956],[-82.59291634552778,9.274583501825873],[-82.60124967882763,9.274583501825873]]]},"properties":{"OBJECTID":1499,"Id":1499,"gridcode":13,"Shape_Length":0.04999999979963832,"Shape_Area":0.00013888888777545264}},{"type":"Feature","id":1500,"geometry":{"type":"Polygon","coordinates":[[[-82.55958301232772,9.24958350192594],[-82.55958301232772,9.257916835225956],[-82.56791634562774,9.257916835225956],[-82.56791634562774,9.24958350192594],[-82.55958301232772,9.24958350192594]]]},"properties":{"OBJECTID":1500,"Id":1500,"gridcode":20,"Shape_Length":0.03333333320006204,"Shape_Area":0.0000694444438891474}},{"type":"Feature","id":1501,"geometry":{"type":"Polygon","coordinates":[[[-82.55124967902776,9.24958350192594],[-82.55124967902776,9.257916835225956],[-82.55958301232772,9.257916835225956],[-82.55958301232772,9.24958350192594],[-82.55124967902776,9.24958350192594]]]},"properties":{"OBJECTID":1501,"Id":1501,"gridcode":21,"Shape_Length":0.033333333199948356,"Shape_Area":0.00006944444388867371}},{"type":"Feature","id":1502,"geometry":{"type":"Polygon","coordinates":[[[-82.56791634562774,9.257916835225956],[-82.55124967902776,9.257916835225956],[-82.55124967902776,9.2662501685258],[-82.56791634562774,9.2662501685258],[-82.56791634562774,9.257916835225956]]]},"properties":{"OBJECTID":1502,"Id":1502,"gridcode":22,"Shape_Length":0.04999999979963832,"Shape_Area":0.00013888888777497893}},{"type":"Feature","id":1503,"geometry":{"type":"Polygon","coordinates":[[[-82.54291634572775,9.24958350192594],[-82.54291634572775,9.257916835225956],[-82.55124967902776,9.257916835225956],[-82.55124967902776,9.24958350192594],[-82.54291634572775,9.24958350192594]]]},"properties":{"OBJECTID":1503,"Id":1503,"gridcode":27,"Shape_Length":0.03333333320006204,"Shape_Area":0.0000694444438891474}},{"type":"Feature","id":1504,"geometry":{"type":"Polygon","coordinates":[[[-82.55124967902776,9.274583501825873],[-82.55124967902776,9.257916835225956],[-82.54291634572775,9.257916835225956],[-82.54291634572775,9.274583501825873],[-82.55124967902776,9.274583501825873]]]},"properties":{"OBJECTID":1504,"Id":1504,"gridcode":26,"Shape_Length":0.04999999979986569,"Shape_Area":0.00013888888777734742}},{"type":"Feature","id":1505,"geometry":{"type":"Polygon","coordinates":[[[-82.52624967912772,9.24958350192594],[-82.52624967912772,9.257916835225956],[-82.53458301242779,9.257916835225956],[-82.53458301242779,9.24958350192594],[-82.52624967912772,9.24958350192594]]]},"properties":{"OBJECTID":1505,"Id":1505,"gridcode":37,"Shape_Length":0.03333333320017573,"Shape_Area":0.0000694444438896211}},{"type":"Feature","id":1506,"geometry":{"type":"Polygon","coordinates":[[[-82.50958301252774,9.24958350192594],[-82.50958301252774,9.257916835225956],[-82.5179163458277,9.257916835225956],[-82.5179163458277,9.24958350192594],[-82.50958301252774,9.24958350192594]]]},"properties":{"OBJECTID":1506,"Id":1506,"gridcode":17,"Shape_Length":0.033333333199948356,"Shape_Area":0.00006944444388867371}},{"type":"Feature","id":1507,"geometry":{"type":"Polygon","coordinates":[[[-82.48458301262775,9.24958350192594],[-82.48458301262775,9.257916835225956],[-82.49291634592777,9.257916835225956],[-82.49291634592777,9.24958350192594],[-82.48458301262775,9.24958350192594]]]},"properties":{"OBJECTID":1507,"Id":1507,"gridcode":21,"Shape_Length":0.03333333320006204,"Shape_Area":0.0000694444438891474}},{"type":"Feature","id":1508,"geometry":{"type":"Polygon","coordinates":[[[-82.47624967932768,9.24958350192594],[-82.47624967932768,9.257916835225956],[-82.48458301262775,9.257916835225956],[-82.48458301262775,9.24958350192594],[-82.47624967932768,9.24958350192594]]]},"properties":{"OBJECTID":1508,"Id":1508,"gridcode":19,"Shape_Length":0.03333333320017573,"Shape_Area":0.0000694444438896211}},{"type":"Feature","id":1509,"geometry":{"type":"Polygon","coordinates":[[[-82.49291634592777,9.257916835225956],[-82.47624967932768,9.257916835225956],[-82.47624967932768,9.2662501685258],[-82.49291634592777,9.2662501685258],[-82.49291634592777,9.257916835225956]]]},"properties":{"OBJECTID":1509,"Id":1509,"gridcode":18,"Shape_Length":0.04999999979986569,"Shape_Area":0.00013888888777592633}},{"type":"Feature","id":1510,"geometry":{"type":"Polygon","coordinates":[[[-82.4595830127277,9.274583501825873],[-82.4595830127277,9.257916835225956],[-82.45124967942775,9.257916835225956],[-82.45124967942775,9.274583501825873],[-82.4595830127277,9.274583501825873]]]},"properties":{"OBJECTID":1510,"Id":1510,"gridcode":19,"Shape_Length":0.049999999799752004,"Shape_Area":0.00013888888777640002}},{"type":"Feature","id":1511,"geometry":{"type":"Polygon","coordinates":[[[-82.41791634622768,9.24958350192594],[-82.41791634622768,9.257916835225956],[-82.42624967952776,9.257916835225956],[-82.42624967952776,9.24958350192594],[-82.41791634622768,9.24958350192594]]]},"properties":{"OBJECTID":1511,"Id":1511,"gridcode":34,"Shape_Length":0.03333333320017573,"Shape_Area":0.0000694444438896211}},{"type":"Feature","id":1512,"geometry":{"type":"Polygon","coordinates":[[[-82.40958301292767,9.24958350192594],[-82.40958301292767,9.257916835225956],[-82.41791634622768,9.257916835225956],[-82.41791634622768,9.24958350192594],[-82.40958301292767,9.24958350192594]]]},"properties":{"OBJECTID":1512,"Id":1512,"gridcode":52,"Shape_Length":0.033333333199948356,"Shape_Area":0.00006944444388867371}},{"type":"Feature","id":1513,"geometry":{"type":"Polygon","coordinates":[[[-82.40124967962771,9.24958350192594],[-82.40124967962771,9.257916835225956],[-82.40958301292767,9.257916835225956],[-82.40958301292767,9.24958350192594],[-82.40124967962771,9.24958350192594]]]},"properties":{"OBJECTID":1513,"Id":1513,"gridcode":56,"Shape_Length":0.03333333320006204,"Shape_Area":0.0000694444438891474}},{"type":"Feature","id":1514,"geometry":{"type":"Polygon","coordinates":[[[-82.38458301302774,9.24958350192594],[-82.38458301302774,9.257916835225956],[-82.39291634632775,9.257916835225956],[-82.39291634632775,9.24958350192594],[-82.38458301302774,9.24958350192594]]]},"properties":{"OBJECTID":1514,"Id":1514,"gridcode":46,"Shape_Length":0.03333333320006204,"Shape_Area":0.0000694444438891474}},{"type":"Feature","id":1515,"geometry":{"type":"Polygon","coordinates":[[[-82.36791634642776,9.24958350192594],[-82.36791634642776,9.257916835225956],[-82.37624967972772,9.257916835225956],[-82.37624967972772,9.24958350192594],[-82.36791634642776,9.24958350192594]]]},"properties":{"OBJECTID":1515,"Id":1515,"gridcode":39,"Shape_Length":0.033333333199948356,"Shape_Area":0.00006944444388867371}},{"type":"Feature","id":1516,"geometry":{"type":"Polygon","coordinates":[[[-82.35958301312769,9.24958350192594],[-82.35958301312769,9.257916835225956],[-82.36791634642776,9.257916835225956],[-82.36791634642776,9.24958350192594],[-82.35958301312769,9.24958350192594]]]},"properties":{"OBJECTID":1516,"Id":1516,"gridcode":37,"Shape_Length":0.03333333320017573,"Shape_Area":0.0000694444438896211}},{"type":"Feature","id":1517,"geometry":{"type":"Polygon","coordinates":[[[-82.29291634672768,9.24958350192594],[-82.29291634672768,9.257916835225956],[-82.30124968002764,9.257916835225956],[-82.30124968002764,9.24958350192594],[-82.29291634672768,9.24958350192594]]]},"properties":{"OBJECTID":1517,"Id":1517,"gridcode":43,"Shape_Length":0.03333333320006204,"Shape_Area":0.0000694444438891474}},{"type":"Feature","id":1518,"geometry":{"type":"Polygon","coordinates":[[[-82.28458301342772,9.24958350192594],[-82.28458301342772,9.257916835225956],[-82.29291634672768,9.257916835225956],[-82.29291634672768,9.24958350192594],[-82.28458301342772,9.24958350192594]]]},"properties":{"OBJECTID":1518,"Id":1518,"gridcode":41,"Shape_Length":0.033333333199948356,"Shape_Area":0.00006944444388867371}},{"type":"Feature","id":1519,"geometry":{"type":"Polygon","coordinates":[[[-82.2762496801277,9.24958350192594],[-82.2762496801277,9.257916835225956],[-82.28458301342772,9.257916835225956],[-82.28458301342772,9.24958350192594],[-82.2762496801277,9.24958350192594]]]},"properties":{"OBJECTID":1519,"Id":1519,"gridcode":40,"Shape_Length":0.03333333320006204,"Shape_Area":0.0000694444438891474}},{"type":"Feature","id":1520,"geometry":{"type":"Polygon","coordinates":[[[-82.2762496801277,9.2662501685258],[-82.2762496801277,9.257916835225956],[-82.26791634682775,9.257916835225956],[-82.26791634682775,9.274583501825873],[-82.28458301342772,9.274583501825873],[-82.28458301342772,9.2662501685258],[-82.2762496801277,9.2662501685258]]]},"properties":{"OBJECTID":1520,"Id":1520,"gridcode":36,"Shape_Length":0.06666666639978303,"Shape_Area":0.00020833333166602114}},{"type":"Feature","id":1521,"geometry":{"type":"Polygon","coordinates":[[[-82.26791634682775,9.274583501825873],[-82.26791634682775,9.257916835225956],[-82.25958301352773,9.257916835225956],[-82.25958301352773,9.274583501825873],[-82.26791634682775,9.274583501825873]]]},"properties":{"OBJECTID":1521,"Id":1521,"gridcode":38,"Shape_Length":0.04999999979986569,"Shape_Area":0.00013888888777734742}},{"type":"Feature","id":1522,"geometry":{"type":"Polygon","coordinates":[[[-82.23458301362768,9.24958350192594],[-82.23458301362768,9.257916835225956],[-82.24291634692764,9.257916835225956],[-82.24291634692764,9.24958350192594],[-82.23458301362768,9.24958350192594]]]},"properties":{"OBJECTID":1522,"Id":1522,"gridcode":42,"Shape_Length":0.03333333320006204,"Shape_Area":0.0000694444438891474}},{"type":"Feature","id":1523,"geometry":{"type":"Polygon","coordinates":[[[-82.25958301352773,9.257916835225956],[-82.23458301362768,9.257916835225956],[-82.23458301362768,9.2662501685258],[-82.25958301352773,9.2662501685258],[-82.25958301352773,9.257916835225956]]]},"properties":{"OBJECTID":1523,"Id":1523,"gridcode":40,"Shape_Length":0.06666666639978303,"Shape_Area":0.00020833333166317896}},{"type":"Feature","id":1524,"geometry":{"type":"Polygon","coordinates":[[[-82.22624968032773,9.24958350192594],[-82.22624968032773,9.257916835225956],[-82.23458301362768,9.257916835225956],[-82.23458301362768,9.24958350192594],[-82.22624968032773,9.24958350192594]]]},"properties":{"OBJECTID":1524,"Id":1524,"gridcode":41,"Shape_Length":0.033333333199948356,"Shape_Area":0.00006944444388867371}},{"type":"Feature","id":1525,"geometry":{"type":"Polygon","coordinates":[[[-82.21791634702771,9.24958350192594],[-82.21791634702771,9.257916835225956],[-82.22624968032773,9.257916835225956],[-82.22624968032773,9.24958350192594],[-82.21791634702771,9.24958350192594]]]},"properties":{"OBJECTID":1525,"Id":1525,"gridcode":35,"Shape_Length":0.03333333320006204,"Shape_Area":0.0000694444438891474}},{"type":"Feature","id":1526,"geometry":{"type":"Polygon","coordinates":[[[-82.13458301402761,9.24958350192594],[-82.13458301402761,9.257916835225956],[-82.14291634732774,9.257916835225956],[-82.14291634732774,9.24958350192594],[-82.13458301402761,9.24958350192594]]]},"properties":{"OBJECTID":1526,"Id":1526,"gridcode":30,"Shape_Length":0.03333333320017573,"Shape_Area":0.0000694444438896211}},{"type":"Feature","id":1527,"geometry":{"type":"Polygon","coordinates":[[[-82.14291634732774,9.257916835225956],[-82.12624968072777,9.257916835225956],[-82.12624968072777,9.2662501685258],[-82.14291634732774,9.2662501685258],[-82.14291634732774,9.257916835225956]]]},"properties":{"OBJECTID":1527,"Id":1527,"gridcode":28,"Shape_Length":0.04999999979963832,"Shape_Area":0.00013888888777497893}},{"type":"Feature","id":1528,"geometry":{"type":"Polygon","coordinates":[[[-82.89291634432777,9.2662501685258],[-82.89291634432777,9.24958350192594],[-82.8845830110277,9.24958350192594],[-82.8845830110277,9.2662501685258],[-82.89291634432777,9.2662501685258]]]},"properties":{"OBJECTID":1528,"Id":1528,"gridcode":3,"Shape_Length":0.04999999979986569,"Shape_Area":0.0001388888877778211}},{"type":"Feature","id":1529,"geometry":{"type":"Polygon","coordinates":[[[-82.59291634552778,9.241250168625868],[-82.59291634552778,9.24958350192594],[-82.60124967882763,9.24958350192594],[-82.60124967882763,9.241250168625868],[-82.59291634552778,9.241250168625868]]]},"properties":{"OBJECTID":1529,"Id":1529,"gridcode":8,"Shape_Length":0.033333333199948356,"Shape_Area":0.00006944444388867371}},{"type":"Feature","id":1530,"geometry":{"type":"Polygon","coordinates":[[[-82.55124967902776,9.241250168625868],[-82.55124967902776,9.24958350192594],[-82.55958301232772,9.24958350192594],[-82.55958301232772,9.241250168625868],[-82.55124967902776,9.241250168625868]]]},"properties":{"OBJECTID":1530,"Id":1530,"gridcode":20,"Shape_Length":0.03333333320006204,"Shape_Area":0.0000694444438891474}},{"type":"Feature","id":1531,"geometry":{"type":"Polygon","coordinates":[[[-82.54291634572775,9.241250168625868],[-82.54291634572775,9.24958350192594],[-82.55124967902776,9.24958350192594],[-82.55124967902776,9.241250168625868],[-82.54291634572775,9.241250168625868]]]},"properties":{"OBJECTID":1531,"Id":1531,"gridcode":24,"Shape_Length":0.03333333320017573,"Shape_Area":0.0000694444438896211}},{"type":"Feature","id":1532,"geometry":{"type":"Polygon","coordinates":[[[-82.52624967912772,9.241250168625868],[-82.52624967912772,9.24958350192594],[-82.53458301242779,9.24958350192594],[-82.53458301242779,9.241250168625868],[-82.52624967912772,9.241250168625868]]]},"properties":{"OBJECTID":1532,"Id":1532,"gridcode":34,"Shape_Length":0.03333333320028942,"Shape_Area":0.00006944444389009479}},{"type":"Feature","id":1533,"geometry":{"type":"Polygon","coordinates":[[[-82.5179163458277,9.241250168625868],[-82.5179163458277,9.24958350192594],[-82.52624967912772,9.24958350192594],[-82.52624967912772,9.241250168625868],[-82.5179163458277,9.241250168625868]]]},"properties":{"OBJECTID":1533,"Id":1533,"gridcode":38,"Shape_Length":0.03333333320017573,"Shape_Area":0.0000694444438896211}},{"type":"Feature","id":1534,"geometry":{"type":"Polygon","coordinates":[[[-82.52624967912772,9.2662501685258],[-82.52624967912772,9.24958350192594],[-82.5179163458277,9.24958350192594],[-82.5179163458277,9.2662501685258],[-82.52624967912772,9.2662501685258]]]},"properties":{"OBJECTID":1534,"Id":1534,"gridcode":30,"Shape_Length":0.049999999799752004,"Shape_Area":0.00013888888777687373}},{"type":"Feature","id":1535,"geometry":{"type":"Polygon","coordinates":[[[-82.50958301252774,9.241250168625868],[-82.50958301252774,9.24958350192594],[-82.5179163458277,9.24958350192594],[-82.5179163458277,9.241250168625868],[-82.50958301252774,9.241250168625868]]]},"properties":{"OBJECTID":1535,"Id":1535,"gridcode":28,"Shape_Length":0.03333333320006204,"Shape_Area":0.0000694444438891474}},{"type":"Feature","id":1536,"geometry":{"type":"Polygon","coordinates":[[[-82.48458301262775,9.241250168625868],[-82.48458301262775,9.24958350192594],[-82.49291634592777,9.24958350192594],[-82.49291634592777,9.241250168625868],[-82.48458301262775,9.241250168625868]]]},"properties":{"OBJECTID":1536,"Id":1536,"gridcode":20,"Shape_Length":0.03333333320017573,"Shape_Area":0.0000694444438896211}},{"type":"Feature","id":1537,"geometry":{"type":"Polygon","coordinates":[[[-82.47624967932768,9.24958350192594],[-82.4595830127277,9.24958350192594],[-82.4595830127277,9.2662501685258],[-82.46791634602766,9.2662501685258],[-82.46791634602766,9.257916835225956],[-82.47624967932768,9.257916835225956],[-82.47624967932768,9.24958350192594]]]},"properties":{"OBJECTID":1537,"Id":1537,"gridcode":20,"Shape_Length":0.06666666639966934,"Shape_Area":0.00020833333166554746}},{"type":"Feature","id":1538,"geometry":{"type":"Polygon","coordinates":[[[-82.45124967942775,9.24958350192594],[-82.42624967952776,9.24958350192594],[-82.42624967952776,9.257916835225956],[-82.45124967942775,9.257916835225956],[-82.45124967942775,9.24958350192594]]]},"properties":{"OBJECTID":1538,"Id":1538,"gridcode":15,"Shape_Length":0.0666666664000104,"Shape_Area":0.00020833333166696852}},{"type":"Feature","id":1539,"geometry":{"type":"Polygon","coordinates":[[[-82.40958301292767,9.241250168625868],[-82.40958301292767,9.24958350192594],[-82.41791634622768,9.24958350192594],[-82.41791634622768,9.241250168625868],[-82.40958301292767,9.241250168625868]]]},"properties":{"OBJECTID":1539,"Id":1539,"gridcode":40,"Shape_Length":0.03333333320006204,"Shape_Area":0.0000694444438891474}},{"type":"Feature","id":1540,"geometry":{"type":"Polygon","coordinates":[[[-82.40124967962771,9.241250168625868],[-82.40124967962771,9.24958350192594],[-82.40958301292767,9.24958350192594],[-82.40958301292767,9.241250168625868],[-82.40124967962771,9.241250168625868]]]},"properties":{"OBJECTID":1540,"Id":1540,"gridcode":53,"Shape_Length":0.03333333320017573,"Shape_Area":0.0000694444438896211}},{"type":"Feature","id":1541,"geometry":{"type":"Polygon","coordinates":[[[-82.38458301302774,9.241250168625868],[-82.38458301302774,9.24958350192594],[-82.39291634632775,9.24958350192594],[-82.39291634632775,9.241250168625868],[-82.38458301302774,9.241250168625868]]]},"properties":{"OBJECTID":1541,"Id":1541,"gridcode":48,"Shape_Length":0.03333333320017573,"Shape_Area":0.0000694444438896211}},{"type":"Feature","id":1542,"geometry":{"type":"Polygon","coordinates":[[[-82.33458301322776,9.241250168625868],[-82.33458301322776,9.24958350192594],[-82.34291634652772,9.24958350192594],[-82.34291634652772,9.241250168625868],[-82.33458301322776,9.241250168625868]]]},"properties":{"OBJECTID":1542,"Id":1542,"gridcode":33,"Shape_Length":0.03333333320006204,"Shape_Area":0.0000694444438891474}},{"type":"Feature","id":1543,"geometry":{"type":"Polygon","coordinates":[[[-82.29291634672768,9.241250168625868],[-82.29291634672768,9.24958350192594],[-82.30124968002764,9.24958350192594],[-82.30124968002764,9.241250168625868],[-82.29291634672768,9.241250168625868]]]},"properties":{"OBJECTID":1543,"Id":1543,"gridcode":42,"Shape_Length":0.03333333320017573,"Shape_Area":0.0000694444438896211}},{"type":"Feature","id":1544,"geometry":{"type":"Polygon","coordinates":[[[-82.28458301342772,9.241250168625868],[-82.28458301342772,9.24958350192594],[-82.29291634672768,9.24958350192594],[-82.29291634672768,9.241250168625868],[-82.28458301342772,9.241250168625868]]]},"properties":{"OBJECTID":1544,"Id":1544,"gridcode":44,"Shape_Length":0.03333333320006204,"Shape_Area":0.0000694444438891474}},{"type":"Feature","id":1545,"geometry":{"type":"Polygon","coordinates":[[[-82.2762496801277,9.241250168625868],[-82.2762496801277,9.24958350192594],[-82.28458301342772,9.24958350192594],[-82.28458301342772,9.241250168625868],[-82.2762496801277,9.241250168625868]]]},"properties":{"OBJECTID":1545,"Id":1545,"gridcode":42,"Shape_Length":0.03333333320017573,"Shape_Area":0.0000694444438896211}},{"type":"Feature","id":1546,"geometry":{"type":"Polygon","coordinates":[[[-82.23458301362768,9.241250168625868],[-82.23458301362768,9.24958350192594],[-82.24291634692764,9.24958350192594],[-82.24291634692764,9.241250168625868],[-82.23458301362768,9.241250168625868]]]},"properties":{"OBJECTID":1546,"Id":1546,"gridcode":41,"Shape_Length":0.03333333320017573,"Shape_Area":0.0000694444438896211}},{"type":"Feature","id":1547,"geometry":{"type":"Polygon","coordinates":[[[-82.22624968032773,9.241250168625868],[-82.22624968032773,9.24958350192594],[-82.23458301362768,9.24958350192594],[-82.23458301362768,9.241250168625868],[-82.22624968032773,9.241250168625868]]]},"properties":{"OBJECTID":1547,"Id":1547,"gridcode":40,"Shape_Length":0.03333333320006204,"Shape_Area":0.0000694444438891474}},{"type":"Feature","id":1548,"geometry":{"type":"Polygon","coordinates":[[[-82.21791634702771,9.241250168625868],[-82.21791634702771,9.24958350192594],[-82.22624968032773,9.24958350192594],[-82.22624968032773,9.241250168625868],[-82.21791634702771,9.241250168625868]]]},"properties":{"OBJECTID":1548,"Id":1548,"gridcode":36,"Shape_Length":0.03333333320017573,"Shape_Area":0.0000694444438896211}},{"type":"Feature","id":1549,"geometry":{"type":"Polygon","coordinates":[[[-82.19291634712766,9.24958350192594],[-82.17624968052769,9.24958350192594],[-82.17624968052769,9.2662501685258],[-82.18458301382776,9.2662501685258],[-82.18458301382776,9.257916835225956],[-82.19291634712766,9.257916835225956],[-82.19291634712766,9.24958350192594]]]},"properties":{"OBJECTID":1549,"Id":1549,"gridcode":24,"Shape_Length":0.06666666639966934,"Shape_Area":0.00020833333166602112}},{"type":"Feature","id":1550,"geometry":{"type":"Polygon","coordinates":[[[-82.16791634722773,9.241250168625868],[-82.16791634722773,9.24958350192594],[-82.17624968052769,9.24958350192594],[-82.17624968052769,9.241250168625868],[-82.16791634722773,9.241250168625868]]]},"properties":{"OBJECTID":1550,"Id":1550,"gridcode":23,"Shape_Length":0.03333333320006204,"Shape_Area":0.0000694444438891474}},{"type":"Feature","id":1551,"geometry":{"type":"Polygon","coordinates":[[[-82.14291634732774,9.241250168625868],[-82.14291634732774,9.24958350192594],[-82.15124968062776,9.24958350192594],[-82.15124968062776,9.241250168625868],[-82.14291634732774,9.241250168625868]]]},"properties":{"OBJECTID":1551,"Id":1551,"gridcode":27,"Shape_Length":0.03333333320017573,"Shape_Area":0.0000694444438896211}},{"type":"Feature","id":1552,"geometry":{"type":"Polygon","coordinates":[[[-82.15958301392772,9.24958350192594],[-82.14291634732774,9.24958350192594],[-82.14291634732774,9.257916835225956],[-82.15958301392772,9.257916835225956],[-82.15958301392772,9.24958350192594]]]},"properties":{"OBJECTID":1552,"Id":1552,"gridcode":29,"Shape_Length":0.04999999979997938,"Shape_Area":0.0001388888877778211}},{"type":"Feature","id":1553,"geometry":{"type":"Polygon","coordinates":[[[-82.13458301402761,9.241250168625868],[-82.13458301402761,9.24958350192594],[-82.14291634732774,9.24958350192594],[-82.14291634732774,9.241250168625868],[-82.13458301402761,9.241250168625868]]]},"properties":{"OBJECTID":1553,"Id":1553,"gridcode":26,"Shape_Length":0.03333333320028942,"Shape_Area":0.00006944444389009479}},{"type":"Feature","id":1554,"geometry":{"type":"Polygon","coordinates":[[[-82.04291634772773,9.24958350192594],[-82.02624968112775,9.24958350192594],[-82.02624968112775,9.257916835225956],[-82.04291634772773,9.257916835225956],[-82.04291634772773,9.24958350192594]]]},"properties":{"OBJECTID":1554,"Id":1554,"gridcode":15,"Shape_Length":0.04999999979997938,"Shape_Area":0.0001388888877778211}},{"type":"Feature","id":1555,"geometry":{"type":"Polygon","coordinates":[[[-82.92624967752772,9.241250168625868],[-82.90958301092775,9.241250168625868],[-82.90958301092775,9.24958350192594],[-82.90124967762779,9.24958350192594],[-82.90124967762779,9.2662501685258],[-82.90958301092775,9.2662501685258],[-82.90958301092775,9.274583501825873],[-82.93458301082768,9.274583501825873],[-82.93458301082768,9.24958350192594],[-82.92624967752772,9.24958350192594],[-82.92624967752772,9.241250168625868]]]},"properties":{"OBJECTID":1555,"Id":1555,"gridcode":5,"Shape_Length":0.13333333279979342,"Shape_Area":0.0009027777705513372}},{"type":"Feature","id":1556,"geometry":{"type":"Polygon","coordinates":[[[-82.60124967882763,9.232916835325852],[-82.60124967882763,9.241250168625868],[-82.60958301212776,9.241250168625868],[-82.60958301212776,9.232916835325852],[-82.60124967882763,9.232916835325852]]]},"properties":{"OBJECTID":1556,"Id":1556,"gridcode":7,"Shape_Length":0.03333333320017573,"Shape_Area":0.0000694444438896211}},{"type":"Feature","id":1557,"geometry":{"type":"Polygon","coordinates":[[[-82.62624967872773,9.241250168625868],[-82.60124967882763,9.241250168625868],[-82.60124967882763,9.257916835225956],[-82.60958301212776,9.257916835225956],[-82.60958301212776,9.274583501825873],[-82.61791634542777,9.274583501825873],[-82.61791634542777,9.299583501725976],[-82.6429163453277,9.299583501725976],[-82.6429163453277,9.291250168425904],[-82.66791634522775,9.291250168425904],[-82.66791634522775,9.307916835025992],[-82.67624967852777,9.307916835025992],[-82.67624967852777,9.32458350162591],[-82.66791634522775,9.32458350162591],[-82.66791634522775,9.332916834925925],[-82.67624967852777,9.332916834925925],[-82.67624967852777,9.341250168225997],[-82.69291634512774,9.341250168225997],[-82.69291634512774,9.349583501525842],[-82.7012496784277,9.349583501525842],[-82.7012496784277,9.357916834825858],[-82.70958301172777,9.357916834825858],[-82.70958301172777,9.36625016812593],[-82.71791634502779,9.36625016812593],[-82.71791634502779,9.374583501425946],[-82.72624967832775,9.374583501425946],[-82.72624967832775,9.38291683472579],[-82.74291634492772,9.38291683472579],[-82.74291634492772,9.374583501425946],[-82.7595830115277,9.374583501425946],[-82.7595830115277,9.391250168025863],[-82.76791634482765,9.391250168025863],[-82.76791634482765,9.38291683472579],[-82.77624967812778,9.38291683472579],[-82.77624967812778,9.374583501425946],[-82.78458301142774,9.374583501425946],[-82.78458301142774,9.357916834825858],[-82.79291634472776,9.357916834825858],[-82.79291634472776,9.332916834925925],[-82.77624967812778,9.332916834925925],[-82.77624967812778,9.349583501525842],[-82.76791634482765,9.349583501525842],[-82.76791634482765,9.36625016812593],[-82.75124967822774,9.36625016812593],[-82.75124967822774,9.341250168225997],[-82.76791634482765,9.341250168225997],[-82.76791634482765,9.332916834925925],[-82.72624967832775,9.332916834925925],[-82.72624967832775,9.32458350162591],[-82.70958301172777,9.32458350162591],[-82.70958301172777,9.307916835025992],[-82.69291634512774,9.307916835025992],[-82.69291634512774,9.299583501725976],[-82.68458301182773,9.299583501725976],[-82.68458301182773,9.2662501685258],[-82.67624967852777,9.2662501685258],[-82.67624967852777,9.24958350192594],[-82.66791634522775,9.24958350192594],[-82.66791634522775,9.241250168625868],[-82.65124967862778,9.241250168625868],[-82.65124967862778,9.24958350192594],[-82.6429163453277,9.24958350192594],[-82.6429163453277,9.257916835225956],[-82.63458301202769,9.257916835225956],[-82.63458301202769,9.24958350192594],[-82.62624967872773,9.24958350192594],[-82.62624967872773,9.241250168625868]]]},"properties":{"OBJECTID":1557,"Id":1557,"gridcode":3,"Shape_Length":0.8666666632001352,"Shape_Area":0.008333333266666425}},{"type":"Feature","id":1558,"geometry":{"type":"Polygon","coordinates":[[[-82.59291634552778,9.232916835325852],[-82.59291634552778,9.241250168625868],[-82.60124967882763,9.241250168625868],[-82.60124967882763,9.232916835325852],[-82.59291634552778,9.232916835325852]]]},"properties":{"OBJECTID":1558,"Id":1558,"gridcode":13,"Shape_Length":0.03333333319983467,"Shape_Area":0.00006944444388820001}},{"type":"Feature","id":1559,"geometry":{"type":"Polygon","coordinates":[[[-82.5762496789277,9.257916835225956],[-82.5762496789277,9.241250168625868],[-82.56791634562774,9.241250168625868],[-82.56791634562774,9.257916835225956],[-82.5762496789277,9.257916835225956]]]},"properties":{"OBJECTID":1559,"Id":1559,"gridcode":17,"Shape_Length":0.049999999800093065,"Shape_Area":0.0001388888877778211}},{"type":"Feature","id":1560,"geometry":{"type":"Polygon","coordinates":[[[-82.54291634572775,9.232916835325852],[-82.54291634572775,9.241250168625868],[-82.55124967902776,9.241250168625868],[-82.55124967902776,9.232916835325852],[-82.54291634572775,9.232916835325852]]]},"properties":{"OBJECTID":1560,"Id":1560,"gridcode":22,"Shape_Length":0.03333333320006204,"Shape_Area":0.0000694444438891474}},{"type":"Feature","id":1561,"geometry":{"type":"Polygon","coordinates":[[[-82.53458301242779,9.232916835325852],[-82.53458301242779,9.241250168625868],[-82.54291634572775,9.241250168625868],[-82.54291634572775,9.232916835325852],[-82.53458301242779,9.232916835325852]]]},"properties":{"OBJECTID":1561,"Id":1561,"gridcode":27,"Shape_Length":0.033333333199948356,"Shape_Area":0.00006944444388867371}},{"type":"Feature","id":1562,"geometry":{"type":"Polygon","coordinates":[[[-82.54291634572775,9.2662501685258],[-82.54291634572775,9.241250168625868],[-82.53458301242779,9.241250168625868],[-82.53458301242779,9.2662501685258],[-82.54291634572775,9.2662501685258]]]},"properties":{"OBJECTID":1562,"Id":1562,"gridcode":31,"Shape_Length":0.06666666639978303,"Shape_Area":0.00020833333166507374}},{"type":"Feature","id":1563,"geometry":{"type":"Polygon","coordinates":[[[-82.52624967912772,9.232916835325852],[-82.52624967912772,9.241250168625868],[-82.53458301242779,9.241250168625868],[-82.53458301242779,9.232916835325852],[-82.52624967912772,9.232916835325852]]]},"properties":{"OBJECTID":1563,"Id":1563,"gridcode":32,"Shape_Length":0.03333333320017573,"Shape_Area":0.0000694444438896211}},{"type":"Feature","id":1564,"geometry":{"type":"Polygon","coordinates":[[[-82.5179163458277,9.232916835325852],[-82.5179163458277,9.241250168625868],[-82.52624967912772,9.241250168625868],[-82.52624967912772,9.232916835325852],[-82.5179163458277,9.232916835325852]]]},"properties":{"OBJECTID":1564,"Id":1564,"gridcode":36,"Shape_Length":0.03333333320006204,"Shape_Area":0.0000694444438891474}},{"type":"Feature","id":1565,"geometry":{"type":"Polygon","coordinates":[[[-82.50958301252774,9.232916835325852],[-82.50958301252774,9.241250168625868],[-82.5179163458277,9.241250168625868],[-82.5179163458277,9.232916835325852],[-82.50958301252774,9.232916835325852]]]},"properties":{"OBJECTID":1565,"Id":1565,"gridcode":38,"Shape_Length":0.033333333199948356,"Shape_Area":0.00006944444388867371}},{"type":"Feature","id":1566,"geometry":{"type":"Polygon","coordinates":[[[-82.50124967922773,9.232916835325852],[-82.50124967922773,9.241250168625868],[-82.50958301252774,9.241250168625868],[-82.50958301252774,9.232916835325852],[-82.50124967922773,9.232916835325852]]]},"properties":{"OBJECTID":1566,"Id":1566,"gridcode":16,"Shape_Length":0.03333333320006204,"Shape_Area":0.0000694444438891474}},{"type":"Feature","id":1567,"geometry":{"type":"Polygon","coordinates":[[[-82.50958301252774,9.257916835225956],[-82.50958301252774,9.241250168625868],[-82.50124967922773,9.241250168625868],[-82.50124967922773,9.257916835225956],[-82.50958301252774,9.257916835225956]]]},"properties":{"OBJECTID":1567,"Id":1567,"gridcode":13,"Shape_Length":0.04999999980020675,"Shape_Area":0.0001388888877787685}},{"type":"Feature","id":1568,"geometry":{"type":"Polygon","coordinates":[[[-82.49291634592777,9.232916835325852],[-82.49291634592777,9.241250168625868],[-82.50124967922773,9.241250168625868],[-82.50124967922773,9.232916835325852],[-82.49291634592777,9.232916835325852]]]},"properties":{"OBJECTID":1568,"Id":1568,"gridcode":29,"Shape_Length":0.033333333199948356,"Shape_Area":0.00006944444388867371}},{"type":"Feature","id":1569,"geometry":{"type":"Polygon","coordinates":[[[-82.50124967922773,9.257916835225956],[-82.50124967922773,9.241250168625868],[-82.49291634592777,9.241250168625868],[-82.49291634592777,9.257916835225956],[-82.50124967922773,9.257916835225956]]]},"properties":{"OBJECTID":1569,"Id":1569,"gridcode":18,"Shape_Length":0.049999999800093065,"Shape_Area":0.0001388888877778211}},{"type":"Feature","id":1570,"geometry":{"type":"Polygon","coordinates":[[[-82.48458301262775,9.232916835325852],[-82.48458301262775,9.241250168625868],[-82.49291634592777,9.241250168625868],[-82.49291634592777,9.232916835325852],[-82.48458301262775,9.232916835325852]]]},"properties":{"OBJECTID":1570,"Id":1570,"gridcode":21,"Shape_Length":0.03333333320006204,"Shape_Area":0.0000694444438891474}},{"type":"Feature","id":1571,"geometry":{"type":"Polygon","coordinates":[[[-82.4595830127277,9.232916835325852],[-82.4595830127277,9.241250168625868],[-82.46791634602766,9.241250168625868],[-82.46791634602766,9.232916835325852],[-82.4595830127277,9.232916835325852]]]},"properties":{"OBJECTID":1571,"Id":1571,"gridcode":16,"Shape_Length":0.03333333320006204,"Shape_Area":0.0000694444438891474}},{"type":"Feature","id":1572,"geometry":{"type":"Polygon","coordinates":[[[-82.48458301262775,9.241250168625868],[-82.4595830127277,9.241250168625868],[-82.4595830127277,9.24958350192594],[-82.48458301262775,9.24958350192594],[-82.48458301262775,9.241250168625868]]]},"properties":{"OBJECTID":1572,"Id":1572,"gridcode":18,"Shape_Length":0.06666666640023777,"Shape_Area":0.0002083333316688633}},{"type":"Feature","id":1573,"geometry":{"type":"Polygon","coordinates":[[[-82.43458301282777,9.232916835325852],[-82.43458301282777,9.241250168625868],[-82.44291634612773,9.241250168625868],[-82.44291634612773,9.232916835325852],[-82.43458301282777,9.232916835325852]]]},"properties":{"OBJECTID":1573,"Id":1573,"gridcode":22,"Shape_Length":0.033333333199948356,"Shape_Area":0.00006944444388867371}},{"type":"Feature","id":1574,"geometry":{"type":"Polygon","coordinates":[[[-82.4595830127277,9.241250168625868],[-82.43458301282777,9.241250168625868],[-82.43458301282777,9.24958350192594],[-82.45124967942775,9.24958350192594],[-82.45124967942775,9.257916835225956],[-82.4595830127277,9.257916835225956],[-82.4595830127277,9.241250168625868]]]},"properties":{"OBJECTID":1574,"Id":1574,"gridcode":16,"Shape_Length":0.08333333300004142,"Shape_Area":0.00027777777555658965}},{"type":"Feature","id":1575,"geometry":{"type":"Polygon","coordinates":[[[-82.42624967952776,9.232916835325852],[-82.42624967952776,9.241250168625868],[-82.43458301282777,9.241250168625868],[-82.43458301282777,9.232916835325852],[-82.42624967952776,9.232916835325852]]]},"properties":{"OBJECTID":1575,"Id":1575,"gridcode":27,"Shape_Length":0.03333333320006204,"Shape_Area":0.0000694444438891474}},{"type":"Feature","id":1576,"geometry":{"type":"Polygon","coordinates":[[[-82.41791634622768,9.232916835325852],[-82.41791634622768,9.241250168625868],[-82.42624967952776,9.241250168625868],[-82.42624967952776,9.232916835325852],[-82.41791634622768,9.232916835325852]]]},"properties":{"OBJECTID":1576,"Id":1576,"gridcode":25,"Shape_Length":0.03333333320017573,"Shape_Area":0.0000694444438896211}},{"type":"Feature","id":1577,"geometry":{"type":"Polygon","coordinates":[[[-82.43458301282777,9.241250168625868],[-82.41791634622768,9.241250168625868],[-82.41791634622768,9.24958350192594],[-82.43458301282777,9.24958350192594],[-82.43458301282777,9.241250168625868]]]},"properties":{"OBJECTID":1577,"Id":1577,"gridcode":17,"Shape_Length":0.04999999980032044,"Shape_Area":0.0001388888877797159}},{"type":"Feature","id":1578,"geometry":{"type":"Polygon","coordinates":[[[-82.40958301292767,9.232916835325852],[-82.40958301292767,9.241250168625868],[-82.41791634622768,9.241250168625868],[-82.41791634622768,9.232916835325852],[-82.40958301292767,9.232916835325852]]]},"properties":{"OBJECTID":1578,"Id":1578,"gridcode":19,"Shape_Length":0.033333333199948356,"Shape_Area":0.00006944444388867371}},{"type":"Feature","id":1579,"geometry":{"type":"Polygon","coordinates":[[[-82.40124967962771,9.232916835325852],[-82.40124967962771,9.241250168625868],[-82.40958301292767,9.241250168625868],[-82.40958301292767,9.232916835325852],[-82.40124967962771,9.232916835325852]]]},"properties":{"OBJECTID":1579,"Id":1579,"gridcode":30,"Shape_Length":0.03333333320006204,"Shape_Area":0.0000694444438891474}},{"type":"Feature","id":1580,"geometry":{"type":"Polygon","coordinates":[[[-82.40124967962771,9.257916835225956],[-82.40124967962771,9.241250168625868],[-82.39291634632775,9.241250168625868],[-82.39291634632775,9.257916835225956],[-82.40124967962771,9.257916835225956]]]},"properties":{"OBJECTID":1580,"Id":1580,"gridcode":54,"Shape_Length":0.049999999800093065,"Shape_Area":0.0001388888877778211}},{"type":"Feature","id":1581,"geometry":{"type":"Polygon","coordinates":[[[-82.37624967972772,9.232916835325852],[-82.37624967972772,9.241250168625868],[-82.38458301302774,9.241250168625868],[-82.38458301302774,9.232916835325852],[-82.37624967972772,9.232916835325852]]]},"properties":{"OBJECTID":1581,"Id":1581,"gridcode":45,"Shape_Length":0.03333333320006204,"Shape_Area":0.0000694444438891474}},{"type":"Feature","id":1582,"geometry":{"type":"Polygon","coordinates":[[[-82.36791634642776,9.232916835325852],[-82.36791634642776,9.241250168625868],[-82.37624967972772,9.241250168625868],[-82.37624967972772,9.232916835325852],[-82.36791634642776,9.232916835325852]]]},"properties":{"OBJECTID":1582,"Id":1582,"gridcode":39,"Shape_Length":0.033333333199948356,"Shape_Area":0.00006944444388867371}},{"type":"Feature","id":1583,"geometry":{"type":"Polygon","coordinates":[[[-82.38458301302774,9.241250168625868],[-82.36791634642776,9.241250168625868],[-82.36791634642776,9.24958350192594],[-82.37624967972772,9.24958350192594],[-82.37624967972772,9.257916835225956],[-82.38458301302774,9.257916835225956],[-82.38458301302774,9.241250168625868]]]},"properties":{"OBJECTID":1583,"Id":1583,"gridcode":41,"Shape_Length":0.06666666640012409,"Shape_Area":0.0002083333316679159}},{"type":"Feature","id":1584,"geometry":{"type":"Polygon","coordinates":[[[-82.34291634652772,9.232916835325852],[-82.34291634652772,9.241250168625868],[-82.35124967982767,9.241250168625868],[-82.35124967982767,9.232916835325852],[-82.34291634652772,9.232916835325852]]]},"properties":{"OBJECTID":1584,"Id":1584,"gridcode":37,"Shape_Length":0.033333333199948356,"Shape_Area":0.00006944444388867371}},{"type":"Feature","id":1585,"geometry":{"type":"Polygon","coordinates":[[[-82.33458301322776,9.232916835325852],[-82.33458301322776,9.241250168625868],[-82.34291634652772,9.241250168625868],[-82.34291634652772,9.232916835325852],[-82.33458301322776,9.232916835325852]]]},"properties":{"OBJECTID":1585,"Id":1585,"gridcode":34,"Shape_Length":0.033333333199948356,"Shape_Area":0.00006944444388867371}},{"type":"Feature","id":1586,"geometry":{"type":"Polygon","coordinates":[[[-82.2762496801277,9.232916835325852],[-82.2762496801277,9.241250168625868],[-82.28458301342772,9.241250168625868],[-82.28458301342772,9.232916835325852],[-82.2762496801277,9.232916835325852]]]},"properties":{"OBJECTID":1586,"Id":1586,"gridcode":39,"Shape_Length":0.03333333320006204,"Shape_Area":0.0000694444438891474}},{"type":"Feature","id":1587,"geometry":{"type":"Polygon","coordinates":[[[-82.26791634682775,9.232916835325852],[-82.26791634682775,9.241250168625868],[-82.2762496801277,9.241250168625868],[-82.2762496801277,9.232916835325852],[-82.26791634682775,9.232916835325852]]]},"properties":{"OBJECTID":1587,"Id":1587,"gridcode":38,"Shape_Length":0.033333333199948356,"Shape_Area":0.00006944444388867371}},{"type":"Feature","id":1588,"geometry":{"type":"Polygon","coordinates":[[[-82.25958301352773,9.232916835325852],[-82.25958301352773,9.241250168625868],[-82.26791634682775,9.241250168625868],[-82.26791634682775,9.232916835325852],[-82.25958301352773,9.232916835325852]]]},"properties":{"OBJECTID":1588,"Id":1588,"gridcode":42,"Shape_Length":0.03333333320006204,"Shape_Area":0.0000694444438891474}},{"type":"Feature","id":1589,"geometry":{"type":"Polygon","coordinates":[[[-82.2762496801277,9.241250168625868],[-82.25958301352773,9.241250168625868],[-82.25958301352773,9.24958350192594],[-82.24291634692764,9.24958350192594],[-82.24291634692764,9.257916835225956],[-82.2762496801277,9.257916835225956],[-82.2762496801277,9.241250168625868]]]},"properties":{"OBJECTID":1589,"Id":1589,"gridcode":39,"Shape_Length":0.09999999960018613,"Shape_Area":0.00041666666333488436}},{"type":"Feature","id":1590,"geometry":{"type":"Polygon","coordinates":[[[-82.24291634692764,9.232916835325852],[-82.24291634692764,9.241250168625868],[-82.25124968022766,9.241250168625868],[-82.25124968022766,9.232916835325852],[-82.24291634692764,9.232916835325852]]]},"properties":{"OBJECTID":1590,"Id":1590,"gridcode":41,"Shape_Length":0.033333333199948356,"Shape_Area":0.00006944444388867371}},{"type":"Feature","id":1591,"geometry":{"type":"Polygon","coordinates":[[[-82.25958301352773,9.241250168625868],[-82.24291634692764,9.241250168625868],[-82.24291634692764,9.24958350192594],[-82.25958301352773,9.24958350192594],[-82.25958301352773,9.241250168625868]]]},"properties":{"OBJECTID":1591,"Id":1591,"gridcode":42,"Shape_Length":0.04999999980020675,"Shape_Area":0.0001388888877792422}},{"type":"Feature","id":1592,"geometry":{"type":"Polygon","coordinates":[[[-82.21791634702771,9.232916835325852],[-82.21791634702771,9.241250168625868],[-82.22624968032773,9.241250168625868],[-82.22624968032773,9.232916835325852],[-82.21791634702771,9.232916835325852]]]},"properties":{"OBJECTID":1592,"Id":1592,"gridcode":37,"Shape_Length":0.03333333320006204,"Shape_Area":0.0000694444438891474}},{"type":"Feature","id":1593,"geometry":{"type":"Polygon","coordinates":[[[-82.17624968052769,9.232916835325852],[-82.17624968052769,9.241250168625868],[-82.18458301382776,9.241250168625868],[-82.18458301382776,9.232916835325852],[-82.17624968052769,9.232916835325852]]]},"properties":{"OBJECTID":1593,"Id":1593,"gridcode":20,"Shape_Length":0.03333333320017573,"Shape_Area":0.0000694444438896211}},{"type":"Feature","id":1594,"geometry":{"type":"Polygon","coordinates":[[[-82.16791634722773,9.232916835325852],[-82.16791634722773,9.241250168625868],[-82.17624968052769,9.241250168625868],[-82.17624968052769,9.232916835325852],[-82.16791634722773,9.232916835325852]]]},"properties":{"OBJECTID":1594,"Id":1594,"gridcode":21,"Shape_Length":0.033333333199948356,"Shape_Area":0.00006944444388867371}},{"type":"Feature","id":1595,"geometry":{"type":"Polygon","coordinates":[[[-82.14291634732774,9.232916835325852],[-82.14291634732774,9.241250168625868],[-82.15124968062776,9.241250168625868],[-82.15124968062776,9.232916835325852],[-82.14291634732774,9.232916835325852]]]},"properties":{"OBJECTID":1595,"Id":1595,"gridcode":23,"Shape_Length":0.03333333320006204,"Shape_Area":0.0000694444438891474}},{"type":"Feature","id":1596,"geometry":{"type":"Polygon","coordinates":[[[-82.13458301402761,9.232916835325852],[-82.13458301402761,9.241250168625868],[-82.14291634732774,9.241250168625868],[-82.14291634732774,9.232916835325852],[-82.13458301402761,9.232916835325852]]]},"properties":{"OBJECTID":1596,"Id":1596,"gridcode":39,"Shape_Length":0.03333333320017573,"Shape_Area":0.0000694444438896211}},{"type":"Feature","id":1597,"geometry":{"type":"Polygon","coordinates":[[[-82.12624968072777,9.232916835325852],[-82.12624968072777,9.241250168625868],[-82.13458301402761,9.241250168625868],[-82.13458301402761,9.232916835325852],[-82.12624968072777,9.232916835325852]]]},"properties":{"OBJECTID":1597,"Id":1597,"gridcode":40,"Shape_Length":0.03333333319983467,"Shape_Area":0.00006944444388820001}},{"type":"Feature","id":1598,"geometry":{"type":"Polygon","coordinates":[[[-82.89291634432777,9.224583502025837],[-82.89291634432777,9.232916835325852],[-82.90124967762779,9.232916835325852],[-82.90124967762779,9.224583502025837],[-82.89291634432777,9.224583502025837]]]},"properties":{"OBJECTID":1598,"Id":1598,"gridcode":3,"Shape_Length":0.03333333320006204,"Shape_Area":0.0000694444438891474}},{"type":"Feature","id":1599,"geometry":{"type":"Polygon","coordinates":[[[-82.60124967882763,9.224583502025837],[-82.60124967882763,9.232916835325852],[-82.60958301212776,9.232916835325852],[-82.60958301212776,9.224583502025837],[-82.60124967882763,9.224583502025837]]]},"properties":{"OBJECTID":1599,"Id":1599,"gridcode":6,"Shape_Length":0.03333333320017573,"Shape_Area":0.0000694444438896211}},{"type":"Feature","id":1600,"geometry":{"type":"Polygon","coordinates":[[[-82.59291634552778,9.257916835225956],[-82.59291634552778,9.232916835325852],[-82.58458301222771,9.232916835325852],[-82.58458301222771,9.257916835225956],[-82.59291634552778,9.257916835225956]]]},"properties":{"OBJECTID":1600,"Id":1600,"gridcode":15,"Shape_Length":0.06666666640035146,"Shape_Area":0.00020833333166933699}},{"type":"Feature","id":1601,"geometry":{"type":"Polygon","coordinates":[[[-82.58458301222771,9.232916835325852],[-82.56791634562774,9.232916835325852],[-82.56791634562774,9.241250168625868],[-82.5762496789277,9.241250168625868],[-82.5762496789277,9.257916835225956],[-82.58458301222771,9.257916835225956],[-82.58458301222771,9.232916835325852]]]},"properties":{"OBJECTID":1601,"Id":1601,"gridcode":16,"Shape_Length":0.08333333300015511,"Shape_Area":0.0002777777755565896}},{"type":"Feature","id":1602,"geometry":{"type":"Polygon","coordinates":[[[-82.55958301232772,9.224583502025837],[-82.55958301232772,9.232916835325852],[-82.56791634562774,9.232916835325852],[-82.56791634562774,9.224583502025837],[-82.55958301232772,9.224583502025837]]]},"properties":{"OBJECTID":1602,"Id":1602,"gridcode":17,"Shape_Length":0.03333333320006204,"Shape_Area":0.0000694444438891474}},{"type":"Feature","id":1603,"geometry":{"type":"Polygon","coordinates":[[[-82.56791634562774,9.24958350192594],[-82.56791634562774,9.232916835325852],[-82.55958301232772,9.232916835325852],[-82.55958301232772,9.24958350192594],[-82.56791634562774,9.24958350192594]]]},"properties":{"OBJECTID":1603,"Id":1603,"gridcode":18,"Shape_Length":0.04999999980020675,"Shape_Area":0.0001388888877787685}},{"type":"Feature","id":1604,"geometry":{"type":"Polygon","coordinates":[[[-82.54291634572775,9.224583502025837],[-82.54291634572775,9.232916835325852],[-82.55124967902776,9.232916835325852],[-82.55124967902776,9.224583502025837],[-82.54291634572775,9.224583502025837]]]},"properties":{"OBJECTID":1604,"Id":1604,"gridcode":20,"Shape_Length":0.03333333320006204,"Shape_Area":0.0000694444438891474}},{"type":"Feature","id":1605,"geometry":{"type":"Polygon","coordinates":[[[-82.52624967912772,9.224583502025837],[-82.52624967912772,9.232916835325852],[-82.53458301242779,9.232916835325852],[-82.53458301242779,9.224583502025837],[-82.52624967912772,9.224583502025837]]]},"properties":{"OBJECTID":1605,"Id":1605,"gridcode":27,"Shape_Length":0.03333333320017573,"Shape_Area":0.0000694444438896211}},{"type":"Feature","id":1606,"geometry":{"type":"Polygon","coordinates":[[[-82.5179163458277,9.224583502025837],[-82.5179163458277,9.232916835325852],[-82.52624967912772,9.232916835325852],[-82.52624967912772,9.224583502025837],[-82.5179163458277,9.224583502025837]]]},"properties":{"OBJECTID":1606,"Id":1606,"gridcode":33,"Shape_Length":0.03333333320006204,"Shape_Area":0.0000694444438891474}},{"type":"Feature","id":1607,"geometry":{"type":"Polygon","coordinates":[[[-82.50958301252774,9.224583502025837],[-82.50958301252774,9.232916835325852],[-82.5179163458277,9.232916835325852],[-82.5179163458277,9.224583502025837],[-82.50958301252774,9.224583502025837]]]},"properties":{"OBJECTID":1607,"Id":1607,"gridcode":27,"Shape_Length":0.033333333199948356,"Shape_Area":0.00006944444388867371}},{"type":"Feature","id":1608,"geometry":{"type":"Polygon","coordinates":[[[-82.50124967922773,9.224583502025837],[-82.50124967922773,9.232916835325852],[-82.50958301252774,9.232916835325852],[-82.50958301252774,9.224583502025837],[-82.50124967922773,9.224583502025837]]]},"properties":{"OBJECTID":1608,"Id":1608,"gridcode":15,"Shape_Length":0.03333333320006204,"Shape_Area":0.0000694444438891474}},{"type":"Feature","id":1609,"geometry":{"type":"Polygon","coordinates":[[[-82.49291634592777,9.224583502025837],[-82.49291634592777,9.232916835325852],[-82.50124967922773,9.232916835325852],[-82.50124967922773,9.224583502025837],[-82.49291634592777,9.224583502025837]]]},"properties":{"OBJECTID":1609,"Id":1609,"gridcode":19,"Shape_Length":0.033333333199948356,"Shape_Area":0.00006944444388867371}},{"type":"Feature","id":1610,"geometry":{"type":"Polygon","coordinates":[[[-82.48458301262775,9.224583502025837],[-82.48458301262775,9.232916835325852],[-82.49291634592777,9.232916835325852],[-82.49291634592777,9.224583502025837],[-82.48458301262775,9.224583502025837]]]},"properties":{"OBJECTID":1610,"Id":1610,"gridcode":17,"Shape_Length":0.03333333320006204,"Shape_Area":0.0000694444438891474}},{"type":"Feature","id":1611,"geometry":{"type":"Polygon","coordinates":[[[-82.43458301282777,9.224583502025837],[-82.43458301282777,9.232916835325852],[-82.44291634612773,9.232916835325852],[-82.44291634612773,9.224583502025837],[-82.43458301282777,9.224583502025837]]]},"properties":{"OBJECTID":1611,"Id":1611,"gridcode":23,"Shape_Length":0.033333333199948356,"Shape_Area":0.00006944444388867371}},{"type":"Feature","id":1612,"geometry":{"type":"Polygon","coordinates":[[[-82.42624967952776,9.224583502025837],[-82.42624967952776,9.232916835325852],[-82.43458301282777,9.232916835325852],[-82.43458301282777,9.224583502025837],[-82.42624967952776,9.224583502025837]]]},"properties":{"OBJECTID":1612,"Id":1612,"gridcode":30,"Shape_Length":0.03333333320006204,"Shape_Area":0.0000694444438891474}},{"type":"Feature","id":1613,"geometry":{"type":"Polygon","coordinates":[[[-82.41791634622768,9.224583502025837],[-82.41791634622768,9.232916835325852],[-82.42624967952776,9.232916835325852],[-82.42624967952776,9.224583502025837],[-82.41791634622768,9.224583502025837]]]},"properties":{"OBJECTID":1613,"Id":1613,"gridcode":27,"Shape_Length":0.03333333320017573,"Shape_Area":0.0000694444438896211}},{"type":"Feature","id":1614,"geometry":{"type":"Polygon","coordinates":[[[-82.40958301292767,9.224583502025837],[-82.40958301292767,9.232916835325852],[-82.41791634622768,9.232916835325852],[-82.41791634622768,9.224583502025837],[-82.40958301292767,9.224583502025837]]]},"properties":{"OBJECTID":1614,"Id":1614,"gridcode":17,"Shape_Length":0.033333333199948356,"Shape_Area":0.00006944444388867371}},{"type":"Feature","id":1615,"geometry":{"type":"Polygon","coordinates":[[[-82.40124967962771,9.224583502025837],[-82.40124967962771,9.232916835325852],[-82.40958301292767,9.232916835325852],[-82.40958301292767,9.224583502025837],[-82.40124967962771,9.224583502025837]]]},"properties":{"OBJECTID":1615,"Id":1615,"gridcode":16,"Shape_Length":0.03333333320006204,"Shape_Area":0.0000694444438891474}},{"type":"Feature","id":1616,"geometry":{"type":"Polygon","coordinates":[[[-82.39291634632775,9.224583502025837],[-82.39291634632775,9.232916835325852],[-82.40124967962771,9.232916835325852],[-82.40124967962771,9.224583502025837],[-82.39291634632775,9.224583502025837]]]},"properties":{"OBJECTID":1616,"Id":1616,"gridcode":23,"Shape_Length":0.033333333199948356,"Shape_Area":0.00006944444388867371}},{"type":"Feature","id":1617,"geometry":{"type":"Polygon","coordinates":[[[-82.38458301302774,9.224583502025837],[-82.38458301302774,9.232916835325852],[-82.39291634632775,9.232916835325852],[-82.39291634632775,9.224583502025837],[-82.38458301302774,9.224583502025837]]]},"properties":{"OBJECTID":1617,"Id":1617,"gridcode":41,"Shape_Length":0.03333333320006204,"Shape_Area":0.0000694444438891474}},{"type":"Feature","id":1618,"geometry":{"type":"Polygon","coordinates":[[[-82.40124967962771,9.232916835325852],[-82.38458301302774,9.232916835325852],[-82.38458301302774,9.241250168625868],[-82.40124967962771,9.241250168625868],[-82.40124967962771,9.232916835325852]]]},"properties":{"OBJECTID":1618,"Id":1618,"gridcode":46,"Shape_Length":0.04999999979997938,"Shape_Area":0.0001388888877778211}},{"type":"Feature","id":1619,"geometry":{"type":"Polygon","coordinates":[[[-82.37624967972772,9.224583502025837],[-82.37624967972772,9.232916835325852],[-82.38458301302774,9.232916835325852],[-82.38458301302774,9.224583502025837],[-82.37624967972772,9.224583502025837]]]},"properties":{"OBJECTID":1619,"Id":1619,"gridcode":47,"Shape_Length":0.03333333320006204,"Shape_Area":0.0000694444438891474}},{"type":"Feature","id":1620,"geometry":{"type":"Polygon","coordinates":[[[-82.35958301312769,9.24958350192594],[-82.35958301312769,9.232916835325852],[-82.35124967982767,9.232916835325852],[-82.35124967982767,9.241250168625868],[-82.34291634652772,9.241250168625868],[-82.34291634652772,9.24958350192594],[-82.35958301312769,9.24958350192594]]]},"properties":{"OBJECTID":1620,"Id":1620,"gridcode":36,"Shape_Length":0.06666666640012409,"Shape_Area":0.0002083333316679159}},{"type":"Feature","id":1621,"geometry":{"type":"Polygon","coordinates":[[[-82.33458301322776,9.224583502025837],[-82.33458301322776,9.232916835325852],[-82.34291634652772,9.232916835325852],[-82.34291634652772,9.224583502025837],[-82.33458301322776,9.224583502025837]]]},"properties":{"OBJECTID":1621,"Id":1621,"gridcode":32,"Shape_Length":0.033333333199948356,"Shape_Area":0.00006944444388867371}},{"type":"Feature","id":1622,"geometry":{"type":"Polygon","coordinates":[[[-82.30124968002764,9.232916835325852],[-82.28458301342772,9.232916835325852],[-82.28458301342772,9.241250168625868],[-82.30124968002764,9.241250168625868],[-82.30124968002764,9.232916835325852]]]},"properties":{"OBJECTID":1622,"Id":1622,"gridcode":43,"Shape_Length":0.04999999979997938,"Shape_Area":0.0001388888877778211}},{"type":"Feature","id":1623,"geometry":{"type":"Polygon","coordinates":[[[-82.26791634682775,9.224583502025837],[-82.26791634682775,9.232916835325852],[-82.2762496801277,9.232916835325852],[-82.2762496801277,9.224583502025837],[-82.26791634682775,9.224583502025837]]]},"properties":{"OBJECTID":1623,"Id":1623,"gridcode":41,"Shape_Length":0.033333333199948356,"Shape_Area":0.00006944444388867371}},{"type":"Feature","id":1624,"geometry":{"type":"Polygon","coordinates":[[[-82.24291634692764,9.232916835325852],[-82.22624968032773,9.232916835325852],[-82.22624968032773,9.241250168625868],[-82.24291634692764,9.241250168625868],[-82.24291634692764,9.232916835325852]]]},"properties":{"OBJECTID":1624,"Id":1624,"gridcode":38,"Shape_Length":0.04999999979997938,"Shape_Area":0.0001388888877778211}},{"type":"Feature","id":1625,"geometry":{"type":"Polygon","coordinates":[[[-82.21791634702771,9.224583502025837],[-82.21791634702771,9.232916835325852],[-82.22624968032773,9.232916835325852],[-82.22624968032773,9.224583502025837],[-82.21791634702771,9.224583502025837]]]},"properties":{"OBJECTID":1625,"Id":1625,"gridcode":36,"Shape_Length":0.03333333320006204,"Shape_Area":0.0000694444438891474}},{"type":"Feature","id":1626,"geometry":{"type":"Polygon","coordinates":[[[-82.20958301372775,9.224583502025837],[-82.20958301372775,9.232916835325852],[-82.21791634702771,9.232916835325852],[-82.21791634702771,9.224583502025837],[-82.20958301372775,9.224583502025837]]]},"properties":{"OBJECTID":1626,"Id":1626,"gridcode":35,"Shape_Length":0.033333333199948356,"Shape_Area":0.00006944444388867371}},{"type":"Feature","id":1627,"geometry":{"type":"Polygon","coordinates":[[[-82.15958301392772,9.224583502025837],[-82.15958301392772,9.232916835325852],[-82.16791634722773,9.232916835325852],[-82.16791634722773,9.224583502025837],[-82.15958301392772,9.224583502025837]]]},"properties":{"OBJECTID":1627,"Id":1627,"gridcode":36,"Shape_Length":0.03333333320006204,"Shape_Area":0.0000694444438891474}},{"type":"Feature","id":1628,"geometry":{"type":"Polygon","coordinates":[[[-82.16791634722773,9.232916835325852],[-82.15124968062776,9.232916835325852],[-82.15124968062776,9.24958350192594],[-82.16791634722773,9.24958350192594],[-82.16791634722773,9.232916835325852]]]},"properties":{"OBJECTID":1628,"Id":1628,"gridcode":24,"Shape_Length":0.06666666640012409,"Shape_Area":0.0002777777755565896}},{"type":"Feature","id":1629,"geometry":{"type":"Polygon","coordinates":[[[-82.12624968072777,9.232916835325852],[-82.10958301412768,9.232916835325852],[-82.10958301412768,9.241250168625868],[-82.12624968072777,9.241250168625868],[-82.12624968072777,9.232916835325852]]]},"properties":{"OBJECTID":1629,"Id":1629,"gridcode":38,"Shape_Length":0.04999999980020675,"Shape_Area":0.0001388888877787685}},{"type":"Feature","id":1630,"geometry":{"type":"Polygon","coordinates":[[[-82.90124967762779,9.216250168725935],[-82.90124967762779,9.224583502025837],[-82.90958301092775,9.224583502025837],[-82.90958301092775,9.216250168725935],[-82.90124967762779,9.216250168725935]]]},"properties":{"OBJECTID":1630,"Id":1630,"gridcode":4,"Shape_Length":0.03333333319972098,"Shape_Area":0.00006944444388772632}},{"type":"Feature","id":1631,"geometry":{"type":"Polygon","coordinates":[[[-82.93458301082768,9.224583502025837],[-82.90124967762779,9.224583502025837],[-82.90124967762779,9.232916835325852],[-82.89291634432777,9.232916835325852],[-82.89291634432777,9.2662501685258],[-82.90124967762779,9.2662501685258],[-82.90124967762779,9.24958350192594],[-82.90958301092775,9.24958350192594],[-82.90958301092775,9.241250168625868],[-82.92624967752772,9.241250168625868],[-82.92624967752772,9.24958350192594],[-82.93458301082768,9.24958350192594],[-82.93458301082768,9.224583502025837]]]},"properties":{"OBJECTID":1631,"Id":1631,"gridcode":6,"Shape_Length":0.1833333325998865,"Shape_Area":0.000972222214444274}},{"type":"Feature","id":1632,"geometry":{"type":"Polygon","coordinates":[[[-82.60124967882763,9.216250168725935],[-82.60124967882763,9.224583502025837],[-82.60958301212776,9.224583502025837],[-82.60958301212776,9.216250168725935],[-82.60124967882763,9.216250168725935]]]},"properties":{"OBJECTID":1632,"Id":1632,"gridcode":7,"Shape_Length":0.033333333199948356,"Shape_Area":0.00006944444388867371}},{"type":"Feature","id":1633,"geometry":{"type":"Polygon","coordinates":[[[-82.55958301232772,9.216250168725935],[-82.55958301232772,9.224583502025837],[-82.56791634562774,9.224583502025837],[-82.56791634562774,9.216250168725935],[-82.55958301232772,9.216250168725935]]]},"properties":{"OBJECTID":1633,"Id":1633,"gridcode":16,"Shape_Length":0.03333333319983467,"Shape_Area":0.00006944444388820001}},{"type":"Feature","id":1634,"geometry":{"type":"Polygon","coordinates":[[[-82.55124967902776,9.216250168725935],[-82.55124967902776,9.224583502025837],[-82.55958301232772,9.224583502025837],[-82.55958301232772,9.216250168725935],[-82.55124967902776,9.216250168725935]]]},"properties":{"OBJECTID":1634,"Id":1634,"gridcode":18,"Shape_Length":0.03333333319972098,"Shape_Area":0.00006944444388772632}},{"type":"Feature","id":1635,"geometry":{"type":"Polygon","coordinates":[[[-82.55958301232772,9.241250168625868],[-82.55958301232772,9.224583502025837],[-82.55124967902776,9.224583502025837],[-82.55124967902776,9.241250168625868],[-82.55958301232772,9.241250168625868]]]},"properties":{"OBJECTID":1635,"Id":1635,"gridcode":19,"Shape_Length":0.04999999979997938,"Shape_Area":0.00013888888777734742}},{"type":"Feature","id":1636,"geometry":{"type":"Polygon","coordinates":[[[-82.54291634572775,9.216250168725935],[-82.54291634572775,9.224583502025837],[-82.55124967902776,9.224583502025837],[-82.55124967902776,9.216250168725935],[-82.54291634572775,9.216250168725935]]]},"properties":{"OBJECTID":1636,"Id":1636,"gridcode":21,"Shape_Length":0.03333333319983467,"Shape_Area":0.00006944444388820001}},{"type":"Feature","id":1637,"geometry":{"type":"Polygon","coordinates":[[[-82.52624967912772,9.216250168725935],[-82.52624967912772,9.224583502025837],[-82.53458301242779,9.224583502025837],[-82.53458301242779,9.216250168725935],[-82.52624967912772,9.216250168725935]]]},"properties":{"OBJECTID":1637,"Id":1637,"gridcode":25,"Shape_Length":0.033333333199948356,"Shape_Area":0.00006944444388867371}},{"type":"Feature","id":1638,"geometry":{"type":"Polygon","coordinates":[[[-82.5179163458277,9.216250168725935],[-82.5179163458277,9.224583502025837],[-82.52624967912772,9.224583502025837],[-82.52624967912772,9.216250168725935],[-82.5179163458277,9.216250168725935]]]},"properties":{"OBJECTID":1638,"Id":1638,"gridcode":31,"Shape_Length":0.03333333319983467,"Shape_Area":0.00006944444388820001}},{"type":"Feature","id":1639,"geometry":{"type":"Polygon","coordinates":[[[-82.50958301252774,9.216250168725935],[-82.50958301252774,9.224583502025837],[-82.5179163458277,9.224583502025837],[-82.5179163458277,9.216250168725935],[-82.50958301252774,9.216250168725935]]]},"properties":{"OBJECTID":1639,"Id":1639,"gridcode":20,"Shape_Length":0.03333333319972098,"Shape_Area":0.00006944444388772632}},{"type":"Feature","id":1640,"geometry":{"type":"Polygon","coordinates":[[[-82.50124967922773,9.216250168725935],[-82.50124967922773,9.224583502025837],[-82.50958301252774,9.224583502025837],[-82.50958301252774,9.216250168725935],[-82.50124967922773,9.216250168725935]]]},"properties":{"OBJECTID":1640,"Id":1640,"gridcode":11,"Shape_Length":0.03333333319983467,"Shape_Area":0.00006944444388820001}},{"type":"Feature","id":1641,"geometry":{"type":"Polygon","coordinates":[[[-82.46791634602766,9.216250168725935],[-82.46791634602766,9.224583502025837],[-82.47624967932768,9.224583502025837],[-82.47624967932768,9.216250168725935],[-82.46791634602766,9.216250168725935]]]},"properties":{"OBJECTID":1641,"Id":1641,"gridcode":14,"Shape_Length":0.03333333319972098,"Shape_Area":0.00006944444388772632}},{"type":"Feature","id":1642,"geometry":{"type":"Polygon","coordinates":[[[-82.45124967942775,9.232916835325852],[-82.45124967942775,9.224583502025837],[-82.44291634612773,9.224583502025837],[-82.44291634612773,9.241250168625868],[-82.4595830127277,9.241250168625868],[-82.4595830127277,9.232916835325852],[-82.45124967942775,9.232916835325852]]]},"properties":{"OBJECTID":1642,"Id":1642,"gridcode":17,"Shape_Length":0.0666666664000104,"Shape_Area":0.00020833333166696852}},{"type":"Feature","id":1643,"geometry":{"type":"Polygon","coordinates":[[[-82.43458301282777,9.216250168725935],[-82.43458301282777,9.224583502025837],[-82.44291634612773,9.224583502025837],[-82.44291634612773,9.216250168725935],[-82.43458301282777,9.216250168725935]]]},"properties":{"OBJECTID":1643,"Id":1643,"gridcode":18,"Shape_Length":0.03333333319972098,"Shape_Area":0.00006944444388772632}},{"type":"Feature","id":1644,"geometry":{"type":"Polygon","coordinates":[[[-82.42624967952776,9.216250168725935],[-82.42624967952776,9.224583502025837],[-82.43458301282777,9.224583502025837],[-82.43458301282777,9.216250168725935],[-82.42624967952776,9.216250168725935]]]},"properties":{"OBJECTID":1644,"Id":1644,"gridcode":21,"Shape_Length":0.03333333319983467,"Shape_Area":0.00006944444388820001}},{"type":"Feature","id":1645,"geometry":{"type":"Polygon","coordinates":[[[-82.41791634622768,9.216250168725935],[-82.41791634622768,9.224583502025837],[-82.42624967952776,9.224583502025837],[-82.42624967952776,9.216250168725935],[-82.41791634622768,9.216250168725935]]]},"properties":{"OBJECTID":1645,"Id":1645,"gridcode":18,"Shape_Length":0.033333333199948356,"Shape_Area":0.00006944444388867371}},{"type":"Feature","id":1646,"geometry":{"type":"Polygon","coordinates":[[[-82.39291634632775,9.216250168725935],[-82.39291634632775,9.224583502025837],[-82.40124967962771,9.224583502025837],[-82.40124967962771,9.216250168725935],[-82.39291634632775,9.216250168725935]]]},"properties":{"OBJECTID":1646,"Id":1646,"gridcode":14,"Shape_Length":0.03333333319972098,"Shape_Area":0.00006944444388772632}},{"type":"Feature","id":1647,"geometry":{"type":"Polygon","coordinates":[[[-82.38458301302774,9.216250168725935],[-82.38458301302774,9.224583502025837],[-82.39291634632775,9.224583502025837],[-82.39291634632775,9.216250168725935],[-82.38458301302774,9.216250168725935]]]},"properties":{"OBJECTID":1647,"Id":1647,"gridcode":20,"Shape_Length":0.03333333319983467,"Shape_Area":0.00006944444388820001}},{"type":"Feature","id":1648,"geometry":{"type":"Polygon","coordinates":[[[-82.37624967972772,9.216250168725935],[-82.37624967972772,9.224583502025837],[-82.38458301302774,9.224583502025837],[-82.38458301302774,9.216250168725935],[-82.37624967972772,9.216250168725935]]]},"properties":{"OBJECTID":1648,"Id":1648,"gridcode":41,"Shape_Length":0.03333333319983467,"Shape_Area":0.00006944444388820001}},{"type":"Feature","id":1649,"geometry":{"type":"Polygon","coordinates":[[[-82.35958301312769,9.216250168725935],[-82.35958301312769,9.224583502025837],[-82.36791634642776,9.224583502025837],[-82.36791634642776,9.216250168725935],[-82.35958301312769,9.216250168725935]]]},"properties":{"OBJECTID":1649,"Id":1649,"gridcode":40,"Shape_Length":0.033333333199948356,"Shape_Area":0.00006944444388867371}},{"type":"Feature","id":1650,"geometry":{"type":"Polygon","coordinates":[[[-82.36791634642776,9.24958350192594],[-82.36791634642776,9.224583502025837],[-82.35958301312769,9.224583502025837],[-82.35958301312769,9.24958350192594],[-82.36791634642776,9.24958350192594]]]},"properties":{"OBJECTID":1650,"Id":1650,"gridcode":38,"Shape_Length":0.06666666640035146,"Shape_Area":0.00020833333166933699}},{"type":"Feature","id":1651,"geometry":{"type":"Polygon","coordinates":[[[-82.35124967982767,9.216250168725935],[-82.35124967982767,9.224583502025837],[-82.35958301312769,9.224583502025837],[-82.35958301312769,9.216250168725935],[-82.35124967982767,9.216250168725935]]]},"properties":{"OBJECTID":1651,"Id":1651,"gridcode":34,"Shape_Length":0.03333333319983467,"Shape_Area":0.00006944444388820001}},{"type":"Feature","id":1652,"geometry":{"type":"Polygon","coordinates":[[[-82.32624967992774,9.216250168725935],[-82.32624967992774,9.224583502025837],[-82.33458301322776,9.224583502025837],[-82.33458301322776,9.216250168725935],[-82.32624967992774,9.216250168725935]]]},"properties":{"OBJECTID":1652,"Id":1652,"gridcode":34,"Shape_Length":0.03333333319983467,"Shape_Area":0.00006944444388820001}},{"type":"Feature","id":1653,"geometry":{"type":"Polygon","coordinates":[[[-82.31791634662773,9.216250168725935],[-82.31791634662773,9.224583502025837],[-82.32624967992774,9.224583502025837],[-82.32624967992774,9.216250168725935],[-82.31791634662773,9.216250168725935]]]},"properties":{"OBJECTID":1653,"Id":1653,"gridcode":31,"Shape_Length":0.03333333319983467,"Shape_Area":0.00006944444388820001}},{"type":"Feature","id":1654,"geometry":{"type":"Polygon","coordinates":[[[-82.33458301322776,9.224583502025837],[-82.31791634662773,9.224583502025837],[-82.31791634662773,9.232916835325852],[-82.32624967992774,9.232916835325852],[-82.32624967992774,9.241250168625868],[-82.33458301322776,9.241250168625868],[-82.33458301322776,9.224583502025837]]]},"properties":{"OBJECTID":1654,"Id":1654,"gridcode":33,"Shape_Length":0.06666666640012409,"Shape_Area":0.0002083333316674422}},{"type":"Feature","id":1655,"geometry":{"type":"Polygon","coordinates":[[[-82.25124968022766,9.216250168725935],[-82.25124968022766,9.224583502025837],[-82.25958301352773,9.224583502025837],[-82.25958301352773,9.216250168725935],[-82.25124968022766,9.216250168725935]]]},"properties":{"OBJECTID":1655,"Id":1655,"gridcode":46,"Shape_Length":0.033333333199948356,"Shape_Area":0.00006944444388867371}},{"type":"Feature","id":1656,"geometry":{"type":"Polygon","coordinates":[[[-82.24291634692764,9.216250168725935],[-82.24291634692764,9.224583502025837],[-82.25124968022766,9.224583502025837],[-82.25124968022766,9.216250168725935],[-82.24291634692764,9.216250168725935]]]},"properties":{"OBJECTID":1656,"Id":1656,"gridcode":40,"Shape_Length":0.03333333319972098,"Shape_Area":0.00006944444388772632}},{"type":"Feature","id":1657,"geometry":{"type":"Polygon","coordinates":[[[-82.20958301372775,9.216250168725935],[-82.20958301372775,9.224583502025837],[-82.21791634702771,9.224583502025837],[-82.21791634702771,9.216250168725935],[-82.20958301372775,9.216250168725935]]]},"properties":{"OBJECTID":1657,"Id":1657,"gridcode":37,"Shape_Length":0.03333333319972098,"Shape_Area":0.00006944444388772632}},{"type":"Feature","id":1658,"geometry":{"type":"Polygon","coordinates":[[[-82.20124968042774,9.216250168725935],[-82.20124968042774,9.224583502025837],[-82.20958301372775,9.224583502025837],[-82.20958301372775,9.216250168725935],[-82.20124968042774,9.216250168725935]]]},"properties":{"OBJECTID":1658,"Id":1658,"gridcode":33,"Shape_Length":0.03333333319983467,"Shape_Area":0.00006944444388820001}},{"type":"Feature","id":1659,"geometry":{"type":"Polygon","coordinates":[[[-82.19291634712766,9.216250168725935],[-82.19291634712766,9.224583502025837],[-82.20124968042774,9.224583502025837],[-82.20124968042774,9.216250168725935],[-82.19291634712766,9.216250168725935]]]},"properties":{"OBJECTID":1659,"Id":1659,"gridcode":29,"Shape_Length":0.033333333199948356,"Shape_Area":0.00006944444388867371}},{"type":"Feature","id":1660,"geometry":{"type":"Polygon","coordinates":[[[-82.18458301382776,9.216250168725935],[-82.18458301382776,9.224583502025837],[-82.19291634712766,9.224583502025837],[-82.19291634712766,9.216250168725935],[-82.18458301382776,9.216250168725935]]]},"properties":{"OBJECTID":1660,"Id":1660,"gridcode":28,"Shape_Length":0.033333333199607296,"Shape_Area":0.00006944444388725262}},{"type":"Feature","id":1661,"geometry":{"type":"Polygon","coordinates":[[[-82.17624968052769,9.216250168725935],[-82.17624968052769,9.224583502025837],[-82.18458301382776,9.224583502025837],[-82.18458301382776,9.216250168725935],[-82.17624968052769,9.216250168725935]]]},"properties":{"OBJECTID":1661,"Id":1661,"gridcode":26,"Shape_Length":0.033333333199948356,"Shape_Area":0.00006944444388867371}},{"type":"Feature","id":1662,"geometry":{"type":"Polygon","coordinates":[[[-82.15958301392772,9.216250168725935],[-82.15958301392772,9.224583502025837],[-82.16791634722773,9.224583502025837],[-82.16791634722773,9.216250168725935],[-82.15958301392772,9.216250168725935]]]},"properties":{"OBJECTID":1662,"Id":1662,"gridcode":35,"Shape_Length":0.03333333319983467,"Shape_Area":0.00006944444388820001}},{"type":"Feature","id":1663,"geometry":{"type":"Polygon","coordinates":[[[-82.13458301402761,9.216250168725935],[-82.13458301402761,9.224583502025837],[-82.14291634732774,9.224583502025837],[-82.14291634732774,9.216250168725935],[-82.13458301402761,9.216250168725935]]]},"properties":{"OBJECTID":1663,"Id":1663,"gridcode":32,"Shape_Length":0.033333333199948356,"Shape_Area":0.00006944444388867371}},{"type":"Feature","id":1664,"geometry":{"type":"Polygon","coordinates":[[[-82.15958301392772,9.224583502025837],[-82.13458301402761,9.224583502025837],[-82.13458301402761,9.232916835325852],[-82.15958301392772,9.232916835325852],[-82.15958301392772,9.224583502025837]]]},"properties":{"OBJECTID":1664,"Id":1664,"gridcode":35,"Shape_Length":0.06666666640012409,"Shape_Area":0.0002083333316674422}},{"type":"Feature","id":1665,"geometry":{"type":"Polygon","coordinates":[[[-82.10958301412768,9.216250168725935],[-82.10958301412768,9.224583502025837],[-82.1179163474277,9.224583502025837],[-82.1179163474277,9.216250168725935],[-82.10958301412768,9.216250168725935]]]},"properties":{"OBJECTID":1665,"Id":1665,"gridcode":35,"Shape_Length":0.03333333319983467,"Shape_Area":0.00006944444388820001}},{"type":"Feature","id":1666,"geometry":{"type":"Polygon","coordinates":[[[-82.13458301402761,9.224583502025837],[-82.10958301412768,9.224583502025837],[-82.10958301412768,9.232916835325852],[-82.13458301402761,9.232916835325852],[-82.13458301402761,9.224583502025837]]]},"properties":{"OBJECTID":1666,"Id":1666,"gridcode":36,"Shape_Length":0.0666666664000104,"Shape_Area":0.00020833333166696852}},{"type":"Feature","id":1667,"geometry":{"type":"Polygon","coordinates":[[[-82.10124968082772,9.216250168725935],[-82.10124968082772,9.224583502025837],[-82.10958301412768,9.224583502025837],[-82.10958301412768,9.216250168725935],[-82.10124968082772,9.216250168725935]]]},"properties":{"OBJECTID":1667,"Id":1667,"gridcode":45,"Shape_Length":0.03333333319972098,"Shape_Area":0.00006944444388772632}},{"type":"Feature","id":1668,"geometry":{"type":"Polygon","coordinates":[[[-82.90958301092775,9.20791683542592],[-82.90958301092775,9.216250168725935],[-82.91791634422776,9.216250168725935],[-82.91791634422776,9.20791683542592],[-82.90958301092775,9.20791683542592]]]},"properties":{"OBJECTID":1668,"Id":1668,"gridcode":4,"Shape_Length":0.03333333320006204,"Shape_Area":0.0000694444438891474}},{"type":"Feature","id":1669,"geometry":{"type":"Polygon","coordinates":[[[-82.71791634502779,9.20791683542592],[-82.71791634502779,9.216250168725935],[-82.72624967832775,9.216250168725935],[-82.72624967832775,9.20791683542592],[-82.71791634502779,9.20791683542592]]]},"properties":{"OBJECTID":1669,"Id":1669,"gridcode":2,"Shape_Length":0.033333333199948356,"Shape_Area":0.00006944444388867371}},{"type":"Feature","id":1670,"geometry":{"type":"Polygon","coordinates":[[[-82.60958301212776,9.20791683542592],[-82.60958301212776,9.216250168725935],[-82.61791634542777,9.216250168725935],[-82.61791634542777,9.20791683542592],[-82.60958301212776,9.20791683542592]]]},"properties":{"OBJECTID":1670,"Id":1670,"gridcode":3,"Shape_Length":0.03333333320006204,"Shape_Area":0.0000694444438891474}},{"type":"Feature","id":1671,"geometry":{"type":"Polygon","coordinates":[[[-82.59291634552778,9.20791683542592],[-82.59291634552778,9.216250168725935],[-82.60124967882763,9.216250168725935],[-82.60124967882763,9.20791683542592],[-82.59291634552778,9.20791683542592]]]},"properties":{"OBJECTID":1671,"Id":1671,"gridcode":10,"Shape_Length":0.03333333319983467,"Shape_Area":0.00006944444388820001}},{"type":"Feature","id":1672,"geometry":{"type":"Polygon","coordinates":[[[-82.60124967882763,9.232916835325852],[-82.60124967882763,9.216250168725935],[-82.59291634552778,9.216250168725935],[-82.59291634552778,9.232916835325852],[-82.60124967882763,9.232916835325852]]]},"properties":{"OBJECTID":1672,"Id":1672,"gridcode":12,"Shape_Length":0.04999999979963832,"Shape_Area":0.00013888888777545264}},{"type":"Feature","id":1673,"geometry":{"type":"Polygon","coordinates":[[[-82.59291634552778,9.216250168725935],[-82.5762496789277,9.216250168725935],[-82.5762496789277,9.224583502025837],[-82.58458301222771,9.224583502025837],[-82.58458301222771,9.232916835325852],[-82.59291634552778,9.232916835325852],[-82.59291634552778,9.216250168725935]]]},"properties":{"OBJECTID":1673,"Id":1673,"gridcode":14,"Shape_Length":0.0666666664000104,"Shape_Area":0.0002083333316664948}},{"type":"Feature","id":1674,"geometry":{"type":"Polygon","coordinates":[[[-82.5762496789277,9.224583502025837],[-82.5762496789277,9.216250168725935],[-82.56791634562774,9.216250168725935],[-82.56791634562774,9.232916835325852],[-82.58458301222771,9.232916835325852],[-82.58458301222771,9.224583502025837],[-82.5762496789277,9.224583502025837]]]},"properties":{"OBJECTID":1674,"Id":1674,"gridcode":15,"Shape_Length":0.06666666639978303,"Shape_Area":0.00020833333166554743}},{"type":"Feature","id":1675,"geometry":{"type":"Polygon","coordinates":[[[-82.55958301232772,9.20791683542592],[-82.55958301232772,9.216250168725935],[-82.56791634562774,9.216250168725935],[-82.56791634562774,9.20791683542592],[-82.55958301232772,9.20791683542592]]]},"properties":{"OBJECTID":1675,"Id":1675,"gridcode":15,"Shape_Length":0.03333333320006204,"Shape_Area":0.0000694444438891474}},{"type":"Feature","id":1676,"geometry":{"type":"Polygon","coordinates":[[[-82.55124967902776,9.20791683542592],[-82.55124967902776,9.216250168725935],[-82.55958301232772,9.216250168725935],[-82.55958301232772,9.20791683542592],[-82.55124967902776,9.20791683542592]]]},"properties":{"OBJECTID":1676,"Id":1676,"gridcode":17,"Shape_Length":0.033333333199948356,"Shape_Area":0.00006944444388867371}},{"type":"Feature","id":1677,"geometry":{"type":"Polygon","coordinates":[[[-82.54291634572775,9.20791683542592],[-82.54291634572775,9.216250168725935],[-82.55124967902776,9.216250168725935],[-82.55124967902776,9.20791683542592],[-82.54291634572775,9.20791683542592]]]},"properties":{"OBJECTID":1677,"Id":1677,"gridcode":20,"Shape_Length":0.03333333320006204,"Shape_Area":0.0000694444438891474}},{"type":"Feature","id":1678,"geometry":{"type":"Polygon","coordinates":[[[-82.52624967912772,9.20791683542592],[-82.52624967912772,9.216250168725935],[-82.53458301242779,9.216250168725935],[-82.53458301242779,9.20791683542592],[-82.52624967912772,9.20791683542592]]]},"properties":{"OBJECTID":1678,"Id":1678,"gridcode":24,"Shape_Length":0.03333333320017573,"Shape_Area":0.0000694444438896211}},{"type":"Feature","id":1679,"geometry":{"type":"Polygon","coordinates":[[[-82.5179163458277,9.20791683542592],[-82.5179163458277,9.216250168725935],[-82.52624967912772,9.216250168725935],[-82.52624967912772,9.20791683542592],[-82.5179163458277,9.20791683542592]]]},"properties":{"OBJECTID":1679,"Id":1679,"gridcode":20,"Shape_Length":0.03333333320006204,"Shape_Area":0.0000694444438891474}},{"type":"Feature","id":1680,"geometry":{"type":"Polygon","coordinates":[[[-82.50958301252774,9.20791683542592],[-82.50958301252774,9.216250168725935],[-82.5179163458277,9.216250168725935],[-82.5179163458277,9.20791683542592],[-82.50958301252774,9.20791683542592]]]},"properties":{"OBJECTID":1680,"Id":1680,"gridcode":9,"Shape_Length":0.033333333199948356,"Shape_Area":0.00006944444388867371}},{"type":"Feature","id":1681,"geometry":{"type":"Polygon","coordinates":[[[-82.50124967922773,9.20791683542592],[-82.50124967922773,9.216250168725935],[-82.50958301252774,9.216250168725935],[-82.50958301252774,9.20791683542592],[-82.50124967922773,9.20791683542592]]]},"properties":{"OBJECTID":1681,"Id":1681,"gridcode":10,"Shape_Length":0.03333333320006204,"Shape_Area":0.0000694444438891474}},{"type":"Feature","id":1682,"geometry":{"type":"Polygon","coordinates":[[[-82.49291634592777,9.20791683542592],[-82.49291634592777,9.216250168725935],[-82.50124967922773,9.216250168725935],[-82.50124967922773,9.20791683542592],[-82.49291634592777,9.20791683542592]]]},"properties":{"OBJECTID":1682,"Id":1682,"gridcode":12,"Shape_Length":0.033333333199948356,"Shape_Area":0.00006944444388867371}},{"type":"Feature","id":1683,"geometry":{"type":"Polygon","coordinates":[[[-82.50124967922773,9.216250168725935],[-82.48458301262775,9.216250168725935],[-82.48458301262775,9.224583502025837],[-82.50124967922773,9.224583502025837],[-82.50124967922773,9.216250168725935]]]},"properties":{"OBJECTID":1683,"Id":1683,"gridcode":14,"Shape_Length":0.049999999799752004,"Shape_Area":0.00013888888777592633}},{"type":"Feature","id":1684,"geometry":{"type":"Polygon","coordinates":[[[-82.46791634602766,9.20791683542592],[-82.46791634602766,9.216250168725935],[-82.47624967932768,9.216250168725935],[-82.47624967932768,9.20791683542592],[-82.46791634602766,9.20791683542592]]]},"properties":{"OBJECTID":1684,"Id":1684,"gridcode":12,"Shape_Length":0.033333333199948356,"Shape_Area":0.00006944444388867371}},{"type":"Feature","id":1685,"geometry":{"type":"Polygon","coordinates":[[[-82.46791634602766,9.224583502025837],[-82.46791634602766,9.216250168725935],[-82.4595830127277,9.216250168725935],[-82.4595830127277,9.232916835325852],[-82.46791634602766,9.232916835325852],[-82.46791634602766,9.241250168625868],[-82.48458301262775,9.241250168625868],[-82.48458301262775,9.224583502025837],[-82.46791634602766,9.224583502025837]]]},"properties":{"OBJECTID":1685,"Id":1685,"gridcode":15,"Shape_Length":0.09999999959995876,"Shape_Area":0.000416666663333937}},{"type":"Feature","id":1686,"geometry":{"type":"Polygon","coordinates":[[[-82.4595830127277,9.216250168725935],[-82.44291634612773,9.216250168725935],[-82.44291634612773,9.224583502025837],[-82.45124967942775,9.224583502025837],[-82.45124967942775,9.232916835325852],[-82.4595830127277,9.232916835325852],[-82.4595830127277,9.216250168725935]]]},"properties":{"OBJECTID":1686,"Id":1686,"gridcode":16,"Shape_Length":0.06666666639978303,"Shape_Area":0.00020833333166460003}},{"type":"Feature","id":1687,"geometry":{"type":"Polygon","coordinates":[[[-82.43458301282777,9.20791683542592],[-82.43458301282777,9.216250168725935],[-82.44291634612773,9.216250168725935],[-82.44291634612773,9.20791683542592],[-82.43458301282777,9.20791683542592]]]},"properties":{"OBJECTID":1687,"Id":1687,"gridcode":16,"Shape_Length":0.033333333199948356,"Shape_Area":0.00006944444388867371}},{"type":"Feature","id":1688,"geometry":{"type":"Polygon","coordinates":[[[-82.40124967962771,9.20791683542592],[-82.40124967962771,9.216250168725935],[-82.40958301292767,9.216250168725935],[-82.40958301292767,9.20791683542592],[-82.40124967962771,9.20791683542592]]]},"properties":{"OBJECTID":1688,"Id":1688,"gridcode":14,"Shape_Length":0.03333333320006204,"Shape_Area":0.0000694444438891474}},{"type":"Feature","id":1689,"geometry":{"type":"Polygon","coordinates":[[[-82.37624967972772,9.20791683542592],[-82.37624967972772,9.216250168725935],[-82.38458301302774,9.216250168725935],[-82.38458301302774,9.20791683542592],[-82.37624967972772,9.20791683542592]]]},"properties":{"OBJECTID":1689,"Id":1689,"gridcode":28,"Shape_Length":0.03333333320006204,"Shape_Area":0.0000694444438891474}},{"type":"Feature","id":1690,"geometry":{"type":"Polygon","coordinates":[[[-82.35958301312769,9.20791683542592],[-82.35958301312769,9.216250168725935],[-82.36791634642776,9.216250168725935],[-82.36791634642776,9.20791683542592],[-82.35958301312769,9.20791683542592]]]},"properties":{"OBJECTID":1690,"Id":1690,"gridcode":41,"Shape_Length":0.03333333320017573,"Shape_Area":0.0000694444438896211}},{"type":"Feature","id":1691,"geometry":{"type":"Polygon","coordinates":[[[-82.35124967982767,9.20791683542592],[-82.35124967982767,9.216250168725935],[-82.35958301312769,9.216250168725935],[-82.35958301312769,9.20791683542592],[-82.35124967982767,9.20791683542592]]]},"properties":{"OBJECTID":1691,"Id":1691,"gridcode":36,"Shape_Length":0.03333333320006204,"Shape_Area":0.0000694444438891474}},{"type":"Feature","id":1692,"geometry":{"type":"Polygon","coordinates":[[[-82.31791634662773,9.20791683542592],[-82.31791634662773,9.216250168725935],[-82.32624967992774,9.216250168725935],[-82.32624967992774,9.20791683542592],[-82.31791634662773,9.20791683542592]]]},"properties":{"OBJECTID":1692,"Id":1692,"gridcode":32,"Shape_Length":0.03333333320006204,"Shape_Area":0.0000694444438891474}},{"type":"Feature","id":1693,"geometry":{"type":"Polygon","coordinates":[[[-82.29291634672768,9.232916835325852],[-82.29291634672768,9.216250168725935],[-82.28458301342772,9.216250168725935],[-82.28458301342772,9.224583502025837],[-82.2762496801277,9.224583502025837],[-82.2762496801277,9.232916835325852],[-82.29291634672768,9.232916835325852]]]},"properties":{"OBJECTID":1693,"Id":1693,"gridcode":45,"Shape_Length":0.06666666639978303,"Shape_Area":0.0002083333316655474}},{"type":"Feature","id":1694,"geometry":{"type":"Polygon","coordinates":[[[-82.28458301342772,9.216250168725935],[-82.26791634682775,9.216250168725935],[-82.26791634682775,9.224583502025837],[-82.28458301342772,9.224583502025837],[-82.28458301342772,9.216250168725935]]]},"properties":{"OBJECTID":1694,"Id":1694,"gridcode":47,"Shape_Length":0.049999999799752004,"Shape_Area":0.00013888888777592633}},{"type":"Feature","id":1695,"geometry":{"type":"Polygon","coordinates":[[[-82.25958301352773,9.20791683542592],[-82.25958301352773,9.216250168725935],[-82.26791634682775,9.216250168725935],[-82.26791634682775,9.20791683542592],[-82.25958301352773,9.20791683542592]]]},"properties":{"OBJECTID":1695,"Id":1695,"gridcode":49,"Shape_Length":0.03333333320006204,"Shape_Area":0.0000694444438891474}},{"type":"Feature","id":1696,"geometry":{"type":"Polygon","coordinates":[[[-82.26791634682775,9.232916835325852],[-82.26791634682775,9.216250168725935],[-82.25958301352773,9.216250168725935],[-82.25958301352773,9.224583502025837],[-82.25124968022766,9.224583502025837],[-82.25124968022766,9.241250168625868],[-82.25958301352773,9.241250168625868],[-82.25958301352773,9.232916835325852],[-82.26791634682775,9.232916835325852]]]},"properties":{"OBJECTID":1696,"Id":1696,"gridcode":44,"Shape_Length":0.08333333300004142,"Shape_Area":0.00027777777555658965}},{"type":"Feature","id":1697,"geometry":{"type":"Polygon","coordinates":[[[-82.25124968022766,9.20791683542592],[-82.25124968022766,9.216250168725935],[-82.25958301352773,9.216250168725935],[-82.25958301352773,9.20791683542592],[-82.25124968022766,9.20791683542592]]]},"properties":{"OBJECTID":1697,"Id":1697,"gridcode":42,"Shape_Length":0.03333333320017573,"Shape_Area":0.0000694444438896211}},{"type":"Feature","id":1698,"geometry":{"type":"Polygon","coordinates":[[[-82.21791634702771,9.20791683542592],[-82.21791634702771,9.216250168725935],[-82.22624968032773,9.216250168725935],[-82.22624968032773,9.20791683542592],[-82.21791634702771,9.20791683542592]]]},"properties":{"OBJECTID":1698,"Id":1698,"gridcode":35,"Shape_Length":0.03333333320006204,"Shape_Area":0.0000694444438891474}},{"type":"Feature","id":1699,"geometry":{"type":"Polygon","coordinates":[[[-82.23458301362768,9.216250168725935],[-82.21791634702771,9.216250168725935],[-82.21791634702771,9.224583502025837],[-82.23458301362768,9.224583502025837],[-82.23458301362768,9.216250168725935]]]},"properties":{"OBJECTID":1699,"Id":1699,"gridcode":38,"Shape_Length":0.049999999799752004,"Shape_Area":0.00013888888777592633}},{"type":"Feature","id":1700,"geometry":{"type":"Polygon","coordinates":[[[-82.20958301372775,9.20791683542592],[-82.20958301372775,9.216250168725935],[-82.21791634702771,9.216250168725935],[-82.21791634702771,9.20791683542592],[-82.20958301372775,9.20791683542592]]]},"properties":{"OBJECTID":1700,"Id":1700,"gridcode":39,"Shape_Length":0.033333333199948356,"Shape_Area":0.00006944444388867371}},{"type":"Feature","id":1701,"geometry":{"type":"Polygon","coordinates":[[[-82.20124968042774,9.20791683542592],[-82.20124968042774,9.216250168725935],[-82.20958301372775,9.216250168725935],[-82.20958301372775,9.20791683542592],[-82.20124968042774,9.20791683542592]]]},"properties":{"OBJECTID":1701,"Id":1701,"gridcode":36,"Shape_Length":0.03333333320006204,"Shape_Area":0.0000694444438891474}},{"type":"Feature","id":1702,"geometry":{"type":"Polygon","coordinates":[[[-82.19291634712766,9.20791683542592],[-82.19291634712766,9.216250168725935],[-82.20124968042774,9.216250168725935],[-82.20124968042774,9.20791683542592],[-82.19291634712766,9.20791683542592]]]},"properties":{"OBJECTID":1702,"Id":1702,"gridcode":32,"Shape_Length":0.03333333320017573,"Shape_Area":0.0000694444438896211}},{"type":"Feature","id":1703,"geometry":{"type":"Polygon","coordinates":[[[-82.14291634732774,9.20791683542592],[-82.14291634732774,9.216250168725935],[-82.15124968062776,9.216250168725935],[-82.15124968062776,9.20791683542592],[-82.14291634732774,9.20791683542592]]]},"properties":{"OBJECTID":1703,"Id":1703,"gridcode":35,"Shape_Length":0.03333333320006204,"Shape_Area":0.0000694444438891474}},{"type":"Feature","id":1704,"geometry":{"type":"Polygon","coordinates":[[[-82.15958301392772,9.216250168725935],[-82.14291634732774,9.216250168725935],[-82.14291634732774,9.224583502025837],[-82.15958301392772,9.224583502025837],[-82.15958301392772,9.216250168725935]]]},"properties":{"OBJECTID":1704,"Id":1704,"gridcode":34,"Shape_Length":0.049999999799752004,"Shape_Area":0.00013888888777592633}},{"type":"Feature","id":1705,"geometry":{"type":"Polygon","coordinates":[[[-82.13458301402761,9.20791683542592],[-82.13458301402761,9.216250168725935],[-82.14291634732774,9.216250168725935],[-82.14291634732774,9.20791683542592],[-82.13458301402761,9.20791683542592]]]},"properties":{"OBJECTID":1705,"Id":1705,"gridcode":34,"Shape_Length":0.03333333320017573,"Shape_Area":0.0000694444438896211}},{"type":"Feature","id":1706,"geometry":{"type":"Polygon","coordinates":[[[-82.13458301402761,9.216250168725935],[-82.1179163474277,9.216250168725935],[-82.1179163474277,9.224583502025837],[-82.13458301402761,9.224583502025837],[-82.13458301402761,9.216250168725935]]]},"properties":{"OBJECTID":1706,"Id":1706,"gridcode":31,"Shape_Length":0.049999999799752004,"Shape_Area":0.00013888888777592633}},{"type":"Feature","id":1707,"geometry":{"type":"Polygon","coordinates":[[[-82.10958301412768,9.20791683542592],[-82.10958301412768,9.216250168725935],[-82.1179163474277,9.216250168725935],[-82.1179163474277,9.20791683542592],[-82.10958301412768,9.20791683542592]]]},"properties":{"OBJECTID":1707,"Id":1707,"gridcode":34,"Shape_Length":0.03333333320006204,"Shape_Area":0.0000694444438891474}},{"type":"Feature","id":1708,"geometry":{"type":"Polygon","coordinates":[[[-82.10124968082772,9.20791683542592],[-82.10124968082772,9.216250168725935],[-82.10958301412768,9.216250168725935],[-82.10958301412768,9.20791683542592],[-82.10124968082772,9.20791683542592]]]},"properties":{"OBJECTID":1708,"Id":1708,"gridcode":36,"Shape_Length":0.033333333199948356,"Shape_Area":0.00006944444388867371}},{"type":"Feature","id":1709,"geometry":{"type":"Polygon","coordinates":[[[-82.69291634512774,9.199583502125904],[-82.69291634512774,9.20791683542592],[-82.7012496784277,9.20791683542592],[-82.7012496784277,9.199583502125904],[-82.69291634512774,9.199583502125904]]]},"properties":{"OBJECTID":1709,"Id":1709,"gridcode":2,"Shape_Length":0.033333333199948356,"Shape_Area":0.00006944444388867371}},{"type":"Feature","id":1710,"geometry":{"type":"Polygon","coordinates":[[[-82.60958301212776,9.199583502125904],[-82.60958301212776,9.20791683542592],[-82.61791634542777,9.20791683542592],[-82.61791634542777,9.199583502125904],[-82.60958301212776,9.199583502125904]]]},"properties":{"OBJECTID":1710,"Id":1710,"gridcode":6,"Shape_Length":0.03333333320006204,"Shape_Area":0.0000694444438891474}},{"type":"Feature","id":1711,"geometry":{"type":"Polygon","coordinates":[[[-82.58458301222771,9.199583502125904],[-82.58458301222771,9.20791683542592],[-82.59291634552778,9.20791683542592],[-82.59291634552778,9.199583502125904],[-82.58458301222771,9.199583502125904]]]},"properties":{"OBJECTID":1711,"Id":1711,"gridcode":12,"Shape_Length":0.03333333320017573,"Shape_Area":0.0000694444438896211}},{"type":"Feature","id":1712,"geometry":{"type":"Polygon","coordinates":[[[-82.55124967902776,9.199583502125904],[-82.55124967902776,9.20791683542592],[-82.55958301232772,9.20791683542592],[-82.55958301232772,9.199583502125904],[-82.55124967902776,9.199583502125904]]]},"properties":{"OBJECTID":1712,"Id":1712,"gridcode":15,"Shape_Length":0.033333333199948356,"Shape_Area":0.00006944444388867371}},{"type":"Feature","id":1713,"geometry":{"type":"Polygon","coordinates":[[[-82.54291634572775,9.199583502125904],[-82.54291634572775,9.20791683542592],[-82.55124967902776,9.20791683542592],[-82.55124967902776,9.199583502125904],[-82.54291634572775,9.199583502125904]]]},"properties":{"OBJECTID":1713,"Id":1713,"gridcode":18,"Shape_Length":0.03333333320006204,"Shape_Area":0.0000694444438891474}},{"type":"Feature","id":1714,"geometry":{"type":"Polygon","coordinates":[[[-82.53458301242779,9.199583502125904],[-82.53458301242779,9.20791683542592],[-82.54291634572775,9.20791683542592],[-82.54291634572775,9.199583502125904],[-82.53458301242779,9.199583502125904]]]},"properties":{"OBJECTID":1714,"Id":1714,"gridcode":19,"Shape_Length":0.033333333199948356,"Shape_Area":0.00006944444388867371}},{"type":"Feature","id":1715,"geometry":{"type":"Polygon","coordinates":[[[-82.54291634572775,9.232916835325852],[-82.54291634572775,9.20791683542592],[-82.53458301242779,9.20791683542592],[-82.53458301242779,9.232916835325852],[-82.54291634572775,9.232916835325852]]]},"properties":{"OBJECTID":1715,"Id":1715,"gridcode":22,"Shape_Length":0.06666666639978303,"Shape_Area":0.00020833333166507374}},{"type":"Feature","id":1716,"geometry":{"type":"Polygon","coordinates":[[[-82.52624967912772,9.199583502125904],[-82.52624967912772,9.20791683542592],[-82.53458301242779,9.20791683542592],[-82.53458301242779,9.199583502125904],[-82.52624967912772,9.199583502125904]]]},"properties":{"OBJECTID":1716,"Id":1716,"gridcode":13,"Shape_Length":0.03333333320017573,"Shape_Area":0.0000694444438896211}},{"type":"Feature","id":1717,"geometry":{"type":"Polygon","coordinates":[[[-82.5179163458277,9.199583502125904],[-82.5179163458277,9.20791683542592],[-82.52624967912772,9.20791683542592],[-82.52624967912772,9.199583502125904],[-82.5179163458277,9.199583502125904]]]},"properties":{"OBJECTID":1717,"Id":1717,"gridcode":10,"Shape_Length":0.03333333320006204,"Shape_Area":0.0000694444438891474}},{"type":"Feature","id":1718,"geometry":{"type":"Polygon","coordinates":[[[-82.49291634592777,9.199583502125904],[-82.49291634592777,9.20791683542592],[-82.50124967922773,9.20791683542592],[-82.50124967922773,9.199583502125904],[-82.49291634592777,9.199583502125904]]]},"properties":{"OBJECTID":1718,"Id":1718,"gridcode":10,"Shape_Length":0.033333333199948356,"Shape_Area":0.00006944444388867371}},{"type":"Feature","id":1719,"geometry":{"type":"Polygon","coordinates":[[[-82.48458301262775,9.199583502125904],[-82.48458301262775,9.20791683542592],[-82.49291634592777,9.20791683542592],[-82.49291634592777,9.199583502125904],[-82.48458301262775,9.199583502125904]]]},"properties":{"OBJECTID":1719,"Id":1719,"gridcode":12,"Shape_Length":0.03333333320006204,"Shape_Area":0.0000694444438891474}},{"type":"Feature","id":1720,"geometry":{"type":"Polygon","coordinates":[[[-82.4595830127277,9.20791683542592],[-82.44291634612773,9.20791683542592],[-82.44291634612773,9.216250168725935],[-82.4595830127277,9.216250168725935],[-82.4595830127277,9.20791683542592]]]},"properties":{"OBJECTID":1720,"Id":1720,"gridcode":15,"Shape_Length":0.04999999979997938,"Shape_Area":0.0001388888877778211}},{"type":"Feature","id":1721,"geometry":{"type":"Polygon","coordinates":[[[-82.43458301282777,9.199583502125904],[-82.43458301282777,9.20791683542592],[-82.44291634612773,9.20791683542592],[-82.44291634612773,9.199583502125904],[-82.43458301282777,9.199583502125904]]]},"properties":{"OBJECTID":1721,"Id":1721,"gridcode":15,"Shape_Length":0.033333333199948356,"Shape_Area":0.00006944444388867371}},{"type":"Feature","id":1722,"geometry":{"type":"Polygon","coordinates":[[[-82.43458301282777,9.20791683542592],[-82.40958301292767,9.20791683542592],[-82.40958301292767,9.216250168725935],[-82.40124967962771,9.216250168725935],[-82.40124967962771,9.224583502025837],[-82.41791634622768,9.224583502025837],[-82.41791634622768,9.216250168725935],[-82.43458301282777,9.216250168725935],[-82.43458301282777,9.20791683542592]]]},"properties":{"OBJECTID":1722,"Id":1722,"gridcode":15,"Shape_Length":0.09999999959995876,"Shape_Area":0.0003472222194433686}},{"type":"Feature","id":1723,"geometry":{"type":"Polygon","coordinates":[[[-82.37624967972772,9.199583502125904],[-82.37624967972772,9.20791683542592],[-82.38458301302774,9.20791683542592],[-82.38458301302774,9.199583502125904],[-82.37624967972772,9.199583502125904]]]},"properties":{"OBJECTID":1723,"Id":1723,"gridcode":17,"Shape_Length":0.03333333320006204,"Shape_Area":0.0000694444438891474}},{"type":"Feature","id":1724,"geometry":{"type":"Polygon","coordinates":[[[-82.37624967972772,9.232916835325852],[-82.37624967972772,9.20791683542592],[-82.36791634642776,9.20791683542592],[-82.36791634642776,9.232916835325852],[-82.37624967972772,9.232916835325852]]]},"properties":{"OBJECTID":1724,"Id":1724,"gridcode":43,"Shape_Length":0.06666666639978303,"Shape_Area":0.00020833333166507374}},{"type":"Feature","id":1725,"geometry":{"type":"Polygon","coordinates":[[[-82.35124967982767,9.199583502125904],[-82.35124967982767,9.20791683542592],[-82.35958301312769,9.20791683542592],[-82.35958301312769,9.199583502125904],[-82.35124967982767,9.199583502125904]]]},"properties":{"OBJECTID":1725,"Id":1725,"gridcode":40,"Shape_Length":0.03333333320006204,"Shape_Area":0.0000694444438891474}},{"type":"Feature","id":1726,"geometry":{"type":"Polygon","coordinates":[[[-82.30958301332777,9.199583502125904],[-82.30958301332777,9.20791683542592],[-82.31791634662773,9.20791683542592],[-82.31791634662773,9.199583502125904],[-82.30958301332777,9.199583502125904]]]},"properties":{"OBJECTID":1726,"Id":1726,"gridcode":36,"Shape_Length":0.033333333199948356,"Shape_Area":0.00006944444388867371}},{"type":"Feature","id":1727,"geometry":{"type":"Polygon","coordinates":[[[-82.30124968002764,9.199583502125904],[-82.30124968002764,9.20791683542592],[-82.30958301332777,9.20791683542592],[-82.30958301332777,9.199583502125904],[-82.30124968002764,9.199583502125904]]]},"properties":{"OBJECTID":1727,"Id":1727,"gridcode":43,"Shape_Length":0.03333333320017573,"Shape_Area":0.0000694444438896211}},{"type":"Feature","id":1728,"geometry":{"type":"Polygon","coordinates":[[[-82.28458301342772,9.199583502125904],[-82.28458301342772,9.20791683542592],[-82.29291634672768,9.20791683542592],[-82.29291634672768,9.199583502125904],[-82.28458301342772,9.199583502125904]]]},"properties":{"OBJECTID":1728,"Id":1728,"gridcode":46,"Shape_Length":0.033333333199948356,"Shape_Area":0.00006944444388867371}},{"type":"Feature","id":1729,"geometry":{"type":"Polygon","coordinates":[[[-82.30124968002764,9.20791683542592],[-82.28458301342772,9.20791683542592],[-82.28458301342772,9.216250168725935],[-82.29291634672768,9.216250168725935],[-82.29291634672768,9.224583502025837],[-82.30124968002764,9.224583502025837],[-82.30124968002764,9.20791683542592]]]},"properties":{"OBJECTID":1729,"Id":1729,"gridcode":44,"Shape_Length":0.06666666639978303,"Shape_Area":0.00020833333166602114}},{"type":"Feature","id":1730,"geometry":{"type":"Polygon","coordinates":[[[-82.2762496801277,9.199583502125904],[-82.2762496801277,9.20791683542592],[-82.28458301342772,9.20791683542592],[-82.28458301342772,9.199583502125904],[-82.2762496801277,9.199583502125904]]]},"properties":{"OBJECTID":1730,"Id":1730,"gridcode":56,"Shape_Length":0.03333333320006204,"Shape_Area":0.0000694444438891474}},{"type":"Feature","id":1731,"geometry":{"type":"Polygon","coordinates":[[[-82.26791634682775,9.199583502125904],[-82.26791634682775,9.20791683542592],[-82.2762496801277,9.20791683542592],[-82.2762496801277,9.199583502125904],[-82.26791634682775,9.199583502125904]]]},"properties":{"OBJECTID":1731,"Id":1731,"gridcode":64,"Shape_Length":0.033333333199948356,"Shape_Area":0.00006944444388867371}},{"type":"Feature","id":1732,"geometry":{"type":"Polygon","coordinates":[[[-82.28458301342772,9.20791683542592],[-82.26791634682775,9.20791683542592],[-82.26791634682775,9.216250168725935],[-82.28458301342772,9.216250168725935],[-82.28458301342772,9.20791683542592]]]},"properties":{"OBJECTID":1732,"Id":1732,"gridcode":48,"Shape_Length":0.04999999979997938,"Shape_Area":0.0001388888877778211}},{"type":"Feature","id":1733,"geometry":{"type":"Polygon","coordinates":[[[-82.25124968022766,9.20791683542592],[-82.23458301362768,9.20791683542592],[-82.23458301362768,9.224583502025837],[-82.24291634692764,9.224583502025837],[-82.24291634692764,9.216250168725935],[-82.25124968022766,9.216250168725935],[-82.25124968022766,9.20791683542592]]]},"properties":{"OBJECTID":1733,"Id":1733,"gridcode":39,"Shape_Length":0.06666666639978303,"Shape_Area":0.00020833333166602114}},{"type":"Feature","id":1734,"geometry":{"type":"Polygon","coordinates":[[[-82.20958301372775,9.199583502125904],[-82.20958301372775,9.20791683542592],[-82.21791634702771,9.20791683542592],[-82.21791634702771,9.199583502125904],[-82.20958301372775,9.199583502125904]]]},"properties":{"OBJECTID":1734,"Id":1734,"gridcode":35,"Shape_Length":0.033333333199948356,"Shape_Area":0.00006944444388867371}},{"type":"Feature","id":1735,"geometry":{"type":"Polygon","coordinates":[[[-82.20124968042774,9.199583502125904],[-82.20124968042774,9.20791683542592],[-82.20958301372775,9.20791683542592],[-82.20958301372775,9.199583502125904],[-82.20124968042774,9.199583502125904]]]},"properties":{"OBJECTID":1735,"Id":1735,"gridcode":34,"Shape_Length":0.03333333320006204,"Shape_Area":0.0000694444438891474}},{"type":"Feature","id":1736,"geometry":{"type":"Polygon","coordinates":[[[-82.17624968052769,9.224583502025837],[-82.17624968052769,9.20791683542592],[-82.16791634722773,9.20791683542592],[-82.16791634722773,9.224583502025837],[-82.17624968052769,9.224583502025837]]]},"properties":{"OBJECTID":1736,"Id":1736,"gridcode":25,"Shape_Length":0.049999999799752004,"Shape_Area":0.00013888888777640002}},{"type":"Feature","id":1737,"geometry":{"type":"Polygon","coordinates":[[[-82.13458301402761,9.20791683542592],[-82.1179163474277,9.20791683542592],[-82.1179163474277,9.216250168725935],[-82.13458301402761,9.216250168725935],[-82.13458301402761,9.20791683542592]]]},"properties":{"OBJECTID":1737,"Id":1737,"gridcode":33,"Shape_Length":0.04999999979997938,"Shape_Area":0.0001388888877778211}},{"type":"Feature","id":1738,"geometry":{"type":"Polygon","coordinates":[[[-82.10958301412768,9.199583502125904],[-82.10958301412768,9.20791683542592],[-82.1179163474277,9.20791683542592],[-82.1179163474277,9.199583502125904],[-82.10958301412768,9.199583502125904]]]},"properties":{"OBJECTID":1738,"Id":1738,"gridcode":33,"Shape_Length":0.03333333320006204,"Shape_Area":0.0000694444438891474}},{"type":"Feature","id":1739,"geometry":{"type":"Polygon","coordinates":[[[-82.91791634422776,9.191250168825832],[-82.91791634422776,9.199583502125904],[-82.92624967752772,9.199583502125904],[-82.92624967752772,9.191250168825832],[-82.91791634422776,9.191250168825832]]]},"properties":{"OBJECTID":1739,"Id":1739,"gridcode":4,"Shape_Length":0.03333333320006204,"Shape_Area":0.0000694444438891474}},{"type":"Feature","id":1740,"geometry":{"type":"Polygon","coordinates":[[[-82.87624967772769,9.199583502125904],[-82.85958301112777,9.199583502125904],[-82.85958301112777,9.20791683542592],[-82.85124967782775,9.20791683542592],[-82.85124967782775,9.216250168725935],[-82.83458301122778,9.216250168725935],[-82.83458301122778,9.224583502025837],[-82.80124967802772,9.224583502025837],[-82.80124967802772,9.232916835325852],[-82.78458301142774,9.232916835325852],[-82.78458301142774,9.24958350192594],[-82.79291634472776,9.24958350192594],[-82.79291634472776,9.2662501685258],[-82.80124967802772,9.2662501685258],[-82.80124967802772,9.274583501825873],[-82.82624967792765,9.274583501825873],[-82.82624967792765,9.282916835125889],[-82.85124967782775,9.282916835125889],[-82.85124967782775,9.274583501825873],[-82.85958301112777,9.274583501825873],[-82.85958301112777,9.2662501685258],[-82.86791634442773,9.2662501685258],[-82.86791634442773,9.257916835225956],[-82.87624967772769,9.257916835225956],[-82.87624967772769,9.24958350192594],[-82.8845830110277,9.24958350192594],[-82.8845830110277,9.20791683542592],[-82.87624967772769,9.20791683542592],[-82.87624967772769,9.199583502125904]]]},"properties":{"OBJECTID":1740,"Id":1740,"gridcode":1,"Shape_Length":0.36666666519988667,"Shape_Area":0.0052083332916642655}},{"type":"Feature","id":1741,"geometry":{"type":"Polygon","coordinates":[[[-82.61791634542777,9.191250168825832],[-82.61791634542777,9.199583502125904],[-82.62624967872773,9.199583502125904],[-82.62624967872773,9.191250168825832],[-82.61791634542777,9.191250168825832]]]},"properties":{"OBJECTID":1741,"Id":1741,"gridcode":4,"Shape_Length":0.03333333320006204,"Shape_Area":0.0000694444438891474}},{"type":"Feature","id":1742,"geometry":{"type":"Polygon","coordinates":[[[-82.60958301212776,9.191250168825832],[-82.60958301212776,9.199583502125904],[-82.61791634542777,9.199583502125904],[-82.61791634542777,9.191250168825832],[-82.60958301212776,9.191250168825832]]]},"properties":{"OBJECTID":1742,"Id":1742,"gridcode":8,"Shape_Length":0.03333333320017573,"Shape_Area":0.0000694444438896211}},{"type":"Feature","id":1743,"geometry":{"type":"Polygon","coordinates":[[[-82.58458301222771,9.191250168825832],[-82.58458301222771,9.199583502125904],[-82.59291634552778,9.199583502125904],[-82.59291634552778,9.191250168825832],[-82.58458301222771,9.191250168825832]]]},"properties":{"OBJECTID":1743,"Id":1743,"gridcode":11,"Shape_Length":0.03333333320028942,"Shape_Area":0.00006944444389009479}},{"type":"Feature","id":1744,"geometry":{"type":"Polygon","coordinates":[[[-82.55124967902776,9.191250168825832],[-82.55124967902776,9.199583502125904],[-82.55958301232772,9.199583502125904],[-82.55958301232772,9.191250168825832],[-82.55124967902776,9.191250168825832]]]},"properties":{"OBJECTID":1744,"Id":1744,"gridcode":13,"Shape_Length":0.03333333320006204,"Shape_Area":0.0000694444438891474}},{"type":"Feature","id":1745,"geometry":{"type":"Polygon","coordinates":[[[-82.54291634572775,9.191250168825832],[-82.54291634572775,9.199583502125904],[-82.55124967902776,9.199583502125904],[-82.55124967902776,9.191250168825832],[-82.54291634572775,9.191250168825832]]]},"properties":{"OBJECTID":1745,"Id":1745,"gridcode":9,"Shape_Length":0.03333333320017573,"Shape_Area":0.0000694444438896211}},{"type":"Feature","id":1746,"geometry":{"type":"Polygon","coordinates":[[[-82.53458301242779,9.191250168825832],[-82.53458301242779,9.199583502125904],[-82.54291634572775,9.199583502125904],[-82.54291634572775,9.191250168825832],[-82.53458301242779,9.191250168825832]]]},"properties":{"OBJECTID":1746,"Id":1746,"gridcode":7,"Shape_Length":0.03333333320006204,"Shape_Area":0.0000694444438891474}},{"type":"Feature","id":1747,"geometry":{"type":"Polygon","coordinates":[[[-82.48458301262775,9.191250168825832],[-82.48458301262775,9.199583502125904],[-82.49291634592777,9.199583502125904],[-82.49291634592777,9.191250168825832],[-82.48458301262775,9.191250168825832]]]},"properties":{"OBJECTID":1747,"Id":1747,"gridcode":11,"Shape_Length":0.03333333320017573,"Shape_Area":0.0000694444438896211}},{"type":"Feature","id":1748,"geometry":{"type":"Polygon","coordinates":[[[-82.44291634612773,9.191250168825832],[-82.44291634612773,9.199583502125904],[-82.45124967942775,9.199583502125904],[-82.45124967942775,9.191250168825832],[-82.44291634612773,9.191250168825832]]]},"properties":{"OBJECTID":1748,"Id":1748,"gridcode":13,"Shape_Length":0.03333333320017573,"Shape_Area":0.0000694444438896211}},{"type":"Feature","id":1749,"geometry":{"type":"Polygon","coordinates":[[[-82.47624967932768,9.199583502125904],[-82.44291634612773,9.199583502125904],[-82.44291634612773,9.20791683542592],[-82.4595830127277,9.20791683542592],[-82.4595830127277,9.216250168725935],[-82.46791634602766,9.216250168725935],[-82.46791634602766,9.20791683542592],[-82.47624967932768,9.20791683542592],[-82.47624967932768,9.199583502125904]]]},"properties":{"OBJECTID":1749,"Id":1749,"gridcode":14,"Shape_Length":0.09999999959995876,"Shape_Area":0.0003472222194447896}},{"type":"Feature","id":1750,"geometry":{"type":"Polygon","coordinates":[[[-82.43458301282777,9.191250168825832],[-82.43458301282777,9.199583502125904],[-82.44291634612773,9.199583502125904],[-82.44291634612773,9.191250168825832],[-82.43458301282777,9.191250168825832]]]},"properties":{"OBJECTID":1750,"Id":1750,"gridcode":12,"Shape_Length":0.03333333320006204,"Shape_Area":0.0000694444438891474}},{"type":"Feature","id":1751,"geometry":{"type":"Polygon","coordinates":[[[-82.43458301282777,9.199583502125904],[-82.40958301292767,9.199583502125904],[-82.40958301292767,9.20791683542592],[-82.43458301282777,9.20791683542592],[-82.43458301282777,9.199583502125904]]]},"properties":{"OBJECTID":1751,"Id":1751,"gridcode":14,"Shape_Length":0.06666666640012409,"Shape_Area":0.0002083333316674422}},{"type":"Feature","id":1752,"geometry":{"type":"Polygon","coordinates":[[[-82.40958301292767,9.199583502125904],[-82.38458301302774,9.199583502125904],[-82.38458301302774,9.216250168725935],[-82.40124967962771,9.216250168725935],[-82.40124967962771,9.20791683542592],[-82.40958301292767,9.20791683542592],[-82.40958301292767,9.199583502125904]]]},"properties":{"OBJECTID":1752,"Id":1752,"gridcode":13,"Shape_Length":0.08333333300004142,"Shape_Area":0.0003472222194447896}},{"type":"Feature","id":1753,"geometry":{"type":"Polygon","coordinates":[[[-82.36791634642776,9.191250168825832],[-82.36791634642776,9.199583502125904],[-82.37624967972772,9.199583502125904],[-82.37624967972772,9.191250168825832],[-82.36791634642776,9.191250168825832]]]},"properties":{"OBJECTID":1753,"Id":1753,"gridcode":26,"Shape_Length":0.03333333320006204,"Shape_Area":0.0000694444438891474}},{"type":"Feature","id":1754,"geometry":{"type":"Polygon","coordinates":[[[-82.35958301312769,9.191250168825832],[-82.35958301312769,9.199583502125904],[-82.36791634642776,9.199583502125904],[-82.36791634642776,9.191250168825832],[-82.35958301312769,9.191250168825832]]]},"properties":{"OBJECTID":1754,"Id":1754,"gridcode":35,"Shape_Length":0.03333333320028942,"Shape_Area":0.00006944444389009479}},{"type":"Feature","id":1755,"geometry":{"type":"Polygon","coordinates":[[[-82.37624967972772,9.199583502125904],[-82.35958301312769,9.199583502125904],[-82.35958301312769,9.20791683542592],[-82.37624967972772,9.20791683542592],[-82.37624967972772,9.199583502125904]]]},"properties":{"OBJECTID":1755,"Id":1755,"gridcode":42,"Shape_Length":0.049999999800093065,"Shape_Area":0.0001388888877782948}},{"type":"Feature","id":1756,"geometry":{"type":"Polygon","coordinates":[[[-82.35124967982767,9.191250168825832],[-82.35124967982767,9.199583502125904],[-82.35958301312769,9.199583502125904],[-82.35958301312769,9.191250168825832],[-82.35124967982767,9.191250168825832]]]},"properties":{"OBJECTID":1756,"Id":1756,"gridcode":36,"Shape_Length":0.03333333320017573,"Shape_Area":0.0000694444438896211}},{"type":"Feature","id":1757,"geometry":{"type":"Polygon","coordinates":[[[-82.34291634652772,9.191250168825832],[-82.34291634652772,9.199583502125904],[-82.35124967982767,9.199583502125904],[-82.35124967982767,9.191250168825832],[-82.34291634652772,9.191250168825832]]]},"properties":{"OBJECTID":1757,"Id":1757,"gridcode":40,"Shape_Length":0.03333333320006204,"Shape_Area":0.0000694444438891474}},{"type":"Feature","id":1758,"geometry":{"type":"Polygon","coordinates":[[[-82.33458301322776,9.191250168825832],[-82.33458301322776,9.199583502125904],[-82.34291634652772,9.199583502125904],[-82.34291634652772,9.191250168825832],[-82.33458301322776,9.191250168825832]]]},"properties":{"OBJECTID":1758,"Id":1758,"gridcode":44,"Shape_Length":0.03333333320006204,"Shape_Area":0.0000694444438891474}},{"type":"Feature","id":1759,"geometry":{"type":"Polygon","coordinates":[[[-82.35124967982767,9.199583502125904],[-82.33458301322776,9.199583502125904],[-82.33458301322776,9.20791683542592],[-82.35124967982767,9.20791683542592],[-82.35124967982767,9.199583502125904]]]},"properties":{"OBJECTID":1759,"Id":1759,"gridcode":41,"Shape_Length":0.04999999979986569,"Shape_Area":0.00013888888777734742}},{"type":"Feature","id":1760,"geometry":{"type":"Polygon","coordinates":[[[-82.32624967992774,9.191250168825832],[-82.32624967992774,9.199583502125904],[-82.33458301322776,9.199583502125904],[-82.33458301322776,9.191250168825832],[-82.32624967992774,9.191250168825832]]]},"properties":{"OBJECTID":1760,"Id":1760,"gridcode":45,"Shape_Length":0.03333333320017573,"Shape_Area":0.0000694444438896211}},{"type":"Feature","id":1761,"geometry":{"type":"Polygon","coordinates":[[[-82.31791634662773,9.191250168825832],[-82.31791634662773,9.199583502125904],[-82.32624967992774,9.199583502125904],[-82.32624967992774,9.191250168825832],[-82.31791634662773,9.191250168825832]]]},"properties":{"OBJECTID":1761,"Id":1761,"gridcode":39,"Shape_Length":0.03333333320017573,"Shape_Area":0.0000694444438896211}},{"type":"Feature","id":1762,"geometry":{"type":"Polygon","coordinates":[[[-82.30958301332777,9.191250168825832],[-82.30958301332777,9.199583502125904],[-82.31791634662773,9.199583502125904],[-82.31791634662773,9.191250168825832],[-82.30958301332777,9.191250168825832]]]},"properties":{"OBJECTID":1762,"Id":1762,"gridcode":38,"Shape_Length":0.03333333320006204,"Shape_Area":0.0000694444438891474}},{"type":"Feature","id":1763,"geometry":{"type":"Polygon","coordinates":[[[-82.30124968002764,9.191250168825832],[-82.30124968002764,9.199583502125904],[-82.30958301332777,9.199583502125904],[-82.30958301332777,9.191250168825832],[-82.30124968002764,9.191250168825832]]]},"properties":{"OBJECTID":1763,"Id":1763,"gridcode":44,"Shape_Length":0.03333333320028942,"Shape_Area":0.00006944444389009479}},{"type":"Feature","id":1764,"geometry":{"type":"Polygon","coordinates":[[[-82.28458301342772,9.191250168825832],[-82.28458301342772,9.199583502125904],[-82.29291634672768,9.199583502125904],[-82.29291634672768,9.191250168825832],[-82.28458301342772,9.191250168825832]]]},"properties":{"OBJECTID":1764,"Id":1764,"gridcode":47,"Shape_Length":0.03333333320006204,"Shape_Area":0.0000694444438891474}},{"type":"Feature","id":1765,"geometry":{"type":"Polygon","coordinates":[[[-82.2762496801277,9.191250168825832],[-82.2762496801277,9.199583502125904],[-82.28458301342772,9.199583502125904],[-82.28458301342772,9.191250168825832],[-82.2762496801277,9.191250168825832]]]},"properties":{"OBJECTID":1765,"Id":1765,"gridcode":55,"Shape_Length":0.03333333320017573,"Shape_Area":0.0000694444438896211}},{"type":"Feature","id":1766,"geometry":{"type":"Polygon","coordinates":[[[-82.26791634682775,9.191250168825832],[-82.26791634682775,9.199583502125904],[-82.2762496801277,9.199583502125904],[-82.2762496801277,9.191250168825832],[-82.26791634682775,9.191250168825832]]]},"properties":{"OBJECTID":1766,"Id":1766,"gridcode":59,"Shape_Length":0.03333333320006204,"Shape_Area":0.0000694444438891474}},{"type":"Feature","id":1767,"geometry":{"type":"Polygon","coordinates":[[[-82.25124968022766,9.191250168825832],[-82.25124968022766,9.199583502125904],[-82.25958301352773,9.199583502125904],[-82.25958301352773,9.191250168825832],[-82.25124968022766,9.191250168825832]]]},"properties":{"OBJECTID":1767,"Id":1767,"gridcode":42,"Shape_Length":0.03333333320028942,"Shape_Area":0.00006944444389009479}},{"type":"Feature","id":1768,"geometry":{"type":"Polygon","coordinates":[[[-82.23458301362768,9.199583502125904],[-82.21791634702771,9.199583502125904],[-82.21791634702771,9.20791683542592],[-82.22624968032773,9.20791683542592],[-82.22624968032773,9.216250168725935],[-82.23458301362768,9.216250168725935],[-82.23458301362768,9.199583502125904]]]},"properties":{"OBJECTID":1768,"Id":1768,"gridcode":40,"Shape_Length":0.0666666664000104,"Shape_Area":0.00020833333166649483}},{"type":"Feature","id":1769,"geometry":{"type":"Polygon","coordinates":[[[-82.20958301372775,9.191250168825832],[-82.20958301372775,9.199583502125904],[-82.21791634702771,9.199583502125904],[-82.21791634702771,9.191250168825832],[-82.20958301372775,9.191250168825832]]]},"properties":{"OBJECTID":1769,"Id":1769,"gridcode":36,"Shape_Length":0.03333333320006204,"Shape_Area":0.0000694444438891474}},{"type":"Feature","id":1770,"geometry":{"type":"Polygon","coordinates":[[[-82.20124968042774,9.191250168825832],[-82.20124968042774,9.199583502125904],[-82.20958301372775,9.199583502125904],[-82.20958301372775,9.191250168825832],[-82.20124968042774,9.191250168825832]]]},"properties":{"OBJECTID":1770,"Id":1770,"gridcode":33,"Shape_Length":0.03333333320017573,"Shape_Area":0.0000694444438896211}},{"type":"Feature","id":1771,"geometry":{"type":"Polygon","coordinates":[[[-82.18458301382776,9.191250168825832],[-82.18458301382776,9.199583502125904],[-82.19291634712766,9.199583502125904],[-82.19291634712766,9.191250168825832],[-82.18458301382776,9.191250168825832]]]},"properties":{"OBJECTID":1771,"Id":1771,"gridcode":29,"Shape_Length":0.033333333199948356,"Shape_Area":0.00006944444388867371}},{"type":"Feature","id":1772,"geometry":{"type":"Polygon","coordinates":[[[-82.16791634722773,9.199583502125904],[-82.15124968062776,9.199583502125904],[-82.15124968062776,9.20791683542592],[-82.15958301392772,9.20791683542592],[-82.15958301392772,9.216250168725935],[-82.16791634722773,9.216250168725935],[-82.16791634722773,9.199583502125904]]]},"properties":{"OBJECTID":1772,"Id":1772,"gridcode":34,"Shape_Length":0.0666666664000104,"Shape_Area":0.00020833333166696852}},{"type":"Feature","id":1773,"geometry":{"type":"Polygon","coordinates":[[[-82.13458301402761,9.191250168825832],[-82.13458301402761,9.199583502125904],[-82.14291634732774,9.199583502125904],[-82.14291634732774,9.191250168825832],[-82.13458301402761,9.191250168825832]]]},"properties":{"OBJECTID":1773,"Id":1773,"gridcode":38,"Shape_Length":0.03333333320028942,"Shape_Area":0.00006944444389009479}},{"type":"Feature","id":1774,"geometry":{"type":"Polygon","coordinates":[[[-82.10958301412768,9.191250168825832],[-82.10958301412768,9.199583502125904],[-82.1179163474277,9.199583502125904],[-82.1179163474277,9.191250168825832],[-82.10958301412768,9.191250168825832]]]},"properties":{"OBJECTID":1774,"Id":1774,"gridcode":36,"Shape_Length":0.03333333320017573,"Shape_Area":0.0000694444438896211}},{"type":"Feature","id":1775,"geometry":{"type":"Polygon","coordinates":[[[-82.10958301412768,9.199583502125904],[-82.09291634752776,9.199583502125904],[-82.09291634752776,9.20791683542592],[-82.10958301412768,9.20791683542592],[-82.10958301412768,9.199583502125904]]]},"properties":{"OBJECTID":1775,"Id":1775,"gridcode":34,"Shape_Length":0.04999999979986569,"Shape_Area":0.00013888888777734742}},{"type":"Feature","id":1776,"geometry":{"type":"Polygon","coordinates":[[[-82.60958301212776,9.182916835525987],[-82.60958301212776,9.191250168825832],[-82.61791634542777,9.191250168825832],[-82.61791634542777,9.182916835525987],[-82.60958301212776,9.182916835525987]]]},"properties":{"OBJECTID":1776,"Id":1776,"gridcode":7,"Shape_Length":0.03333333319972098,"Shape_Area":0.00006944444388772632}},{"type":"Feature","id":1777,"geometry":{"type":"Polygon","coordinates":[[[-82.58458301222771,9.182916835525987],[-82.58458301222771,9.191250168825832],[-82.59291634552778,9.191250168825832],[-82.59291634552778,9.182916835525987],[-82.58458301222771,9.182916835525987]]]},"properties":{"OBJECTID":1777,"Id":1777,"gridcode":10,"Shape_Length":0.03333333319983467,"Shape_Area":0.00006944444388820001}},{"type":"Feature","id":1778,"geometry":{"type":"Polygon","coordinates":[[[-82.5762496789277,9.182916835525987],[-82.5762496789277,9.191250168825832],[-82.58458301222771,9.191250168825832],[-82.58458301222771,9.182916835525987],[-82.5762496789277,9.182916835525987]]]},"properties":{"OBJECTID":1778,"Id":1778,"gridcode":12,"Shape_Length":0.03333333319972098,"Shape_Area":0.00006944444388772632}},{"type":"Feature","id":1779,"geometry":{"type":"Polygon","coordinates":[[[-82.55958301232772,9.182916835525987],[-82.55958301232772,9.191250168825832],[-82.56791634562774,9.191250168825832],[-82.56791634562774,9.182916835525987],[-82.55958301232772,9.182916835525987]]]},"properties":{"OBJECTID":1779,"Id":1779,"gridcode":11,"Shape_Length":0.03333333319972098,"Shape_Area":0.00006944444388772632}},{"type":"Feature","id":1780,"geometry":{"type":"Polygon","coordinates":[[[-82.56791634562774,9.199583502125904],[-82.56791634562774,9.191250168825832],[-82.55958301232772,9.191250168825832],[-82.55958301232772,9.20791683542592],[-82.56791634562774,9.20791683542592],[-82.56791634562774,9.216250168725935],[-82.5762496789277,9.216250168725935],[-82.5762496789277,9.199583502125904],[-82.56791634562774,9.199583502125904]]]},"properties":{"OBJECTID":1780,"Id":1780,"gridcode":14,"Shape_Length":0.08333333300015511,"Shape_Area":0.0002777777755561159}},{"type":"Feature","id":1781,"geometry":{"type":"Polygon","coordinates":[[[-82.52624967912772,9.191250168825832],[-82.50958301252774,9.191250168825832],[-82.50958301252774,9.199583502125904],[-82.52624967912772,9.199583502125904],[-82.52624967912772,9.191250168825832]]]},"properties":{"OBJECTID":1781,"Id":1781,"gridcode":7,"Shape_Length":0.049999999800093065,"Shape_Area":0.0001388888877787685}},{"type":"Feature","id":1782,"geometry":{"type":"Polygon","coordinates":[[[-82.48458301262775,9.182916835525987],[-82.48458301262775,9.191250168825832],[-82.49291634592777,9.191250168825832],[-82.49291634592777,9.182916835525987],[-82.48458301262775,9.182916835525987]]]},"properties":{"OBJECTID":1782,"Id":1782,"gridcode":10,"Shape_Length":0.03333333319972098,"Shape_Area":0.00006944444388772632}},{"type":"Feature","id":1783,"geometry":{"type":"Polygon","coordinates":[[[-82.48458301262775,9.191250168825832],[-82.4595830127277,9.191250168825832],[-82.4595830127277,9.199583502125904],[-82.47624967932768,9.199583502125904],[-82.47624967932768,9.224583502025837],[-82.48458301262775,9.224583502025837],[-82.48458301262775,9.216250168725935],[-82.49291634592777,9.216250168725935],[-82.49291634592777,9.20791683542592],[-82.48458301262775,9.20791683542592],[-82.48458301262775,9.191250168825832]]]},"properties":{"OBJECTID":1783,"Id":1783,"gridcode":13,"Shape_Length":0.13333333280013449,"Shape_Area":0.0004861111072259266}},{"type":"Feature","id":1784,"geometry":{"type":"Polygon","coordinates":[[[-82.39291634632775,9.182916835525987],[-82.39291634632775,9.191250168825832],[-82.40124967962771,9.191250168825832],[-82.40124967962771,9.182916835525987],[-82.39291634632775,9.182916835525987]]]},"properties":{"OBJECTID":1784,"Id":1784,"gridcode":14,"Shape_Length":0.033333333199607296,"Shape_Area":0.00006944444388725262}},{"type":"Feature","id":1785,"geometry":{"type":"Polygon","coordinates":[[[-82.38458301302774,9.182916835525987],[-82.38458301302774,9.191250168825832],[-82.39291634632775,9.191250168825832],[-82.39291634632775,9.182916835525987],[-82.38458301302774,9.182916835525987]]]},"properties":{"OBJECTID":1785,"Id":1785,"gridcode":13,"Shape_Length":0.03333333319972098,"Shape_Area":0.00006944444388772632}},{"type":"Feature","id":1786,"geometry":{"type":"Polygon","coordinates":[[[-82.37624967972772,9.182916835525987],[-82.37624967972772,9.191250168825832],[-82.38458301302774,9.191250168825832],[-82.38458301302774,9.182916835525987],[-82.37624967972772,9.182916835525987]]]},"properties":{"OBJECTID":1786,"Id":1786,"gridcode":11,"Shape_Length":0.03333333319972098,"Shape_Area":0.00006944444388772632}},{"type":"Feature","id":1787,"geometry":{"type":"Polygon","coordinates":[[[-82.40958301292767,9.191250168825832],[-82.37624967972772,9.191250168825832],[-82.37624967972772,9.199583502125904],[-82.40958301292767,9.199583502125904],[-82.40958301292767,9.191250168825832]]]},"properties":{"OBJECTID":1787,"Id":1787,"gridcode":12,"Shape_Length":0.08333333300015511,"Shape_Area":0.0002777777755580107}},{"type":"Feature","id":1788,"geometry":{"type":"Polygon","coordinates":[[[-82.36791634642776,9.182916835525987],[-82.36791634642776,9.191250168825832],[-82.37624967972772,9.191250168825832],[-82.37624967972772,9.182916835525987],[-82.36791634642776,9.182916835525987]]]},"properties":{"OBJECTID":1788,"Id":1788,"gridcode":22,"Shape_Length":0.033333333199607296,"Shape_Area":0.00006944444388725262}},{"type":"Feature","id":1789,"geometry":{"type":"Polygon","coordinates":[[[-82.35958301312769,9.182916835525987],[-82.35958301312769,9.191250168825832],[-82.36791634642776,9.191250168825832],[-82.36791634642776,9.182916835525987],[-82.35958301312769,9.182916835525987]]]},"properties":{"OBJECTID":1789,"Id":1789,"gridcode":26,"Shape_Length":0.03333333319983467,"Shape_Area":0.00006944444388820001}},{"type":"Feature","id":1790,"geometry":{"type":"Polygon","coordinates":[[[-82.35124967982767,9.182916835525987],[-82.35124967982767,9.191250168825832],[-82.35958301312769,9.191250168825832],[-82.35958301312769,9.182916835525987],[-82.35124967982767,9.182916835525987]]]},"properties":{"OBJECTID":1790,"Id":1790,"gridcode":34,"Shape_Length":0.03333333319972098,"Shape_Area":0.00006944444388772632}},{"type":"Feature","id":1791,"geometry":{"type":"Polygon","coordinates":[[[-82.34291634652772,9.182916835525987],[-82.34291634652772,9.191250168825832],[-82.35124967982767,9.191250168825832],[-82.35124967982767,9.182916835525987],[-82.34291634652772,9.182916835525987]]]},"properties":{"OBJECTID":1791,"Id":1791,"gridcode":38,"Shape_Length":0.033333333199607296,"Shape_Area":0.00006944444388725262}},{"type":"Feature","id":1792,"geometry":{"type":"Polygon","coordinates":[[[-82.33458301322776,9.182916835525987],[-82.33458301322776,9.191250168825832],[-82.34291634652772,9.191250168825832],[-82.34291634652772,9.182916835525987],[-82.33458301322776,9.182916835525987]]]},"properties":{"OBJECTID":1792,"Id":1792,"gridcode":41,"Shape_Length":0.033333333199607296,"Shape_Area":0.00006944444388725262}},{"type":"Feature","id":1793,"geometry":{"type":"Polygon","coordinates":[[[-82.29291634672768,9.182916835525987],[-82.29291634672768,9.191250168825832],[-82.30124968002764,9.191250168825832],[-82.30124968002764,9.182916835525987],[-82.29291634672768,9.182916835525987]]]},"properties":{"OBJECTID":1793,"Id":1793,"gridcode":41,"Shape_Length":0.03333333319972098,"Shape_Area":0.00006944444388772632}},{"type":"Feature","id":1794,"geometry":{"type":"Polygon","coordinates":[[[-82.30124968002764,9.20791683542592],[-82.30124968002764,9.191250168825832],[-82.29291634672768,9.191250168825832],[-82.29291634672768,9.20791683542592],[-82.30124968002764,9.20791683542592]]]},"properties":{"OBJECTID":1794,"Id":1794,"gridcode":45,"Shape_Length":0.04999999980020675,"Shape_Area":0.0001388888877787685}},{"type":"Feature","id":1795,"geometry":{"type":"Polygon","coordinates":[[[-82.28458301342772,9.182916835525987],[-82.28458301342772,9.191250168825832],[-82.29291634672768,9.191250168825832],[-82.29291634672768,9.182916835525987],[-82.28458301342772,9.182916835525987]]]},"properties":{"OBJECTID":1795,"Id":1795,"gridcode":44,"Shape_Length":0.033333333199607296,"Shape_Area":0.00006944444388725262}},{"type":"Feature","id":1796,"geometry":{"type":"Polygon","coordinates":[[[-82.2762496801277,9.182916835525987],[-82.2762496801277,9.191250168825832],[-82.28458301342772,9.191250168825832],[-82.28458301342772,9.182916835525987],[-82.2762496801277,9.182916835525987]]]},"properties":{"OBJECTID":1796,"Id":1796,"gridcode":50,"Shape_Length":0.03333333319972098,"Shape_Area":0.00006944444388772632}},{"type":"Feature","id":1797,"geometry":{"type":"Polygon","coordinates":[[[-82.26791634682775,9.182916835525987],[-82.26791634682775,9.191250168825832],[-82.2762496801277,9.191250168825832],[-82.2762496801277,9.182916835525987],[-82.26791634682775,9.182916835525987]]]},"properties":{"OBJECTID":1797,"Id":1797,"gridcode":46,"Shape_Length":0.033333333199607296,"Shape_Area":0.00006944444388725262}},{"type":"Feature","id":1798,"geometry":{"type":"Polygon","coordinates":[[[-82.25958301352773,9.182916835525987],[-82.25958301352773,9.191250168825832],[-82.26791634682775,9.191250168825832],[-82.26791634682775,9.182916835525987],[-82.25958301352773,9.182916835525987]]]},"properties":{"OBJECTID":1798,"Id":1798,"gridcode":43,"Shape_Length":0.03333333319972098,"Shape_Area":0.00006944444388772632}},{"type":"Feature","id":1799,"geometry":{"type":"Polygon","coordinates":[[[-82.25124968022766,9.182916835525987],[-82.25124968022766,9.191250168825832],[-82.25958301352773,9.191250168825832],[-82.25958301352773,9.182916835525987],[-82.25124968022766,9.182916835525987]]]},"properties":{"OBJECTID":1799,"Id":1799,"gridcode":40,"Shape_Length":0.03333333319983467,"Shape_Area":0.00006944444388820001}},{"type":"Feature","id":1800,"geometry":{"type":"Polygon","coordinates":[[[-82.25124968022766,9.199583502125904],[-82.25124968022766,9.191250168825832],[-82.24291634692764,9.191250168825832],[-82.24291634692764,9.20791683542592],[-82.25958301352773,9.20791683542592],[-82.25958301352773,9.199583502125904],[-82.25124968022766,9.199583502125904]]]},"properties":{"OBJECTID":1800,"Id":1800,"gridcode":41,"Shape_Length":0.06666666640023777,"Shape_Area":0.0002083333316674422}},{"type":"Feature","id":1801,"geometry":{"type":"Polygon","coordinates":[[[-82.24291634692764,9.20791683542592],[-82.24291634692764,9.191250168825832],[-82.23458301362768,9.191250168825832],[-82.23458301362768,9.20791683542592],[-82.24291634692764,9.20791683542592]]]},"properties":{"OBJECTID":1801,"Id":1801,"gridcode":38,"Shape_Length":0.04999999980020675,"Shape_Area":0.0001388888877787685}},{"type":"Feature","id":1802,"geometry":{"type":"Polygon","coordinates":[[[-82.22624968032773,9.182916835525987],[-82.22624968032773,9.191250168825832],[-82.23458301362768,9.191250168825832],[-82.23458301362768,9.182916835525987],[-82.22624968032773,9.182916835525987]]]},"properties":{"OBJECTID":1802,"Id":1802,"gridcode":38,"Shape_Length":0.033333333199607296,"Shape_Area":0.00006944444388725262}},{"type":"Feature","id":1803,"geometry":{"type":"Polygon","coordinates":[[[-82.21791634702771,9.182916835525987],[-82.21791634702771,9.191250168825832],[-82.22624968032773,9.191250168825832],[-82.22624968032773,9.182916835525987],[-82.21791634702771,9.182916835525987]]]},"properties":{"OBJECTID":1803,"Id":1803,"gridcode":36,"Shape_Length":0.03333333319972098,"Shape_Area":0.00006944444388772632}},{"type":"Feature","id":1804,"geometry":{"type":"Polygon","coordinates":[[[-82.23458301362768,9.191250168825832],[-82.21791634702771,9.191250168825832],[-82.21791634702771,9.199583502125904],[-82.23458301362768,9.199583502125904],[-82.23458301362768,9.191250168825832]]]},"properties":{"OBJECTID":1804,"Id":1804,"gridcode":39,"Shape_Length":0.049999999800093065,"Shape_Area":0.0001388888877787685}},{"type":"Feature","id":1805,"geometry":{"type":"Polygon","coordinates":[[[-82.20958301372775,9.182916835525987],[-82.20958301372775,9.191250168825832],[-82.21791634702771,9.191250168825832],[-82.21791634702771,9.182916835525987],[-82.20958301372775,9.182916835525987]]]},"properties":{"OBJECTID":1805,"Id":1805,"gridcode":35,"Shape_Length":0.033333333199607296,"Shape_Area":0.00006944444388725262}},{"type":"Feature","id":1806,"geometry":{"type":"Polygon","coordinates":[[[-82.20124968042774,9.182916835525987],[-82.20124968042774,9.191250168825832],[-82.20958301372775,9.191250168825832],[-82.20958301372775,9.182916835525987],[-82.20124968042774,9.182916835525987]]]},"properties":{"OBJECTID":1806,"Id":1806,"gridcode":32,"Shape_Length":0.03333333319972098,"Shape_Area":0.00006944444388772632}},{"type":"Feature","id":1807,"geometry":{"type":"Polygon","coordinates":[[[-82.19291634712766,9.182916835525987],[-82.19291634712766,9.191250168825832],[-82.20124968042774,9.191250168825832],[-82.20124968042774,9.182916835525987],[-82.19291634712766,9.182916835525987]]]},"properties":{"OBJECTID":1807,"Id":1807,"gridcode":29,"Shape_Length":0.03333333319983467,"Shape_Area":0.00006944444388820001}},{"type":"Feature","id":1808,"geometry":{"type":"Polygon","coordinates":[[[-82.20124968042774,9.20791683542592],[-82.20124968042774,9.191250168825832],[-82.19291634712766,9.191250168825832],[-82.19291634712766,9.199583502125904],[-82.18458301382776,9.199583502125904],[-82.18458301382776,9.20791683542592],[-82.20124968042774,9.20791683542592]]]},"properties":{"OBJECTID":1808,"Id":1808,"gridcode":30,"Shape_Length":0.06666666640012409,"Shape_Area":0.0002083333316679159}},{"type":"Feature","id":1809,"geometry":{"type":"Polygon","coordinates":[[[-82.18458301382776,9.182916835525987],[-82.18458301382776,9.191250168825832],[-82.19291634712766,9.191250168825832],[-82.19291634712766,9.182916835525987],[-82.18458301382776,9.182916835525987]]]},"properties":{"OBJECTID":1809,"Id":1809,"gridcode":27,"Shape_Length":0.03333333319949361,"Shape_Area":0.00006944444388677893}},{"type":"Feature","id":1810,"geometry":{"type":"Polygon","coordinates":[[[-82.13458301402761,9.20791683542592],[-82.13458301402761,9.191250168825832],[-82.12624968072777,9.191250168825832],[-82.12624968072777,9.20791683542592],[-82.13458301402761,9.20791683542592]]]},"properties":{"OBJECTID":1810,"Id":1810,"gridcode":35,"Shape_Length":0.04999999979997938,"Shape_Area":0.00013888888777687373}},{"type":"Feature","id":1811,"geometry":{"type":"Polygon","coordinates":[[[-82.12624968072777,9.20791683542592],[-82.12624968072777,9.191250168825832],[-82.1179163474277,9.191250168825832],[-82.1179163474277,9.20791683542592],[-82.12624968072777,9.20791683542592]]]},"properties":{"OBJECTID":1811,"Id":1811,"gridcode":34,"Shape_Length":0.04999999980032044,"Shape_Area":0.0001388888877797159}},{"type":"Feature","id":1812,"geometry":{"type":"Polygon","coordinates":[[[-82.10958301412768,9.182916835525987],[-82.10958301412768,9.191250168825832],[-82.1179163474277,9.191250168825832],[-82.1179163474277,9.182916835525987],[-82.10958301412768,9.182916835525987]]]},"properties":{"OBJECTID":1812,"Id":1812,"gridcode":34,"Shape_Length":0.03333333319972098,"Shape_Area":0.00006944444388772632}},{"type":"Feature","id":1813,"geometry":{"type":"Polygon","coordinates":[[[-82.92624967752772,9.174583502225971],[-82.92624967752772,9.182916835525987],[-82.93458301082768,9.182916835525987],[-82.93458301082768,9.174583502225971],[-82.92624967752772,9.174583502225971]]]},"properties":{"OBJECTID":1813,"Id":1813,"gridcode":6,"Shape_Length":0.033333333199948356,"Shape_Area":0.00006944444388867371}},{"type":"Feature","id":1814,"geometry":{"type":"Polygon","coordinates":[[[-82.93458301082768,9.224583502025837],[-82.93458301082768,9.182916835525987],[-82.92624967752772,9.182916835525987],[-82.92624967752772,9.199583502125904],[-82.91791634422776,9.199583502125904],[-82.91791634422776,9.216250168725935],[-82.90958301092775,9.216250168725935],[-82.90958301092775,9.224583502025837],[-82.93458301082768,9.224583502025837]]]},"properties":{"OBJECTID":1814,"Id":1814,"gridcode":7,"Shape_Length":0.13333333279956605,"Shape_Area":0.0006249999949947475}},{"type":"Feature","id":1815,"geometry":{"type":"Polygon","coordinates":[[[-82.60124967882763,9.174583502225971],[-82.60124967882763,9.182916835525987],[-82.60958301212776,9.182916835525987],[-82.60958301212776,9.174583502225971],[-82.60124967882763,9.174583502225971]]]},"properties":{"OBJECTID":1815,"Id":1815,"gridcode":5,"Shape_Length":0.03333333320017573,"Shape_Area":0.0000694444438896211}},{"type":"Feature","id":1816,"geometry":{"type":"Polygon","coordinates":[[[-82.60958301212776,9.182916835525987],[-82.59291634552778,9.182916835525987],[-82.59291634552778,9.20791683542592],[-82.60124967882763,9.20791683542592],[-82.60124967882763,9.216250168725935],[-82.60958301212776,9.216250168725935],[-82.60958301212776,9.182916835525987]]]},"properties":{"OBJECTID":1816,"Id":1816,"gridcode":9,"Shape_Length":0.09999999959984507,"Shape_Area":0.00048611110722118967}},{"type":"Feature","id":1817,"geometry":{"type":"Polygon","coordinates":[[[-82.5762496789277,9.174583502225971],[-82.5762496789277,9.182916835525987],[-82.58458301222771,9.182916835525987],[-82.58458301222771,9.174583502225971],[-82.5762496789277,9.174583502225971]]]},"properties":{"OBJECTID":1817,"Id":1817,"gridcode":11,"Shape_Length":0.03333333320006204,"Shape_Area":0.0000694444438891474}},{"type":"Feature","id":1818,"geometry":{"type":"Polygon","coordinates":[[[-82.56791634562774,9.174583502225971],[-82.56791634562774,9.182916835525987],[-82.5762496789277,9.182916835525987],[-82.5762496789277,9.174583502225971],[-82.56791634562774,9.174583502225971]]]},"properties":{"OBJECTID":1818,"Id":1818,"gridcode":12,"Shape_Length":0.033333333199948356,"Shape_Area":0.00006944444388867371}},{"type":"Feature","id":1819,"geometry":{"type":"Polygon","coordinates":[[[-82.5762496789277,9.191250168825832],[-82.5762496789277,9.182916835525987],[-82.56791634562774,9.182916835525987],[-82.56791634562774,9.199583502125904],[-82.5762496789277,9.199583502125904],[-82.5762496789277,9.216250168725935],[-82.59291634552778,9.216250168725935],[-82.59291634552778,9.20791683542592],[-82.58458301222771,9.20791683542592],[-82.58458301222771,9.191250168825832],[-82.5762496789277,9.191250168825832]]]},"properties":{"OBJECTID":1819,"Id":1819,"gridcode":13,"Shape_Length":0.11666666619998978,"Shape_Area":0.00041666666333393704}},{"type":"Feature","id":1820,"geometry":{"type":"Polygon","coordinates":[[[-82.55958301232772,9.174583502225971],[-82.55958301232772,9.182916835525987],[-82.56791634562774,9.182916835525987],[-82.56791634562774,9.174583502225971],[-82.55958301232772,9.174583502225971]]]},"properties":{"OBJECTID":1820,"Id":1820,"gridcode":5,"Shape_Length":0.03333333320006204,"Shape_Area":0.0000694444438891474}},{"type":"Feature","id":1821,"geometry":{"type":"Polygon","coordinates":[[[-82.50124967922773,9.174583502225971],[-82.50124967922773,9.182916835525987],[-82.50958301252774,9.182916835525987],[-82.50958301252774,9.174583502225971],[-82.50124967922773,9.174583502225971]]]},"properties":{"OBJECTID":1821,"Id":1821,"gridcode":7,"Shape_Length":0.03333333320006204,"Shape_Area":0.0000694444438891474}},{"type":"Feature","id":1822,"geometry":{"type":"Polygon","coordinates":[[[-82.50958301252774,9.199583502125904],[-82.50958301252774,9.182916835525987],[-82.50124967922773,9.182916835525987],[-82.50124967922773,9.20791683542592],[-82.5179163458277,9.20791683542592],[-82.5179163458277,9.199583502125904],[-82.50958301252774,9.199583502125904]]]},"properties":{"OBJECTID":1822,"Id":1822,"gridcode":8,"Shape_Length":0.08333333299981405,"Shape_Area":0.00027777777555516853}},{"type":"Feature","id":1823,"geometry":{"type":"Polygon","coordinates":[[[-82.50124967922773,9.199583502125904],[-82.50124967922773,9.182916835525987],[-82.49291634592777,9.182916835525987],[-82.49291634592777,9.199583502125904],[-82.50124967922773,9.199583502125904]]]},"properties":{"OBJECTID":1823,"Id":1823,"gridcode":9,"Shape_Length":0.049999999799752004,"Shape_Area":0.00013888888777640002}},{"type":"Feature","id":1824,"geometry":{"type":"Polygon","coordinates":[[[-82.4595830127277,9.174583502225971],[-82.4595830127277,9.182916835525987],[-82.46791634602766,9.182916835525987],[-82.46791634602766,9.174583502225971],[-82.4595830127277,9.174583502225971]]]},"properties":{"OBJECTID":1824,"Id":1824,"gridcode":11,"Shape_Length":0.03333333320006204,"Shape_Area":0.0000694444438891474}},{"type":"Feature","id":1825,"geometry":{"type":"Polygon","coordinates":[[[-82.48458301262775,9.182916835525987],[-82.45124967942775,9.182916835525987],[-82.45124967942775,9.199583502125904],[-82.4595830127277,9.199583502125904],[-82.4595830127277,9.191250168825832],[-82.48458301262775,9.191250168825832],[-82.48458301262775,9.182916835525987]]]},"properties":{"OBJECTID":1825,"Id":1825,"gridcode":12,"Shape_Length":0.09999999959984507,"Shape_Area":0.000347222219439579}},{"type":"Feature","id":1826,"geometry":{"type":"Polygon","coordinates":[[[-82.45124967942775,9.182916835525987],[-82.42624967952776,9.182916835525987],[-82.42624967952776,9.191250168825832],[-82.40958301292767,9.191250168825832],[-82.40958301292767,9.199583502125904],[-82.43458301282777,9.199583502125904],[-82.43458301282777,9.191250168825832],[-82.45124967942775,9.191250168825832],[-82.45124967942775,9.182916835525987]]]},"properties":{"OBJECTID":1826,"Id":1826,"gridcode":11,"Shape_Length":0.11666666619987609,"Shape_Area":0.0004166666633315685}},{"type":"Feature","id":1827,"geometry":{"type":"Polygon","coordinates":[[[-82.40124967962771,9.174583502225971],[-82.40124967962771,9.182916835525987],[-82.40958301292767,9.182916835525987],[-82.40958301292767,9.174583502225971],[-82.40124967962771,9.174583502225971]]]},"properties":{"OBJECTID":1827,"Id":1827,"gridcode":13,"Shape_Length":0.03333333320006204,"Shape_Area":0.0000694444438891474}},{"type":"Feature","id":1828,"geometry":{"type":"Polygon","coordinates":[[[-82.37624967972772,9.174583502225971],[-82.37624967972772,9.182916835525987],[-82.38458301302774,9.182916835525987],[-82.38458301302774,9.174583502225971],[-82.37624967972772,9.174583502225971]]]},"properties":{"OBJECTID":1828,"Id":1828,"gridcode":17,"Shape_Length":0.03333333320006204,"Shape_Area":0.0000694444438891474}},{"type":"Feature","id":1829,"geometry":{"type":"Polygon","coordinates":[[[-82.36791634642776,9.174583502225971],[-82.36791634642776,9.182916835525987],[-82.37624967972772,9.182916835525987],[-82.37624967972772,9.174583502225971],[-82.36791634642776,9.174583502225971]]]},"properties":{"OBJECTID":1829,"Id":1829,"gridcode":23,"Shape_Length":0.033333333199948356,"Shape_Area":0.00006944444388867371}},{"type":"Feature","id":1830,"geometry":{"type":"Polygon","coordinates":[[[-82.35958301312769,9.174583502225971],[-82.35958301312769,9.182916835525987],[-82.36791634642776,9.182916835525987],[-82.36791634642776,9.174583502225971],[-82.35958301312769,9.174583502225971]]]},"properties":{"OBJECTID":1830,"Id":1830,"gridcode":25,"Shape_Length":0.03333333320017573,"Shape_Area":0.0000694444438896211}},{"type":"Feature","id":1831,"geometry":{"type":"Polygon","coordinates":[[[-82.35124967982767,9.174583502225971],[-82.35124967982767,9.182916835525987],[-82.35958301312769,9.182916835525987],[-82.35958301312769,9.174583502225971],[-82.35124967982767,9.174583502225971]]]},"properties":{"OBJECTID":1831,"Id":1831,"gridcode":30,"Shape_Length":0.03333333320006204,"Shape_Area":0.0000694444438891474}},{"type":"Feature","id":1832,"geometry":{"type":"Polygon","coordinates":[[[-82.34291634652772,9.174583502225971],[-82.34291634652772,9.182916835525987],[-82.35124967982767,9.182916835525987],[-82.35124967982767,9.174583502225971],[-82.34291634652772,9.174583502225971]]]},"properties":{"OBJECTID":1832,"Id":1832,"gridcode":34,"Shape_Length":0.033333333199948356,"Shape_Area":0.00006944444388867371}},{"type":"Feature","id":1833,"geometry":{"type":"Polygon","coordinates":[[[-82.33458301322776,9.174583502225971],[-82.33458301322776,9.182916835525987],[-82.34291634652772,9.182916835525987],[-82.34291634652772,9.174583502225971],[-82.33458301322776,9.174583502225971]]]},"properties":{"OBJECTID":1833,"Id":1833,"gridcode":37,"Shape_Length":0.033333333199948356,"Shape_Area":0.00006944444388867371}},{"type":"Feature","id":1834,"geometry":{"type":"Polygon","coordinates":[[[-82.32624967992774,9.174583502225971],[-82.32624967992774,9.182916835525987],[-82.33458301322776,9.182916835525987],[-82.33458301322776,9.174583502225971],[-82.32624967992774,9.174583502225971]]]},"properties":{"OBJECTID":1834,"Id":1834,"gridcode":39,"Shape_Length":0.03333333320006204,"Shape_Area":0.0000694444438891474}},{"type":"Feature","id":1835,"geometry":{"type":"Polygon","coordinates":[[[-82.31791634662773,9.174583502225971],[-82.31791634662773,9.182916835525987],[-82.32624967992774,9.182916835525987],[-82.32624967992774,9.174583502225971],[-82.31791634662773,9.174583502225971]]]},"properties":{"OBJECTID":1835,"Id":1835,"gridcode":44,"Shape_Length":0.03333333320006204,"Shape_Area":0.0000694444438891474}},{"type":"Feature","id":1836,"geometry":{"type":"Polygon","coordinates":[[[-82.33458301322776,9.182916835525987],[-82.31791634662773,9.182916835525987],[-82.31791634662773,9.191250168825832],[-82.33458301322776,9.191250168825832],[-82.33458301322776,9.182916835525987]]]},"properties":{"OBJECTID":1836,"Id":1836,"gridcode":43,"Shape_Length":0.049999999799752004,"Shape_Area":0.00013888888777545264}},{"type":"Feature","id":1837,"geometry":{"type":"Polygon","coordinates":[[[-82.30958301332777,9.174583502225971],[-82.30958301332777,9.182916835525987],[-82.31791634662773,9.182916835525987],[-82.31791634662773,9.174583502225971],[-82.30958301332777,9.174583502225971]]]},"properties":{"OBJECTID":1837,"Id":1837,"gridcode":43,"Shape_Length":0.033333333199948356,"Shape_Area":0.00006944444388867371}},{"type":"Feature","id":1838,"geometry":{"type":"Polygon","coordinates":[[[-82.30124968002764,9.174583502225971],[-82.30124968002764,9.182916835525987],[-82.30958301332777,9.182916835525987],[-82.30958301332777,9.174583502225971],[-82.30124968002764,9.174583502225971]]]},"properties":{"OBJECTID":1838,"Id":1838,"gridcode":38,"Shape_Length":0.03333333320017573,"Shape_Area":0.0000694444438896211}},{"type":"Feature","id":1839,"geometry":{"type":"Polygon","coordinates":[[[-82.31791634662773,9.182916835525987],[-82.30124968002764,9.182916835525987],[-82.30124968002764,9.191250168825832],[-82.31791634662773,9.191250168825832],[-82.31791634662773,9.182916835525987]]]},"properties":{"OBJECTID":1839,"Id":1839,"gridcode":42,"Shape_Length":0.049999999799752004,"Shape_Area":0.00013888888777545264}},{"type":"Feature","id":1840,"geometry":{"type":"Polygon","coordinates":[[[-82.29291634672768,9.174583502225971],[-82.29291634672768,9.182916835525987],[-82.30124968002764,9.182916835525987],[-82.30124968002764,9.174583502225971],[-82.29291634672768,9.174583502225971]]]},"properties":{"OBJECTID":1840,"Id":1840,"gridcode":34,"Shape_Length":0.03333333320006204,"Shape_Area":0.0000694444438891474}},{"type":"Feature","id":1841,"geometry":{"type":"Polygon","coordinates":[[[-82.28458301342772,9.174583502225971],[-82.28458301342772,9.182916835525987],[-82.29291634672768,9.182916835525987],[-82.29291634672768,9.174583502225971],[-82.28458301342772,9.174583502225971]]]},"properties":{"OBJECTID":1841,"Id":1841,"gridcode":35,"Shape_Length":0.033333333199948356,"Shape_Area":0.00006944444388867371}},{"type":"Feature","id":1842,"geometry":{"type":"Polygon","coordinates":[[[-82.2762496801277,9.174583502225971],[-82.2762496801277,9.182916835525987],[-82.28458301342772,9.182916835525987],[-82.28458301342772,9.174583502225971],[-82.2762496801277,9.174583502225971]]]},"properties":{"OBJECTID":1842,"Id":1842,"gridcode":41,"Shape_Length":0.03333333320006204,"Shape_Area":0.0000694444438891474}},{"type":"Feature","id":1843,"geometry":{"type":"Polygon","coordinates":[[[-82.26791634682775,9.174583502225971],[-82.26791634682775,9.182916835525987],[-82.2762496801277,9.182916835525987],[-82.2762496801277,9.174583502225971],[-82.26791634682775,9.174583502225971]]]},"properties":{"OBJECTID":1843,"Id":1843,"gridcode":43,"Shape_Length":0.033333333199948356,"Shape_Area":0.00006944444388867371}},{"type":"Feature","id":1844,"geometry":{"type":"Polygon","coordinates":[[[-82.25958301352773,9.174583502225971],[-82.25958301352773,9.182916835525987],[-82.26791634682775,9.182916835525987],[-82.26791634682775,9.174583502225971],[-82.25958301352773,9.174583502225971]]]},"properties":{"OBJECTID":1844,"Id":1844,"gridcode":41,"Shape_Length":0.03333333320006204,"Shape_Area":0.0000694444438891474}},{"type":"Feature","id":1845,"geometry":{"type":"Polygon","coordinates":[[[-82.25124968022766,9.174583502225971],[-82.25124968022766,9.182916835525987],[-82.25958301352773,9.182916835525987],[-82.25958301352773,9.174583502225971],[-82.25124968022766,9.174583502225971]]]},"properties":{"OBJECTID":1845,"Id":1845,"gridcode":37,"Shape_Length":0.03333333320017573,"Shape_Area":0.0000694444438896211}},{"type":"Feature","id":1846,"geometry":{"type":"Polygon","coordinates":[[[-82.24291634692764,9.174583502225971],[-82.24291634692764,9.182916835525987],[-82.25124968022766,9.182916835525987],[-82.25124968022766,9.174583502225971],[-82.24291634692764,9.174583502225971]]]},"properties":{"OBJECTID":1846,"Id":1846,"gridcode":32,"Shape_Length":0.033333333199948356,"Shape_Area":0.00006944444388867371}},{"type":"Feature","id":1847,"geometry":{"type":"Polygon","coordinates":[[[-82.23458301362768,9.174583502225971],[-82.23458301362768,9.182916835525987],[-82.24291634692764,9.182916835525987],[-82.24291634692764,9.174583502225971],[-82.23458301362768,9.174583502225971]]]},"properties":{"OBJECTID":1847,"Id":1847,"gridcode":34,"Shape_Length":0.03333333320006204,"Shape_Area":0.0000694444438891474}},{"type":"Feature","id":1848,"geometry":{"type":"Polygon","coordinates":[[[-82.25124968022766,9.182916835525987],[-82.23458301362768,9.182916835525987],[-82.23458301362768,9.191250168825832],[-82.25124968022766,9.191250168825832],[-82.25124968022766,9.182916835525987]]]},"properties":{"OBJECTID":1848,"Id":1848,"gridcode":37,"Shape_Length":0.04999999979963832,"Shape_Area":0.00013888888777497893}},{"type":"Feature","id":1849,"geometry":{"type":"Polygon","coordinates":[[[-82.22624968032773,9.174583502225971],[-82.22624968032773,9.182916835525987],[-82.23458301362768,9.182916835525987],[-82.23458301362768,9.174583502225971],[-82.22624968032773,9.174583502225971]]]},"properties":{"OBJECTID":1849,"Id":1849,"gridcode":35,"Shape_Length":0.033333333199948356,"Shape_Area":0.00006944444388867371}},{"type":"Feature","id":1850,"geometry":{"type":"Polygon","coordinates":[[[-82.21791634702771,9.174583502225971],[-82.21791634702771,9.182916835525987],[-82.22624968032773,9.182916835525987],[-82.22624968032773,9.174583502225971],[-82.21791634702771,9.174583502225971]]]},"properties":{"OBJECTID":1850,"Id":1850,"gridcode":34,"Shape_Length":0.03333333320006204,"Shape_Area":0.0000694444438891474}},{"type":"Feature","id":1851,"geometry":{"type":"Polygon","coordinates":[[[-82.20958301372775,9.174583502225971],[-82.20958301372775,9.182916835525987],[-82.21791634702771,9.182916835525987],[-82.21791634702771,9.174583502225971],[-82.20958301372775,9.174583502225971]]]},"properties":{"OBJECTID":1851,"Id":1851,"gridcode":32,"Shape_Length":0.033333333199948356,"Shape_Area":0.00006944444388867371}},{"type":"Feature","id":1852,"geometry":{"type":"Polygon","coordinates":[[[-82.20124968042774,9.174583502225971],[-82.20124968042774,9.182916835525987],[-82.20958301372775,9.182916835525987],[-82.20958301372775,9.174583502225971],[-82.20124968042774,9.174583502225971]]]},"properties":{"OBJECTID":1852,"Id":1852,"gridcode":30,"Shape_Length":0.03333333320006204,"Shape_Area":0.0000694444438891474}},{"type":"Feature","id":1853,"geometry":{"type":"Polygon","coordinates":[[[-82.18458301382776,9.174583502225971],[-82.18458301382776,9.182916835525987],[-82.19291634712766,9.182916835525987],[-82.19291634712766,9.174583502225971],[-82.18458301382776,9.174583502225971]]]},"properties":{"OBJECTID":1853,"Id":1853,"gridcode":25,"Shape_Length":0.03333333319983467,"Shape_Area":0.00006944444388820001}},{"type":"Feature","id":1854,"geometry":{"type":"Polygon","coordinates":[[[-82.15124968062776,9.174583502225971],[-82.15124968062776,9.182916835525987],[-82.15958301392772,9.182916835525987],[-82.15958301392772,9.174583502225971],[-82.15124968062776,9.174583502225971]]]},"properties":{"OBJECTID":1854,"Id":1854,"gridcode":36,"Shape_Length":0.033333333199948356,"Shape_Area":0.00006944444388867371}},{"type":"Feature","id":1855,"geometry":{"type":"Polygon","coordinates":[[[-82.15958301392772,9.199583502125904],[-82.15958301392772,9.182916835525987],[-82.15124968062776,9.182916835525987],[-82.15124968062776,9.191250168825832],[-82.14291634732774,9.191250168825832],[-82.14291634732774,9.199583502125904],[-82.13458301402761,9.199583502125904],[-82.13458301402761,9.20791683542592],[-82.15124968062776,9.20791683542592],[-82.15124968062776,9.199583502125904],[-82.15958301392772,9.199583502125904]]]},"properties":{"OBJECTID":1855,"Id":1855,"gridcode":37,"Shape_Length":0.09999999959995876,"Shape_Area":0.0003472222194447896}},{"type":"Feature","id":1856,"geometry":{"type":"Polygon","coordinates":[[[-82.14291634732774,9.174583502225971],[-82.14291634732774,9.182916835525987],[-82.15124968062776,9.182916835525987],[-82.15124968062776,9.174583502225971],[-82.14291634732774,9.174583502225971]]]},"properties":{"OBJECTID":1856,"Id":1856,"gridcode":33,"Shape_Length":0.03333333320006204,"Shape_Area":0.0000694444438891474}},{"type":"Feature","id":1857,"geometry":{"type":"Polygon","coordinates":[[[-82.13458301402761,9.174583502225971],[-82.13458301402761,9.182916835525987],[-82.14291634732774,9.182916835525987],[-82.14291634732774,9.174583502225971],[-82.13458301402761,9.174583502225971]]]},"properties":{"OBJECTID":1857,"Id":1857,"gridcode":31,"Shape_Length":0.03333333320017573,"Shape_Area":0.0000694444438896211}},{"type":"Feature","id":1858,"geometry":{"type":"Polygon","coordinates":[[[-82.15124968062776,9.182916835525987],[-82.13458301402761,9.182916835525987],[-82.13458301402761,9.191250168825832],[-82.15124968062776,9.191250168825832],[-82.15124968062776,9.182916835525987]]]},"properties":{"OBJECTID":1858,"Id":1858,"gridcode":35,"Shape_Length":0.04999999979986569,"Shape_Area":0.00013888888777592633}},{"type":"Feature","id":1859,"geometry":{"type":"Polygon","coordinates":[[[-82.12624968072777,9.174583502225971],[-82.12624968072777,9.182916835525987],[-82.13458301402761,9.182916835525987],[-82.13458301402761,9.174583502225971],[-82.12624968072777,9.174583502225971]]]},"properties":{"OBJECTID":1859,"Id":1859,"gridcode":30,"Shape_Length":0.03333333319983467,"Shape_Area":0.00006944444388820001}},{"type":"Feature","id":1860,"geometry":{"type":"Polygon","coordinates":[[[-82.1179163474277,9.174583502225971],[-82.1179163474277,9.182916835525987],[-82.12624968072777,9.182916835525987],[-82.12624968072777,9.174583502225971],[-82.1179163474277,9.174583502225971]]]},"properties":{"OBJECTID":1860,"Id":1860,"gridcode":32,"Shape_Length":0.03333333320017573,"Shape_Area":0.0000694444438896211}},{"type":"Feature","id":1861,"geometry":{"type":"Polygon","coordinates":[[[-82.13458301402761,9.182916835525987],[-82.1179163474277,9.182916835525987],[-82.1179163474277,9.191250168825832],[-82.13458301402761,9.191250168825832],[-82.13458301402761,9.182916835525987]]]},"properties":{"OBJECTID":1861,"Id":1861,"gridcode":33,"Shape_Length":0.04999999979963832,"Shape_Area":0.00013888888777497893}},{"type":"Feature","id":1862,"geometry":{"type":"Polygon","coordinates":[[[-82.10958301412768,9.199583502125904],[-82.10958301412768,9.182916835525987],[-82.10124968082772,9.182916835525987],[-82.10124968082772,9.191250168825832],[-82.09291634752776,9.191250168825832],[-82.09291634752776,9.199583502125904],[-82.10958301412768,9.199583502125904]]]},"properties":{"OBJECTID":1862,"Id":1862,"gridcode":33,"Shape_Length":0.06666666639966934,"Shape_Area":0.0002083333316655474}},{"type":"Feature","id":1863,"geometry":{"type":"Polygon","coordinates":[[[-82.08458301422775,9.174583502225971],[-82.08458301422775,9.182916835525987],[-82.09291634752776,9.182916835525987],[-82.09291634752776,9.174583502225971],[-82.08458301422775,9.174583502225971]]]},"properties":{"OBJECTID":1863,"Id":1863,"gridcode":30,"Shape_Length":0.03333333320006204,"Shape_Area":0.0000694444438891474}},{"type":"Feature","id":1864,"geometry":{"type":"Polygon","coordinates":[[[-82.07624968092762,9.174583502225971],[-82.07624968092762,9.182916835525987],[-82.08458301422775,9.182916835525987],[-82.08458301422775,9.174583502225971],[-82.07624968092762,9.174583502225971]]]},"properties":{"OBJECTID":1864,"Id":1864,"gridcode":28,"Shape_Length":0.03333333320017573,"Shape_Area":0.0000694444438896211}},{"type":"Feature","id":1865,"geometry":{"type":"Polygon","coordinates":[[[-82.06791634762766,9.174583502225971],[-82.06791634762766,9.182916835525987],[-82.07624968092762,9.182916835525987],[-82.07624968092762,9.174583502225971],[-82.06791634762766,9.174583502225971]]]},"properties":{"OBJECTID":1865,"Id":1865,"gridcode":26,"Shape_Length":0.03333333320006204,"Shape_Area":0.0000694444438891474}},{"type":"Feature","id":1866,"geometry":{"type":"Polygon","coordinates":[[[-82.05124968102768,9.174583502225971],[-82.05124968102768,9.182916835525987],[-82.0595830143277,9.182916835525987],[-82.0595830143277,9.174583502225971],[-82.05124968102768,9.174583502225971]]]},"properties":{"OBJECTID":1866,"Id":1866,"gridcode":25,"Shape_Length":0.03333333320006204,"Shape_Area":0.0000694444438891474}},{"type":"Feature","id":1867,"geometry":{"type":"Polygon","coordinates":[[[-82.92624967752772,9.166250168925899],[-82.92624967752772,9.174583502225971],[-82.93458301082768,9.174583502225971],[-82.93458301082768,9.166250168925899],[-82.92624967752772,9.166250168925899]]]},"properties":{"OBJECTID":1867,"Id":1867,"gridcode":4,"Shape_Length":0.03333333320006204,"Shape_Area":0.0000694444438891474}},{"type":"Feature","id":1868,"geometry":{"type":"Polygon","coordinates":[[[-82.90958301092775,9.191250168825832],[-82.90958301092775,9.174583502225971],[-82.90124967762779,9.174583502225971],[-82.90124967762779,9.191250168825832],[-82.90958301092775,9.191250168825832]]]},"properties":{"OBJECTID":1868,"Id":1868,"gridcode":1,"Shape_Length":0.04999999979963832,"Shape_Area":0.00013888888777592633}},{"type":"Feature","id":1869,"geometry":{"type":"Polygon","coordinates":[[[-82.83458301122778,9.199583502125904],[-82.83458301122778,9.174583502225971],[-82.82624967792765,9.174583502225971],[-82.82624967792765,9.199583502125904],[-82.83458301122778,9.199583502125904]]]},"properties":{"OBJECTID":1869,"Id":1869,"gridcode":1,"Shape_Length":0.0666666664000104,"Shape_Area":0.0002083333316679159}},{"type":"Feature","id":1870,"geometry":{"type":"Polygon","coordinates":[[[-82.59291634552778,9.166250168925899],[-82.59291634552778,9.174583502225971],[-82.60124967882763,9.174583502225971],[-82.60124967882763,9.166250168925899],[-82.59291634552778,9.166250168925899]]]},"properties":{"OBJECTID":1870,"Id":1870,"gridcode":5,"Shape_Length":0.033333333199948356,"Shape_Area":0.00006944444388867371}},{"type":"Feature","id":1871,"geometry":{"type":"Polygon","coordinates":[[[-82.58458301222771,9.166250168925899],[-82.58458301222771,9.174583502225971],[-82.59291634552778,9.174583502225971],[-82.59291634552778,9.166250168925899],[-82.58458301222771,9.166250168925899]]]},"properties":{"OBJECTID":1871,"Id":1871,"gridcode":7,"Shape_Length":0.03333333320028942,"Shape_Area":0.00006944444389009479}},{"type":"Feature","id":1872,"geometry":{"type":"Polygon","coordinates":[[[-82.60124967882763,9.174583502225971],[-82.58458301222771,9.174583502225971],[-82.58458301222771,9.182916835525987],[-82.60124967882763,9.182916835525987],[-82.60124967882763,9.174583502225971]]]},"properties":{"OBJECTID":1872,"Id":1872,"gridcode":8,"Shape_Length":0.04999999979997938,"Shape_Area":0.0001388888877778211}},{"type":"Feature","id":1873,"geometry":{"type":"Polygon","coordinates":[[[-82.5762496789277,9.166250168925899],[-82.5762496789277,9.174583502225971],[-82.58458301222771,9.174583502225971],[-82.58458301222771,9.166250168925899],[-82.5762496789277,9.166250168925899]]]},"properties":{"OBJECTID":1873,"Id":1873,"gridcode":8,"Shape_Length":0.03333333320017573,"Shape_Area":0.0000694444438896211}},{"type":"Feature","id":1874,"geometry":{"type":"Polygon","coordinates":[[[-82.56791634562774,9.166250168925899],[-82.56791634562774,9.174583502225971],[-82.5762496789277,9.174583502225971],[-82.5762496789277,9.166250168925899],[-82.56791634562774,9.166250168925899]]]},"properties":{"OBJECTID":1874,"Id":1874,"gridcode":7,"Shape_Length":0.03333333320006204,"Shape_Area":0.0000694444438891474}},{"type":"Feature","id":1875,"geometry":{"type":"Polygon","coordinates":[[[-82.52624967912772,9.174583502225971],[-82.50958301252774,9.174583502225971],[-82.50958301252774,9.191250168825832],[-82.52624967912772,9.191250168825832],[-82.52624967912772,9.199583502125904],[-82.53458301242779,9.199583502125904],[-82.53458301242779,9.182916835525987],[-82.52624967912772,9.182916835525987],[-82.52624967912772,9.174583502225971]]]},"properties":{"OBJECTID":1875,"Id":1875,"gridcode":6,"Shape_Length":0.09999999959995876,"Shape_Area":0.0004166666633310948}},{"type":"Feature","id":1876,"geometry":{"type":"Polygon","coordinates":[[[-82.48458301262775,9.174583502225971],[-82.46791634602766,9.174583502225971],[-82.46791634602766,9.182916835525987],[-82.48458301262775,9.182916835525987],[-82.48458301262775,9.174583502225971]]]},"properties":{"OBJECTID":1876,"Id":1876,"gridcode":10,"Shape_Length":0.049999999800093065,"Shape_Area":0.0001388888877782948}},{"type":"Feature","id":1877,"geometry":{"type":"Polygon","coordinates":[[[-82.40124967962771,9.166250168925899],[-82.40124967962771,9.174583502225971],[-82.40958301292767,9.174583502225971],[-82.40958301292767,9.166250168925899],[-82.40124967962771,9.166250168925899]]]},"properties":{"OBJECTID":1877,"Id":1877,"gridcode":12,"Shape_Length":0.03333333320017573,"Shape_Area":0.0000694444438896211}},{"type":"Feature","id":1878,"geometry":{"type":"Polygon","coordinates":[[[-82.39291634632775,9.166250168925899],[-82.39291634632775,9.174583502225971],[-82.40124967962771,9.174583502225971],[-82.40124967962771,9.166250168925899],[-82.39291634632775,9.166250168925899]]]},"properties":{"OBJECTID":1878,"Id":1878,"gridcode":24,"Shape_Length":0.03333333320006204,"Shape_Area":0.0000694444438891474}},{"type":"Feature","id":1879,"geometry":{"type":"Polygon","coordinates":[[[-82.40124967962771,9.174583502225971],[-82.38458301302774,9.174583502225971],[-82.38458301302774,9.182916835525987],[-82.40124967962771,9.182916835525987],[-82.40124967962771,9.174583502225971]]]},"properties":{"OBJECTID":1879,"Id":1879,"gridcode":25,"Shape_Length":0.04999999979997938,"Shape_Area":0.0001388888877778211}},{"type":"Feature","id":1880,"geometry":{"type":"Polygon","coordinates":[[[-82.36791634642776,9.166250168925899],[-82.36791634642776,9.174583502225971],[-82.37624967972772,9.174583502225971],[-82.37624967972772,9.166250168925899],[-82.36791634642776,9.166250168925899]]]},"properties":{"OBJECTID":1880,"Id":1880,"gridcode":25,"Shape_Length":0.03333333320006204,"Shape_Area":0.0000694444438891474}},{"type":"Feature","id":1881,"geometry":{"type":"Polygon","coordinates":[[[-82.35958301312769,9.166250168925899],[-82.35958301312769,9.174583502225971],[-82.36791634642776,9.174583502225971],[-82.36791634642776,9.166250168925899],[-82.35958301312769,9.166250168925899]]]},"properties":{"OBJECTID":1881,"Id":1881,"gridcode":26,"Shape_Length":0.03333333320028942,"Shape_Area":0.00006944444389009479}},{"type":"Feature","id":1882,"geometry":{"type":"Polygon","coordinates":[[[-82.35124967982767,9.166250168925899],[-82.35124967982767,9.174583502225971],[-82.35958301312769,9.174583502225971],[-82.35958301312769,9.166250168925899],[-82.35124967982767,9.166250168925899]]]},"properties":{"OBJECTID":1882,"Id":1882,"gridcode":29,"Shape_Length":0.03333333320017573,"Shape_Area":0.0000694444438896211}},{"type":"Feature","id":1883,"geometry":{"type":"Polygon","coordinates":[[[-82.34291634652772,9.166250168925899],[-82.34291634652772,9.174583502225971],[-82.35124967982767,9.174583502225971],[-82.35124967982767,9.166250168925899],[-82.34291634652772,9.166250168925899]]]},"properties":{"OBJECTID":1883,"Id":1883,"gridcode":32,"Shape_Length":0.03333333320006204,"Shape_Area":0.0000694444438891474}},{"type":"Feature","id":1884,"geometry":{"type":"Polygon","coordinates":[[[-82.33458301322776,9.166250168925899],[-82.33458301322776,9.174583502225971],[-82.34291634652772,9.174583502225971],[-82.34291634652772,9.166250168925899],[-82.33458301322776,9.166250168925899]]]},"properties":{"OBJECTID":1884,"Id":1884,"gridcode":33,"Shape_Length":0.03333333320006204,"Shape_Area":0.0000694444438891474}},{"type":"Feature","id":1885,"geometry":{"type":"Polygon","coordinates":[[[-82.32624967992774,9.166250168925899],[-82.32624967992774,9.174583502225971],[-82.33458301322776,9.174583502225971],[-82.33458301322776,9.166250168925899],[-82.32624967992774,9.166250168925899]]]},"properties":{"OBJECTID":1885,"Id":1885,"gridcode":29,"Shape_Length":0.03333333320017573,"Shape_Area":0.0000694444438896211}},{"type":"Feature","id":1886,"geometry":{"type":"Polygon","coordinates":[[[-82.31791634662773,9.166250168925899],[-82.31791634662773,9.174583502225971],[-82.32624967992774,9.174583502225971],[-82.32624967992774,9.166250168925899],[-82.31791634662773,9.166250168925899]]]},"properties":{"OBJECTID":1886,"Id":1886,"gridcode":35,"Shape_Length":0.03333333320017573,"Shape_Area":0.0000694444438896211}},{"type":"Feature","id":1887,"geometry":{"type":"Polygon","coordinates":[[[-82.30958301332777,9.166250168925899],[-82.30958301332777,9.174583502225971],[-82.31791634662773,9.174583502225971],[-82.31791634662773,9.166250168925899],[-82.30958301332777,9.166250168925899]]]},"properties":{"OBJECTID":1887,"Id":1887,"gridcode":38,"Shape_Length":0.03333333320006204,"Shape_Area":0.0000694444438891474}},{"type":"Feature","id":1888,"geometry":{"type":"Polygon","coordinates":[[[-82.30124968002764,9.166250168925899],[-82.30124968002764,9.174583502225971],[-82.30958301332777,9.174583502225971],[-82.30958301332777,9.166250168925899],[-82.30124968002764,9.166250168925899]]]},"properties":{"OBJECTID":1888,"Id":1888,"gridcode":34,"Shape_Length":0.03333333320028942,"Shape_Area":0.00006944444389009479}},{"type":"Feature","id":1889,"geometry":{"type":"Polygon","coordinates":[[[-82.25958301352773,9.166250168925899],[-82.25958301352773,9.174583502225971],[-82.26791634682775,9.174583502225971],[-82.26791634682775,9.166250168925899],[-82.25958301352773,9.166250168925899]]]},"properties":{"OBJECTID":1889,"Id":1889,"gridcode":29,"Shape_Length":0.03333333320017573,"Shape_Area":0.0000694444438896211}},{"type":"Feature","id":1890,"geometry":{"type":"Polygon","coordinates":[[[-82.25124968022766,9.166250168925899],[-82.25124968022766,9.174583502225971],[-82.25958301352773,9.174583502225971],[-82.25958301352773,9.166250168925899],[-82.25124968022766,9.166250168925899]]]},"properties":{"OBJECTID":1890,"Id":1890,"gridcode":35,"Shape_Length":0.03333333320028942,"Shape_Area":0.00006944444389009479}},{"type":"Feature","id":1891,"geometry":{"type":"Polygon","coordinates":[[[-82.24291634692764,9.166250168925899],[-82.24291634692764,9.174583502225971],[-82.25124968022766,9.174583502225971],[-82.25124968022766,9.166250168925899],[-82.24291634692764,9.166250168925899]]]},"properties":{"OBJECTID":1891,"Id":1891,"gridcode":36,"Shape_Length":0.03333333320006204,"Shape_Area":0.0000694444438891474}},{"type":"Feature","id":1892,"geometry":{"type":"Polygon","coordinates":[[[-82.20958301372775,9.166250168925899],[-82.20958301372775,9.174583502225971],[-82.21791634702771,9.174583502225971],[-82.21791634702771,9.166250168925899],[-82.20958301372775,9.166250168925899]]]},"properties":{"OBJECTID":1892,"Id":1892,"gridcode":34,"Shape_Length":0.03333333320006204,"Shape_Area":0.0000694444438891474}},{"type":"Feature","id":1893,"geometry":{"type":"Polygon","coordinates":[[[-82.20124968042774,9.166250168925899],[-82.20124968042774,9.174583502225971],[-82.20958301372775,9.174583502225971],[-82.20958301372775,9.166250168925899],[-82.20124968042774,9.166250168925899]]]},"properties":{"OBJECTID":1893,"Id":1893,"gridcode":32,"Shape_Length":0.03333333320017573,"Shape_Area":0.0000694444438896211}},{"type":"Feature","id":1894,"geometry":{"type":"Polygon","coordinates":[[[-82.18458301382776,9.166250168925899],[-82.18458301382776,9.174583502225971],[-82.19291634712766,9.174583502225971],[-82.19291634712766,9.166250168925899],[-82.18458301382776,9.166250168925899]]]},"properties":{"OBJECTID":1894,"Id":1894,"gridcode":22,"Shape_Length":0.033333333199948356,"Shape_Area":0.00006944444388867371}},{"type":"Feature","id":1895,"geometry":{"type":"Polygon","coordinates":[[[-82.18458301382776,9.191250168825832],[-82.18458301382776,9.174583502225971],[-82.17624968052769,9.174583502225971],[-82.17624968052769,9.191250168825832],[-82.18458301382776,9.191250168825832]]]},"properties":{"OBJECTID":1895,"Id":1895,"gridcode":26,"Shape_Length":0.04999999979986569,"Shape_Area":0.0001388888877778211}},{"type":"Feature","id":1896,"geometry":{"type":"Polygon","coordinates":[[[-82.17624968052769,9.191250168825832],[-82.17624968052769,9.174583502225971],[-82.16791634722773,9.174583502225971],[-82.16791634722773,9.182916835525987],[-82.15958301392772,9.182916835525987],[-82.15958301392772,9.191250168825832],[-82.16791634722773,9.191250168825832],[-82.16791634722773,9.199583502125904],[-82.18458301382776,9.199583502125904],[-82.18458301382776,9.191250168825832],[-82.17624968052769,9.191250168825832]]]},"properties":{"OBJECTID":1896,"Id":1896,"gridcode":25,"Shape_Length":0.09999999959995876,"Shape_Area":0.00034722221944289485}},{"type":"Feature","id":1897,"geometry":{"type":"Polygon","coordinates":[[[-82.15958301392772,9.166250168925899],[-82.15958301392772,9.174583502225971],[-82.16791634722773,9.174583502225971],[-82.16791634722773,9.166250168925899],[-82.15958301392772,9.166250168925899]]]},"properties":{"OBJECTID":1897,"Id":1897,"gridcode":32,"Shape_Length":0.03333333320017573,"Shape_Area":0.0000694444438896211}},{"type":"Feature","id":1898,"geometry":{"type":"Polygon","coordinates":[[[-82.15124968062776,9.166250168925899],[-82.15124968062776,9.174583502225971],[-82.15958301392772,9.174583502225971],[-82.15958301392772,9.166250168925899],[-82.15124968062776,9.166250168925899]]]},"properties":{"OBJECTID":1898,"Id":1898,"gridcode":33,"Shape_Length":0.03333333320006204,"Shape_Area":0.0000694444438891474}},{"type":"Feature","id":1899,"geometry":{"type":"Polygon","coordinates":[[[-82.14291634732774,9.166250168925899],[-82.14291634732774,9.174583502225971],[-82.15124968062776,9.174583502225971],[-82.15124968062776,9.166250168925899],[-82.14291634732774,9.166250168925899]]]},"properties":{"OBJECTID":1899,"Id":1899,"gridcode":29,"Shape_Length":0.03333333320017573,"Shape_Area":0.0000694444438896211}},{"type":"Feature","id":1900,"geometry":{"type":"Polygon","coordinates":[[[-82.13458301402761,9.166250168925899],[-82.13458301402761,9.174583502225971],[-82.14291634732774,9.174583502225971],[-82.14291634732774,9.166250168925899],[-82.13458301402761,9.166250168925899]]]},"properties":{"OBJECTID":1900,"Id":1900,"gridcode":30,"Shape_Length":0.03333333320028942,"Shape_Area":0.00006944444389009479}},{"type":"Feature","id":1901,"geometry":{"type":"Polygon","coordinates":[[[-82.1179163474277,9.174583502225971],[-82.09291634752776,9.174583502225971],[-82.09291634752776,9.182916835525987],[-82.08458301422775,9.182916835525987],[-82.08458301422775,9.191250168825832],[-82.10124968082772,9.191250168825832],[-82.10124968082772,9.182916835525987],[-82.1179163474277,9.182916835525987],[-82.1179163474277,9.174583502225971]]]},"properties":{"OBJECTID":1901,"Id":1901,"gridcode":31,"Shape_Length":0.0999999995996177,"Shape_Area":0.00034722221944147373}},{"type":"Feature","id":1902,"geometry":{"type":"Polygon","coordinates":[[[-82.06791634762766,9.166250168925899],[-82.06791634762766,9.174583502225971],[-82.07624968092762,9.174583502225971],[-82.07624968092762,9.166250168925899],[-82.06791634762766,9.166250168925899]]]},"properties":{"OBJECTID":1902,"Id":1902,"gridcode":25,"Shape_Length":0.03333333320017573,"Shape_Area":0.0000694444438896211}},{"type":"Feature","id":1903,"geometry":{"type":"Polygon","coordinates":[[[-82.04291634772773,9.166250168925899],[-82.04291634772773,9.174583502225971],[-82.05124968102768,9.174583502225971],[-82.05124968102768,9.166250168925899],[-82.04291634772773,9.166250168925899]]]},"properties":{"OBJECTID":1903,"Id":1903,"gridcode":22,"Shape_Length":0.03333333320006204,"Shape_Area":0.0000694444438891474}},{"type":"Feature","id":1904,"geometry":{"type":"Polygon","coordinates":[[[-82.03458301442777,9.166250168925899],[-82.03458301442777,9.174583502225971],[-82.04291634772773,9.174583502225971],[-82.04291634772773,9.166250168925899],[-82.03458301442777,9.166250168925899]]]},"properties":{"OBJECTID":1904,"Id":1904,"gridcode":23,"Shape_Length":0.03333333320006204,"Shape_Area":0.0000694444438891474}},{"type":"Feature","id":1905,"geometry":{"type":"Polygon","coordinates":[[[-82.05124968102768,9.174583502225971],[-82.03458301442777,9.174583502225971],[-82.03458301442777,9.182916835525987],[-82.05124968102768,9.182916835525987],[-82.05124968102768,9.174583502225971]]]},"properties":{"OBJECTID":1905,"Id":1905,"gridcode":24,"Shape_Length":0.04999999979986569,"Shape_Area":0.00013888888777734742}},{"type":"Feature","id":1906,"geometry":{"type":"Polygon","coordinates":[[[-82.58458301222771,9.157916835625883],[-82.58458301222771,9.166250168925899],[-82.59291634552778,9.166250168925899],[-82.59291634552778,9.157916835625883],[-82.58458301222771,9.157916835625883]]]},"properties":{"OBJECTID":1906,"Id":1906,"gridcode":3,"Shape_Length":0.03333333320017573,"Shape_Area":0.0000694444438896211}},{"type":"Feature","id":1907,"geometry":{"type":"Polygon","coordinates":[[[-82.55958301232772,9.157916835625883],[-82.55958301232772,9.166250168925899],[-82.56791634562774,9.166250168925899],[-82.56791634562774,9.157916835625883],[-82.55958301232772,9.157916835625883]]]},"properties":{"OBJECTID":1907,"Id":1907,"gridcode":3,"Shape_Length":0.03333333320006204,"Shape_Area":0.0000694444438891474}},{"type":"Feature","id":1908,"geometry":{"type":"Polygon","coordinates":[[[-82.49291634592777,9.166250168925899],[-82.46791634602766,9.166250168925899],[-82.46791634602766,9.174583502225971],[-82.48458301262775,9.174583502225971],[-82.48458301262775,9.182916835525987],[-82.50124967922773,9.182916835525987],[-82.50124967922773,9.174583502225971],[-82.49291634592777,9.174583502225971],[-82.49291634592777,9.166250168925899]]]},"properties":{"OBJECTID":1908,"Id":1908,"gridcode":8,"Shape_Length":0.09999999960018613,"Shape_Area":0.0003472222194466844}},{"type":"Feature","id":1909,"geometry":{"type":"Polygon","coordinates":[[[-82.46791634602766,9.166250168925899],[-82.43458301282777,9.166250168925899],[-82.43458301282777,9.174583502225971],[-82.46791634602766,9.174583502225971],[-82.46791634602766,9.166250168925899]]]},"properties":{"OBJECTID":1909,"Id":1909,"gridcode":9,"Shape_Length":0.08333333300004142,"Shape_Area":0.000277777775557537}},{"type":"Feature","id":1910,"geometry":{"type":"Polygon","coordinates":[[[-82.43458301282777,9.174583502225971],[-82.43458301282777,9.166250168925899],[-82.42624967952776,9.166250168925899],[-82.42624967952776,9.174583502225971],[-82.40958301292767,9.174583502225971],[-82.40958301292767,9.182916835525987],[-82.40124967962771,9.182916835525987],[-82.40124967962771,9.191250168825832],[-82.42624967952776,9.191250168825832],[-82.42624967952776,9.182916835525987],[-82.4595830127277,9.182916835525987],[-82.4595830127277,9.174583502225971],[-82.43458301282777,9.174583502225971]]]},"properties":{"OBJECTID":1910,"Id":1910,"gridcode":10,"Shape_Length":0.16666666599985547,"Shape_Area":0.0006944444388867371}},{"type":"Feature","id":1911,"geometry":{"type":"Polygon","coordinates":[[[-82.40124967962771,9.157916835625883],[-82.40124967962771,9.166250168925899],[-82.40958301292767,9.166250168925899],[-82.40958301292767,9.157916835625883],[-82.40124967962771,9.157916835625883]]]},"properties":{"OBJECTID":1911,"Id":1911,"gridcode":14,"Shape_Length":0.03333333320006204,"Shape_Area":0.0000694444438891474}},{"type":"Feature","id":1912,"geometry":{"type":"Polygon","coordinates":[[[-82.36791634642776,9.157916835625883],[-82.36791634642776,9.166250168925899],[-82.37624967972772,9.166250168925899],[-82.37624967972772,9.157916835625883],[-82.36791634642776,9.157916835625883]]]},"properties":{"OBJECTID":1912,"Id":1912,"gridcode":27,"Shape_Length":0.033333333199948356,"Shape_Area":0.00006944444388867371}},{"type":"Feature","id":1913,"geometry":{"type":"Polygon","coordinates":[[[-82.33458301322776,9.157916835625883],[-82.33458301322776,9.166250168925899],[-82.34291634652772,9.166250168925899],[-82.34291634652772,9.157916835625883],[-82.33458301322776,9.157916835625883]]]},"properties":{"OBJECTID":1913,"Id":1913,"gridcode":28,"Shape_Length":0.033333333199948356,"Shape_Area":0.00006944444388867371}},{"type":"Feature","id":1914,"geometry":{"type":"Polygon","coordinates":[[[-82.32624967992774,9.157916835625883],[-82.32624967992774,9.166250168925899],[-82.33458301322776,9.166250168925899],[-82.33458301322776,9.157916835625883],[-82.32624967992774,9.157916835625883]]]},"properties":{"OBJECTID":1914,"Id":1914,"gridcode":32,"Shape_Length":0.03333333320006204,"Shape_Area":0.0000694444438891474}},{"type":"Feature","id":1915,"geometry":{"type":"Polygon","coordinates":[[[-82.31791634662773,9.157916835625883],[-82.31791634662773,9.166250168925899],[-82.32624967992774,9.166250168925899],[-82.32624967992774,9.157916835625883],[-82.31791634662773,9.157916835625883]]]},"properties":{"OBJECTID":1915,"Id":1915,"gridcode":37,"Shape_Length":0.03333333320006204,"Shape_Area":0.0000694444438891474}},{"type":"Feature","id":1916,"geometry":{"type":"Polygon","coordinates":[[[-82.30958301332777,9.157916835625883],[-82.30958301332777,9.166250168925899],[-82.31791634662773,9.166250168925899],[-82.31791634662773,9.157916835625883],[-82.30958301332777,9.157916835625883]]]},"properties":{"OBJECTID":1916,"Id":1916,"gridcode":39,"Shape_Length":0.033333333199948356,"Shape_Area":0.00006944444388867371}},{"type":"Feature","id":1917,"geometry":{"type":"Polygon","coordinates":[[[-82.30124968002764,9.157916835625883],[-82.30124968002764,9.166250168925899],[-82.30958301332777,9.166250168925899],[-82.30958301332777,9.157916835625883],[-82.30124968002764,9.157916835625883]]]},"properties":{"OBJECTID":1917,"Id":1917,"gridcode":33,"Shape_Length":0.03333333320017573,"Shape_Area":0.0000694444438896211}},{"type":"Feature","id":1918,"geometry":{"type":"Polygon","coordinates":[[[-82.29291634672768,9.157916835625883],[-82.29291634672768,9.166250168925899],[-82.30124968002764,9.166250168925899],[-82.30124968002764,9.157916835625883],[-82.29291634672768,9.157916835625883]]]},"properties":{"OBJECTID":1918,"Id":1918,"gridcode":31,"Shape_Length":0.03333333320006204,"Shape_Area":0.0000694444438891474}},{"type":"Feature","id":1919,"geometry":{"type":"Polygon","coordinates":[[[-82.28458301342772,9.157916835625883],[-82.28458301342772,9.166250168925899],[-82.29291634672768,9.166250168925899],[-82.29291634672768,9.157916835625883],[-82.28458301342772,9.157916835625883]]]},"properties":{"OBJECTID":1919,"Id":1919,"gridcode":29,"Shape_Length":0.033333333199948356,"Shape_Area":0.00006944444388867371}},{"type":"Feature","id":1920,"geometry":{"type":"Polygon","coordinates":[[[-82.2762496801277,9.157916835625883],[-82.2762496801277,9.166250168925899],[-82.28458301342772,9.166250168925899],[-82.28458301342772,9.157916835625883],[-82.2762496801277,9.157916835625883]]]},"properties":{"OBJECTID":1920,"Id":1920,"gridcode":28,"Shape_Length":0.03333333320006204,"Shape_Area":0.0000694444438891474}},{"type":"Feature","id":1921,"geometry":{"type":"Polygon","coordinates":[[[-82.26791634682775,9.157916835625883],[-82.26791634682775,9.166250168925899],[-82.2762496801277,9.166250168925899],[-82.2762496801277,9.157916835625883],[-82.26791634682775,9.157916835625883]]]},"properties":{"OBJECTID":1921,"Id":1921,"gridcode":26,"Shape_Length":0.033333333199948356,"Shape_Area":0.00006944444388867371}},{"type":"Feature","id":1922,"geometry":{"type":"Polygon","coordinates":[[[-82.30124968002764,9.166250168925899],[-82.26791634682775,9.166250168925899],[-82.26791634682775,9.174583502225971],[-82.30124968002764,9.174583502225971],[-82.30124968002764,9.166250168925899]]]},"properties":{"OBJECTID":1922,"Id":1922,"gridcode":30,"Shape_Length":0.08333333300004142,"Shape_Area":0.000277777775557537}},{"type":"Feature","id":1923,"geometry":{"type":"Polygon","coordinates":[[[-82.25958301352773,9.157916835625883],[-82.25958301352773,9.166250168925899],[-82.26791634682775,9.166250168925899],[-82.26791634682775,9.157916835625883],[-82.25958301352773,9.157916835625883]]]},"properties":{"OBJECTID":1923,"Id":1923,"gridcode":25,"Shape_Length":0.03333333320006204,"Shape_Area":0.0000694444438891474}},{"type":"Feature","id":1924,"geometry":{"type":"Polygon","coordinates":[[[-82.21791634702771,9.157916835625883],[-82.21791634702771,9.166250168925899],[-82.22624968032773,9.166250168925899],[-82.22624968032773,9.157916835625883],[-82.21791634702771,9.157916835625883]]]},"properties":{"OBJECTID":1924,"Id":1924,"gridcode":36,"Shape_Length":0.03333333320006204,"Shape_Area":0.0000694444438891474}},{"type":"Feature","id":1925,"geometry":{"type":"Polygon","coordinates":[[[-82.24291634692764,9.166250168925899],[-82.21791634702771,9.166250168925899],[-82.21791634702771,9.174583502225971],[-82.24291634692764,9.174583502225971],[-82.24291634692764,9.166250168925899]]]},"properties":{"OBJECTID":1925,"Id":1925,"gridcode":37,"Shape_Length":0.06666666640012409,"Shape_Area":0.0002083333316683896}},{"type":"Feature","id":1926,"geometry":{"type":"Polygon","coordinates":[[[-82.19291634712766,9.157916835625883],[-82.19291634712766,9.166250168925899],[-82.20124968042774,9.166250168925899],[-82.20124968042774,9.157916835625883],[-82.19291634712766,9.157916835625883]]]},"properties":{"OBJECTID":1926,"Id":1926,"gridcode":29,"Shape_Length":0.03333333320017573,"Shape_Area":0.0000694444438896211}},{"type":"Feature","id":1927,"geometry":{"type":"Polygon","coordinates":[[[-82.20124968042774,9.182916835525987],[-82.20124968042774,9.166250168925899],[-82.19291634712766,9.166250168925899],[-82.19291634712766,9.182916835525987],[-82.20124968042774,9.182916835525987]]]},"properties":{"OBJECTID":1927,"Id":1927,"gridcode":27,"Shape_Length":0.04999999980032044,"Shape_Area":0.0001388888877797159}},{"type":"Feature","id":1928,"geometry":{"type":"Polygon","coordinates":[[[-82.14291634732774,9.157916835625883],[-82.14291634732774,9.166250168925899],[-82.15124968062776,9.166250168925899],[-82.15124968062776,9.157916835625883],[-82.14291634732774,9.157916835625883]]]},"properties":{"OBJECTID":1928,"Id":1928,"gridcode":28,"Shape_Length":0.03333333320006204,"Shape_Area":0.0000694444438891474}},{"type":"Feature","id":1929,"geometry":{"type":"Polygon","coordinates":[[[-82.12624968072777,9.157916835625883],[-82.12624968072777,9.166250168925899],[-82.13458301402761,9.166250168925899],[-82.13458301402761,9.157916835625883],[-82.12624968072777,9.157916835625883]]]},"properties":{"OBJECTID":1929,"Id":1929,"gridcode":25,"Shape_Length":0.03333333319983467,"Shape_Area":0.00006944444388820001}},{"type":"Feature","id":1930,"geometry":{"type":"Polygon","coordinates":[[[-82.13458301402761,9.166250168925899],[-82.1179163474277,9.166250168925899],[-82.1179163474277,9.174583502225971],[-82.13458301402761,9.174583502225971],[-82.13458301402761,9.166250168925899]]]},"properties":{"OBJECTID":1930,"Id":1930,"gridcode":27,"Shape_Length":0.049999999800093065,"Shape_Area":0.0001388888877787685}},{"type":"Feature","id":1931,"geometry":{"type":"Polygon","coordinates":[[[-82.1179163474277,9.166250168925899],[-82.09291634752776,9.166250168925899],[-82.09291634752776,9.174583502225971],[-82.1179163474277,9.174583502225971],[-82.1179163474277,9.166250168925899]]]},"properties":{"OBJECTID":1931,"Id":1931,"gridcode":26,"Shape_Length":0.0666666664000104,"Shape_Area":0.0002083333316679159}},{"type":"Feature","id":1932,"geometry":{"type":"Polygon","coordinates":[[[-82.08458301422775,9.157916835625883],[-82.08458301422775,9.166250168925899],[-82.09291634752776,9.166250168925899],[-82.09291634752776,9.157916835625883],[-82.08458301422775,9.157916835625883]]]},"properties":{"OBJECTID":1932,"Id":1932,"gridcode":26,"Shape_Length":0.03333333320006204,"Shape_Area":0.0000694444438891474}},{"type":"Feature","id":1933,"geometry":{"type":"Polygon","coordinates":[[[-82.09291634752776,9.166250168925899],[-82.07624968092762,9.166250168925899],[-82.07624968092762,9.174583502225971],[-82.09291634752776,9.174583502225971],[-82.09291634752776,9.166250168925899]]]},"properties":{"OBJECTID":1933,"Id":1933,"gridcode":27,"Shape_Length":0.04999999980032044,"Shape_Area":0.0001388888877797159}},{"type":"Feature","id":1934,"geometry":{"type":"Polygon","coordinates":[[[-82.04291634772773,9.157916835625883],[-82.04291634772773,9.166250168925899],[-82.05124968102768,9.166250168925899],[-82.05124968102768,9.157916835625883],[-82.04291634772773,9.157916835625883]]]},"properties":{"OBJECTID":1934,"Id":1934,"gridcode":21,"Shape_Length":0.033333333199948356,"Shape_Area":0.00006944444388867371}},{"type":"Feature","id":1935,"geometry":{"type":"Polygon","coordinates":[[[-82.55124967902776,9.149583502325811],[-82.55124967902776,9.157916835625883],[-82.55958301232772,9.157916835625883],[-82.55958301232772,9.149583502325811],[-82.55124967902776,9.149583502325811]]]},"properties":{"OBJECTID":1935,"Id":1935,"gridcode":3,"Shape_Length":0.03333333320006204,"Shape_Area":0.0000694444438891474}},{"type":"Feature","id":1936,"geometry":{"type":"Polygon","coordinates":[[[-82.4595830127277,9.157916835625883],[-82.41791634622768,9.157916835625883],[-82.41791634622768,9.166250168925899],[-82.4595830127277,9.166250168925899],[-82.4595830127277,9.157916835625883]]]},"properties":{"OBJECTID":1936,"Id":1936,"gridcode":8,"Shape_Length":0.09999999960007244,"Shape_Area":0.00034722221944526334}},{"type":"Feature","id":1937,"geometry":{"type":"Polygon","coordinates":[[[-82.41791634622768,9.166250168925899],[-82.41791634622768,9.157916835625883],[-82.40958301292767,9.157916835625883],[-82.40958301292767,9.174583502225971],[-82.42624967952776,9.174583502225971],[-82.42624967952776,9.166250168925899],[-82.41791634622768,9.166250168925899]]]},"properties":{"OBJECTID":1937,"Id":1937,"gridcode":9,"Shape_Length":0.06666666640023777,"Shape_Area":0.0002083333316679159}},{"type":"Feature","id":1938,"geometry":{"type":"Polygon","coordinates":[[[-82.38458301302774,9.166250168925899],[-82.38458301302774,9.157916835625883],[-82.37624967972772,9.157916835625883],[-82.37624967972772,9.174583502225971],[-82.39291634632775,9.174583502225971],[-82.39291634632775,9.166250168925899],[-82.38458301302774,9.166250168925899]]]},"properties":{"OBJECTID":1938,"Id":1938,"gridcode":22,"Shape_Length":0.06666666640023777,"Shape_Area":0.00020833333166838958}},{"type":"Feature","id":1939,"geometry":{"type":"Polygon","coordinates":[[[-82.34291634652772,9.149583502325811],[-82.34291634652772,9.157916835625883],[-82.35124967982767,9.157916835625883],[-82.35124967982767,9.149583502325811],[-82.34291634652772,9.149583502325811]]]},"properties":{"OBJECTID":1939,"Id":1939,"gridcode":28,"Shape_Length":0.03333333320006204,"Shape_Area":0.0000694444438891474}},{"type":"Feature","id":1940,"geometry":{"type":"Polygon","coordinates":[[[-82.35958301312769,9.157916835625883],[-82.34291634652772,9.157916835625883],[-82.34291634652772,9.166250168925899],[-82.35958301312769,9.166250168925899],[-82.35958301312769,9.157916835625883]]]},"properties":{"OBJECTID":1940,"Id":1940,"gridcode":26,"Shape_Length":0.04999999979997938,"Shape_Area":0.0001388888877778211}},{"type":"Feature","id":1941,"geometry":{"type":"Polygon","coordinates":[[[-82.33458301322776,9.149583502325811],[-82.33458301322776,9.157916835625883],[-82.34291634652772,9.157916835625883],[-82.34291634652772,9.149583502325811],[-82.33458301322776,9.149583502325811]]]},"properties":{"OBJECTID":1941,"Id":1941,"gridcode":31,"Shape_Length":0.03333333320006204,"Shape_Area":0.0000694444438891474}},{"type":"Feature","id":1942,"geometry":{"type":"Polygon","coordinates":[[[-82.32624967992774,9.149583502325811],[-82.32624967992774,9.157916835625883],[-82.33458301322776,9.157916835625883],[-82.33458301322776,9.149583502325811],[-82.32624967992774,9.149583502325811]]]},"properties":{"OBJECTID":1942,"Id":1942,"gridcode":36,"Shape_Length":0.03333333320017573,"Shape_Area":0.0000694444438896211}},{"type":"Feature","id":1943,"geometry":{"type":"Polygon","coordinates":[[[-82.31791634662773,9.149583502325811],[-82.31791634662773,9.157916835625883],[-82.32624967992774,9.157916835625883],[-82.32624967992774,9.149583502325811],[-82.31791634662773,9.149583502325811]]]},"properties":{"OBJECTID":1943,"Id":1943,"gridcode":46,"Shape_Length":0.03333333320017573,"Shape_Area":0.0000694444438896211}},{"type":"Feature","id":1944,"geometry":{"type":"Polygon","coordinates":[[[-82.30958301332777,9.149583502325811],[-82.30958301332777,9.157916835625883],[-82.31791634662773,9.157916835625883],[-82.31791634662773,9.149583502325811],[-82.30958301332777,9.149583502325811]]]},"properties":{"OBJECTID":1944,"Id":1944,"gridcode":45,"Shape_Length":0.03333333320006204,"Shape_Area":0.0000694444438891474}},{"type":"Feature","id":1945,"geometry":{"type":"Polygon","coordinates":[[[-82.30124968002764,9.149583502325811],[-82.30124968002764,9.157916835625883],[-82.30958301332777,9.157916835625883],[-82.30958301332777,9.149583502325811],[-82.30124968002764,9.149583502325811]]]},"properties":{"OBJECTID":1945,"Id":1945,"gridcode":37,"Shape_Length":0.03333333320028942,"Shape_Area":0.00006944444389009479}},{"type":"Feature","id":1946,"geometry":{"type":"Polygon","coordinates":[[[-82.29291634672768,9.149583502325811],[-82.29291634672768,9.157916835625883],[-82.30124968002764,9.157916835625883],[-82.30124968002764,9.149583502325811],[-82.29291634672768,9.149583502325811]]]},"properties":{"OBJECTID":1946,"Id":1946,"gridcode":34,"Shape_Length":0.03333333320017573,"Shape_Area":0.0000694444438896211}},{"type":"Feature","id":1947,"geometry":{"type":"Polygon","coordinates":[[[-82.28458301342772,9.149583502325811],[-82.28458301342772,9.157916835625883],[-82.29291634672768,9.157916835625883],[-82.29291634672768,9.149583502325811],[-82.28458301342772,9.149583502325811]]]},"properties":{"OBJECTID":1947,"Id":1947,"gridcode":33,"Shape_Length":0.03333333320006204,"Shape_Area":0.0000694444438891474}},{"type":"Feature","id":1948,"geometry":{"type":"Polygon","coordinates":[[[-82.2762496801277,9.149583502325811],[-82.2762496801277,9.157916835625883],[-82.28458301342772,9.157916835625883],[-82.28458301342772,9.149583502325811],[-82.2762496801277,9.149583502325811]]]},"properties":{"OBJECTID":1948,"Id":1948,"gridcode":30,"Shape_Length":0.03333333320017573,"Shape_Area":0.0000694444438896211}},{"type":"Feature","id":1949,"geometry":{"type":"Polygon","coordinates":[[[-82.25124968022766,9.149583502325811],[-82.25124968022766,9.157916835625883],[-82.25958301352773,9.157916835625883],[-82.25958301352773,9.149583502325811],[-82.25124968022766,9.149583502325811]]]},"properties":{"OBJECTID":1949,"Id":1949,"gridcode":26,"Shape_Length":0.03333333320028942,"Shape_Area":0.00006944444389009479}},{"type":"Feature","id":1950,"geometry":{"type":"Polygon","coordinates":[[[-82.25958301352773,9.157916835625883],[-82.24291634692764,9.157916835625883],[-82.24291634692764,9.166250168925899],[-82.25958301352773,9.166250168925899],[-82.25958301352773,9.157916835625883]]]},"properties":{"OBJECTID":1950,"Id":1950,"gridcode":27,"Shape_Length":0.049999999800093065,"Shape_Area":0.0001388888877782948}},{"type":"Feature","id":1951,"geometry":{"type":"Polygon","coordinates":[[[-82.20124968042774,9.149583502325811],[-82.20124968042774,9.157916835625883],[-82.20958301372775,9.157916835625883],[-82.20958301372775,9.149583502325811],[-82.20124968042774,9.149583502325811]]]},"properties":{"OBJECTID":1951,"Id":1951,"gridcode":29,"Shape_Length":0.03333333320017573,"Shape_Area":0.0000694444438896211}},{"type":"Feature","id":1952,"geometry":{"type":"Polygon","coordinates":[[[-82.21791634702771,9.157916835625883],[-82.20124968042774,9.157916835625883],[-82.20124968042774,9.166250168925899],[-82.21791634702771,9.166250168925899],[-82.21791634702771,9.157916835625883]]]},"properties":{"OBJECTID":1952,"Id":1952,"gridcode":30,"Shape_Length":0.04999999979997938,"Shape_Area":0.0001388888877778211}},{"type":"Feature","id":1953,"geometry":{"type":"Polygon","coordinates":[[[-82.19291634712766,9.149583502325811],[-82.19291634712766,9.157916835625883],[-82.20124968042774,9.157916835625883],[-82.20124968042774,9.149583502325811],[-82.19291634712766,9.149583502325811]]]},"properties":{"OBJECTID":1953,"Id":1953,"gridcode":24,"Shape_Length":0.03333333320028942,"Shape_Area":0.00006944444389009479}},{"type":"Feature","id":1954,"geometry":{"type":"Polygon","coordinates":[[[-82.18458301382776,9.149583502325811],[-82.18458301382776,9.157916835625883],[-82.19291634712766,9.157916835625883],[-82.19291634712766,9.149583502325811],[-82.18458301382776,9.149583502325811]]]},"properties":{"OBJECTID":1954,"Id":1954,"gridcode":22,"Shape_Length":0.033333333199948356,"Shape_Area":0.00006944444388867371}},{"type":"Feature","id":1955,"geometry":{"type":"Polygon","coordinates":[[[-82.17624968052769,9.149583502325811],[-82.17624968052769,9.157916835625883],[-82.18458301382776,9.157916835625883],[-82.18458301382776,9.149583502325811],[-82.17624968052769,9.149583502325811]]]},"properties":{"OBJECTID":1955,"Id":1955,"gridcode":19,"Shape_Length":0.03333333320028942,"Shape_Area":0.00006944444389009479}},{"type":"Feature","id":1956,"geometry":{"type":"Polygon","coordinates":[[[-82.19291634712766,9.157916835625883],[-82.17624968052769,9.157916835625883],[-82.17624968052769,9.166250168925899],[-82.19291634712766,9.166250168925899],[-82.19291634712766,9.157916835625883]]]},"properties":{"OBJECTID":1956,"Id":1956,"gridcode":20,"Shape_Length":0.04999999979997938,"Shape_Area":0.0001388888877778211}},{"type":"Feature","id":1957,"geometry":{"type":"Polygon","coordinates":[[[-82.16791634722773,9.149583502325811],[-82.16791634722773,9.157916835625883],[-82.17624968052769,9.157916835625883],[-82.17624968052769,9.149583502325811],[-82.16791634722773,9.149583502325811]]]},"properties":{"OBJECTID":1957,"Id":1957,"gridcode":24,"Shape_Length":0.03333333320006204,"Shape_Area":0.0000694444438891474}},{"type":"Feature","id":1958,"geometry":{"type":"Polygon","coordinates":[[[-82.17624968052769,9.166250168925899],[-82.17624968052769,9.157916835625883],[-82.16791634722773,9.157916835625883],[-82.16791634722773,9.174583502225971],[-82.18458301382776,9.174583502225971],[-82.18458301382776,9.166250168925899],[-82.17624968052769,9.166250168925899]]]},"properties":{"OBJECTID":1958,"Id":1958,"gridcode":23,"Shape_Length":0.06666666640023777,"Shape_Area":0.0002083333316679159}},{"type":"Feature","id":1959,"geometry":{"type":"Polygon","coordinates":[[[-82.16791634722773,9.157916835625883],[-82.15124968062776,9.157916835625883],[-82.15124968062776,9.166250168925899],[-82.16791634722773,9.166250168925899],[-82.16791634722773,9.157916835625883]]]},"properties":{"OBJECTID":1959,"Id":1959,"gridcode":31,"Shape_Length":0.04999999979997938,"Shape_Area":0.0001388888877778211}},{"type":"Feature","id":1960,"geometry":{"type":"Polygon","coordinates":[[[-82.14291634732774,9.149583502325811],[-82.14291634732774,9.157916835625883],[-82.15124968062776,9.157916835625883],[-82.15124968062776,9.149583502325811],[-82.14291634732774,9.149583502325811]]]},"properties":{"OBJECTID":1960,"Id":1960,"gridcode":29,"Shape_Length":0.03333333320017573,"Shape_Area":0.0000694444438896211}},{"type":"Feature","id":1961,"geometry":{"type":"Polygon","coordinates":[[[-82.12624968072777,9.149583502325811],[-82.12624968072777,9.157916835625883],[-82.13458301402761,9.157916835625883],[-82.13458301402761,9.149583502325811],[-82.12624968072777,9.149583502325811]]]},"properties":{"OBJECTID":1961,"Id":1961,"gridcode":23,"Shape_Length":0.033333333199948356,"Shape_Area":0.00006944444388867371}},{"type":"Feature","id":1962,"geometry":{"type":"Polygon","coordinates":[[[-82.0595830143277,9.174583502225971],[-82.0595830143277,9.157916835625883],[-82.05124968102768,9.157916835625883],[-82.05124968102768,9.174583502225971],[-82.0595830143277,9.174583502225971]]]},"properties":{"OBJECTID":1962,"Id":1962,"gridcode":24,"Shape_Length":0.04999999980020675,"Shape_Area":0.0001388888877787685}},{"type":"Feature","id":1963,"geometry":{"type":"Polygon","coordinates":[[[-82.54291634572775,9.141250169025966],[-82.54291634572775,9.149583502325811],[-82.55124967902776,9.149583502325811],[-82.55124967902776,9.141250169025966],[-82.54291634572775,9.141250169025966]]]},"properties":{"OBJECTID":1963,"Id":1963,"gridcode":3,"Shape_Length":0.03333333319972098,"Shape_Area":0.00006944444388772632}},{"type":"Feature","id":1964,"geometry":{"type":"Polygon","coordinates":[[[-82.46791634602766,9.149583502325811],[-82.41791634622768,9.149583502325811],[-82.41791634622768,9.157916835625883],[-82.4595830127277,9.157916835625883],[-82.4595830127277,9.166250168925899],[-82.49291634592777,9.166250168925899],[-82.49291634592777,9.174583502225971],[-82.50124967922773,9.174583502225971],[-82.50124967922773,9.157916835625883],[-82.46791634602766,9.157916835625883],[-82.46791634602766,9.149583502325811]]]},"properties":{"OBJECTID":1964,"Id":1964,"gridcode":7,"Shape_Length":0.21666666580040328,"Shape_Area":0.0008333333266716636}},{"type":"Feature","id":1965,"geometry":{"type":"Polygon","coordinates":[[[-82.40124967962771,9.141250169025966],[-82.40124967962771,9.149583502325811],[-82.40958301292767,9.149583502325811],[-82.40958301292767,9.141250169025966],[-82.40124967962771,9.141250169025966]]]},"properties":{"OBJECTID":1965,"Id":1965,"gridcode":17,"Shape_Length":0.03333333319972098,"Shape_Area":0.00006944444388772632}},{"type":"Feature","id":1966,"geometry":{"type":"Polygon","coordinates":[[[-82.36791634642776,9.166250168925899],[-82.36791634642776,9.149583502325811],[-82.35958301312769,9.149583502325811],[-82.35958301312769,9.166250168925899],[-82.36791634642776,9.166250168925899]]]},"properties":{"OBJECTID":1966,"Id":1966,"gridcode":28,"Shape_Length":0.04999999980032044,"Shape_Area":0.0001388888877797159}},{"type":"Feature","id":1967,"geometry":{"type":"Polygon","coordinates":[[[-82.34291634652772,9.141250169025966],[-82.34291634652772,9.149583502325811],[-82.35124967982767,9.149583502325811],[-82.35124967982767,9.141250169025966],[-82.34291634652772,9.141250169025966]]]},"properties":{"OBJECTID":1967,"Id":1967,"gridcode":39,"Shape_Length":0.033333333199607296,"Shape_Area":0.00006944444388725262}},{"type":"Feature","id":1968,"geometry":{"type":"Polygon","coordinates":[[[-82.33458301322776,9.141250169025966],[-82.33458301322776,9.149583502325811],[-82.34291634652772,9.149583502325811],[-82.34291634652772,9.141250169025966],[-82.33458301322776,9.141250169025966]]]},"properties":{"OBJECTID":1968,"Id":1968,"gridcode":53,"Shape_Length":0.033333333199607296,"Shape_Area":0.00006944444388725262}},{"type":"Feature","id":1969,"geometry":{"type":"Polygon","coordinates":[[[-82.32624967992774,9.141250169025966],[-82.32624967992774,9.149583502325811],[-82.33458301322776,9.149583502325811],[-82.33458301322776,9.141250169025966],[-82.32624967992774,9.141250169025966]]]},"properties":{"OBJECTID":1969,"Id":1969,"gridcode":77,"Shape_Length":0.03333333319972098,"Shape_Area":0.00006944444388772632}},{"type":"Feature","id":1970,"geometry":{"type":"Polygon","coordinates":[[[-82.31791634662773,9.141250169025966],[-82.31791634662773,9.149583502325811],[-82.32624967992774,9.149583502325811],[-82.32624967992774,9.141250169025966],[-82.31791634662773,9.141250169025966]]]},"properties":{"OBJECTID":1970,"Id":1970,"gridcode":106,"Shape_Length":0.03333333319972098,"Shape_Area":0.00006944444388772632}},{"type":"Feature","id":1971,"geometry":{"type":"Polygon","coordinates":[[[-82.30958301332777,9.141250169025966],[-82.30958301332777,9.149583502325811],[-82.31791634662773,9.149583502325811],[-82.31791634662773,9.141250169025966],[-82.30958301332777,9.141250169025966]]]},"properties":{"OBJECTID":1971,"Id":1971,"gridcode":137,"Shape_Length":0.033333333199607296,"Shape_Area":0.00006944444388725262}},{"type":"Feature","id":1972,"geometry":{"type":"Polygon","coordinates":[[[-82.30124968002764,9.141250169025966],[-82.30124968002764,9.149583502325811],[-82.30958301332777,9.149583502325811],[-82.30958301332777,9.141250169025966],[-82.30124968002764,9.141250169025966]]]},"properties":{"OBJECTID":1972,"Id":1972,"gridcode":54,"Shape_Length":0.03333333319983467,"Shape_Area":0.00006944444388820001}},{"type":"Feature","id":1973,"geometry":{"type":"Polygon","coordinates":[[[-82.29291634672768,9.141250169025966],[-82.29291634672768,9.149583502325811],[-82.30124968002764,9.149583502325811],[-82.30124968002764,9.141250169025966],[-82.29291634672768,9.141250169025966]]]},"properties":{"OBJECTID":1973,"Id":1973,"gridcode":41,"Shape_Length":0.03333333319972098,"Shape_Area":0.00006944444388772632}},{"type":"Feature","id":1974,"geometry":{"type":"Polygon","coordinates":[[[-82.28458301342772,9.141250169025966],[-82.28458301342772,9.149583502325811],[-82.29291634672768,9.149583502325811],[-82.29291634672768,9.141250169025966],[-82.28458301342772,9.141250169025966]]]},"properties":{"OBJECTID":1974,"Id":1974,"gridcode":34,"Shape_Length":0.033333333199607296,"Shape_Area":0.00006944444388725262}},{"type":"Feature","id":1975,"geometry":{"type":"Polygon","coordinates":[[[-82.26791634682775,9.141250169025966],[-82.26791634682775,9.149583502325811],[-82.2762496801277,9.149583502325811],[-82.2762496801277,9.141250169025966],[-82.26791634682775,9.141250169025966]]]},"properties":{"OBJECTID":1975,"Id":1975,"gridcode":30,"Shape_Length":0.033333333199607296,"Shape_Area":0.00006944444388725262}},{"type":"Feature","id":1976,"geometry":{"type":"Polygon","coordinates":[[[-82.2762496801277,9.149583502325811],[-82.25958301352773,9.149583502325811],[-82.25958301352773,9.157916835625883],[-82.2762496801277,9.157916835625883],[-82.2762496801277,9.149583502325811]]]},"properties":{"OBJECTID":1976,"Id":1976,"gridcode":28,"Shape_Length":0.049999999800093065,"Shape_Area":0.0001388888877787685}},{"type":"Feature","id":1977,"geometry":{"type":"Polygon","coordinates":[[[-82.16791634722773,9.149583502325811],[-82.15124968062776,9.149583502325811],[-82.15124968062776,9.157916835625883],[-82.16791634722773,9.157916835625883],[-82.16791634722773,9.149583502325811]]]},"properties":{"OBJECTID":1977,"Id":1977,"gridcode":30,"Shape_Length":0.049999999800093065,"Shape_Area":0.0001388888877787685}},{"type":"Feature","id":1978,"geometry":{"type":"Polygon","coordinates":[[[-82.12624968072777,9.141250169025966],[-82.12624968072777,9.149583502325811],[-82.13458301402761,9.149583502325811],[-82.13458301402761,9.141250169025966],[-82.12624968072777,9.141250169025966]]]},"properties":{"OBJECTID":1978,"Id":1978,"gridcode":24,"Shape_Length":0.03333333319949361,"Shape_Area":0.00006944444388677893}},{"type":"Feature","id":1979,"geometry":{"type":"Polygon","coordinates":[[[-82.10958301412768,9.141250169025966],[-82.10958301412768,9.149583502325811],[-82.1179163474277,9.149583502325811],[-82.1179163474277,9.141250169025966],[-82.10958301412768,9.141250169025966]]]},"properties":{"OBJECTID":1979,"Id":1979,"gridcode":24,"Shape_Length":0.03333333319972098,"Shape_Area":0.00006944444388772632}},{"type":"Feature","id":1980,"geometry":{"type":"Polygon","coordinates":[[[-82.09291634752776,9.141250169025966],[-82.09291634752776,9.149583502325811],[-82.10124968082772,9.149583502325811],[-82.10124968082772,9.141250169025966],[-82.09291634752776,9.141250169025966]]]},"properties":{"OBJECTID":1980,"Id":1980,"gridcode":24,"Shape_Length":0.033333333199607296,"Shape_Area":0.00006944444388725262}},{"type":"Feature","id":1981,"geometry":{"type":"Polygon","coordinates":[[[-82.10124968082772,9.166250168925899],[-82.10124968082772,9.149583502325811],[-82.09291634752776,9.149583502325811],[-82.09291634752776,9.166250168925899],[-82.10124968082772,9.166250168925899]]]},"properties":{"OBJECTID":1981,"Id":1981,"gridcode":25,"Shape_Length":0.049999999800093065,"Shape_Area":0.0001388888877778211}},{"type":"Feature","id":1982,"geometry":{"type":"Polygon","coordinates":[[[-82.04291634772773,9.141250169025966],[-82.04291634772773,9.149583502325811],[-82.05124968102768,9.149583502325811],[-82.05124968102768,9.141250169025966],[-82.04291634772773,9.141250169025966]]]},"properties":{"OBJECTID":1982,"Id":1982,"gridcode":22,"Shape_Length":0.033333333199607296,"Shape_Area":0.00006944444388725262}},{"type":"Feature","id":1983,"geometry":{"type":"Polygon","coordinates":[[[-82.02624968112775,9.141250169025966],[-82.02624968112775,9.149583502325811],[-82.03458301442777,9.149583502325811],[-82.03458301442777,9.141250169025966],[-82.02624968112775,9.141250169025966]]]},"properties":{"OBJECTID":1983,"Id":1983,"gridcode":19,"Shape_Length":0.03333333319972098,"Shape_Area":0.00006944444388772632}},{"type":"Feature","id":1984,"geometry":{"type":"Polygon","coordinates":[[[-82.03458301442777,9.149583502325811],[-82.01791634782774,9.149583502325811],[-82.01791634782774,9.157916835625883],[-82.02624968112775,9.157916835625883],[-82.02624968112775,9.174583502225971],[-82.03458301442777,9.174583502225971],[-82.03458301442777,9.149583502325811]]]},"properties":{"OBJECTID":1984,"Id":1984,"gridcode":22,"Shape_Length":0.08333333300038248,"Shape_Area":0.0002777777755580107}},{"type":"Feature","id":1985,"geometry":{"type":"Polygon","coordinates":[[[-82.00958301452766,9.141250169025966],[-82.00958301452766,9.149583502325811],[-82.01791634782774,9.149583502325811],[-82.01791634782774,9.141250169025966],[-82.00958301452766,9.141250169025966]]]},"properties":{"OBJECTID":1985,"Id":1985,"gridcode":23,"Shape_Length":0.03333333319983467,"Shape_Area":0.00006944444388820001}},{"type":"Feature","id":1986,"geometry":{"type":"Polygon","coordinates":[[[-82.0012496812277,9.141250169025966],[-82.0012496812277,9.149583502325811],[-82.00958301452766,9.149583502325811],[-82.00958301452766,9.141250169025966],[-82.0012496812277,9.141250169025966]]]},"properties":{"OBJECTID":1986,"Id":1986,"gridcode":25,"Shape_Length":0.033333333199607296,"Shape_Area":0.00006944444388725262}},{"type":"Feature","id":1987,"geometry":{"type":"Polygon","coordinates":[[[-82.40124967962771,9.13291683572595],[-82.40124967962771,9.141250169025966],[-82.40958301292767,9.141250169025966],[-82.40958301292767,9.13291683572595],[-82.40124967962771,9.13291683572595]]]},"properties":{"OBJECTID":1987,"Id":1987,"gridcode":16,"Shape_Length":0.03333333320006204,"Shape_Area":0.0000694444438891474}},{"type":"Feature","id":1988,"geometry":{"type":"Polygon","coordinates":[[[-82.39291634632775,9.13291683572595],[-82.39291634632775,9.141250169025966],[-82.40124967962771,9.141250169025966],[-82.40124967962771,9.13291683572595],[-82.39291634632775,9.13291683572595]]]},"properties":{"OBJECTID":1988,"Id":1988,"gridcode":18,"Shape_Length":0.033333333199948356,"Shape_Area":0.00006944444388867371}},{"type":"Feature","id":1989,"geometry":{"type":"Polygon","coordinates":[[[-82.40124967962771,9.149583502325811],[-82.40124967962771,9.141250169025966],[-82.39291634632775,9.141250169025966],[-82.39291634632775,9.157916835625883],[-82.40958301292767,9.157916835625883],[-82.40958301292767,9.149583502325811],[-82.40124967962771,9.149583502325811]]]},"properties":{"OBJECTID":1989,"Id":1989,"gridcode":19,"Shape_Length":0.06666666639978303,"Shape_Area":0.00020833333166602114}},{"type":"Feature","id":1990,"geometry":{"type":"Polygon","coordinates":[[[-82.38458301302774,9.13291683572595],[-82.38458301302774,9.141250169025966],[-82.39291634632775,9.141250169025966],[-82.39291634632775,9.13291683572595],[-82.38458301302774,9.13291683572595]]]},"properties":{"OBJECTID":1990,"Id":1990,"gridcode":19,"Shape_Length":0.03333333320006204,"Shape_Area":0.0000694444438891474}},{"type":"Feature","id":1991,"geometry":{"type":"Polygon","coordinates":[[[-82.39291634632775,9.157916835625883],[-82.39291634632775,9.141250169025966],[-82.38458301302774,9.141250169025966],[-82.38458301302774,9.166250168925899],[-82.40124967962771,9.166250168925899],[-82.40124967962771,9.157916835625883],[-82.39291634632775,9.157916835625883]]]},"properties":{"OBJECTID":1991,"Id":1991,"gridcode":21,"Shape_Length":0.08333333299981405,"Shape_Area":0.00027777777555516853}},{"type":"Feature","id":1992,"geometry":{"type":"Polygon","coordinates":[[[-82.37624967972772,9.13291683572595],[-82.37624967972772,9.141250169025966],[-82.38458301302774,9.141250169025966],[-82.38458301302774,9.13291683572595],[-82.37624967972772,9.13291683572595]]]},"properties":{"OBJECTID":1992,"Id":1992,"gridcode":21,"Shape_Length":0.03333333320006204,"Shape_Area":0.0000694444438891474}},{"type":"Feature","id":1993,"geometry":{"type":"Polygon","coordinates":[[[-82.38458301302774,9.157916835625883],[-82.38458301302774,9.141250169025966],[-82.37624967972772,9.141250169025966],[-82.37624967972772,9.157916835625883],[-82.38458301302774,9.157916835625883]]]},"properties":{"OBJECTID":1993,"Id":1993,"gridcode":23,"Shape_Length":0.04999999979986569,"Shape_Area":0.00013888888777734742}},{"type":"Feature","id":1994,"geometry":{"type":"Polygon","coordinates":[[[-82.36791634642776,9.13291683572595],[-82.36791634642776,9.141250169025966],[-82.37624967972772,9.141250169025966],[-82.37624967972772,9.13291683572595],[-82.36791634642776,9.13291683572595]]]},"properties":{"OBJECTID":1994,"Id":1994,"gridcode":24,"Shape_Length":0.033333333199948356,"Shape_Area":0.00006944444388867371}},{"type":"Feature","id":1995,"geometry":{"type":"Polygon","coordinates":[[[-82.35958301312769,9.13291683572595],[-82.35958301312769,9.141250169025966],[-82.36791634642776,9.141250169025966],[-82.36791634642776,9.13291683572595],[-82.35958301312769,9.13291683572595]]]},"properties":{"OBJECTID":1995,"Id":1995,"gridcode":25,"Shape_Length":0.03333333320017573,"Shape_Area":0.0000694444438896211}},{"type":"Feature","id":1996,"geometry":{"type":"Polygon","coordinates":[[[-82.37624967972772,9.141250169025966],[-82.35958301312769,9.141250169025966],[-82.35958301312769,9.149583502325811],[-82.36791634642776,9.149583502325811],[-82.36791634642776,9.157916835625883],[-82.37624967972772,9.157916835625883],[-82.37624967972772,9.141250169025966]]]},"properties":{"OBJECTID":1996,"Id":1996,"gridcode":26,"Shape_Length":0.06666666639989671,"Shape_Area":0.00020833333166460003}},{"type":"Feature","id":1997,"geometry":{"type":"Polygon","coordinates":[[[-82.35124967982767,9.13291683572595],[-82.35124967982767,9.141250169025966],[-82.35958301312769,9.141250169025966],[-82.35958301312769,9.13291683572595],[-82.35124967982767,9.13291683572595]]]},"properties":{"OBJECTID":1997,"Id":1997,"gridcode":40,"Shape_Length":0.03333333320006204,"Shape_Area":0.0000694444438891474}},{"type":"Feature","id":1998,"geometry":{"type":"Polygon","coordinates":[[[-82.35958301312769,9.157916835625883],[-82.35958301312769,9.141250169025966],[-82.35124967982767,9.141250169025966],[-82.35124967982767,9.157916835625883],[-82.35958301312769,9.157916835625883]]]},"properties":{"OBJECTID":1998,"Id":1998,"gridcode":27,"Shape_Length":0.04999999979986569,"Shape_Area":0.00013888888777734742}},{"type":"Feature","id":1999,"geometry":{"type":"Polygon","coordinates":[[[-82.34291634652772,9.13291683572595],[-82.34291634652772,9.141250169025966],[-82.35124967982767,9.141250169025966],[-82.35124967982767,9.13291683572595],[-82.34291634652772,9.13291683572595]]]},"properties":{"OBJECTID":1999,"Id":1999,"gridcode":74,"Shape_Length":0.033333333199948356,"Shape_Area":0.00006944444388867371}},{"type":"Feature","id":2000,"geometry":{"type":"Polygon","coordinates":[[[-82.33458301322776,9.13291683572595],[-82.33458301322776,9.141250169025966],[-82.34291634652772,9.141250169025966],[-82.34291634652772,9.13291683572595],[-82.33458301322776,9.13291683572595]]]},"properties":{"OBJECTID":2000,"Id":2000,"gridcode":51,"Shape_Length":0.033333333199948356,"Shape_Area":0.00006944444388867371}},{"type":"Feature","id":2001,"geometry":{"type":"Polygon","coordinates":[[[-82.32624967992774,9.13291683572595],[-82.32624967992774,9.141250169025966],[-82.33458301322776,9.141250169025966],[-82.33458301322776,9.13291683572595],[-82.32624967992774,9.13291683572595]]]},"properties":{"OBJECTID":2001,"Id":2001,"gridcode":37,"Shape_Length":0.03333333320006204,"Shape_Area":0.0000694444438891474}},{"type":"Feature","id":2002,"geometry":{"type":"Polygon","coordinates":[[[-82.31791634662773,9.13291683572595],[-82.31791634662773,9.141250169025966],[-82.32624967992774,9.141250169025966],[-82.32624967992774,9.13291683572595],[-82.31791634662773,9.13291683572595]]]},"properties":{"OBJECTID":2002,"Id":2002,"gridcode":66,"Shape_Length":0.03333333320006204,"Shape_Area":0.0000694444438891474}},{"type":"Feature","id":2003,"geometry":{"type":"Polygon","coordinates":[[[-82.30958301332777,9.13291683572595],[-82.30958301332777,9.141250169025966],[-82.31791634662773,9.141250169025966],[-82.31791634662773,9.13291683572595],[-82.30958301332777,9.13291683572595]]]},"properties":{"OBJECTID":2003,"Id":2003,"gridcode":148,"Shape_Length":0.033333333199948356,"Shape_Area":0.00006944444388867371}},{"type":"Feature","id":2004,"geometry":{"type":"Polygon","coordinates":[[[-82.30124968002764,9.13291683572595],[-82.30124968002764,9.141250169025966],[-82.30958301332777,9.141250169025966],[-82.30958301332777,9.13291683572595],[-82.30124968002764,9.13291683572595]]]},"properties":{"OBJECTID":2004,"Id":2004,"gridcode":130,"Shape_Length":0.03333333320017573,"Shape_Area":0.0000694444438896211}},{"type":"Feature","id":2005,"geometry":{"type":"Polygon","coordinates":[[[-82.29291634672768,9.13291683572595],[-82.29291634672768,9.141250169025966],[-82.30124968002764,9.141250169025966],[-82.30124968002764,9.13291683572595],[-82.29291634672768,9.13291683572595]]]},"properties":{"OBJECTID":2005,"Id":2005,"gridcode":43,"Shape_Length":0.03333333320006204,"Shape_Area":0.0000694444438891474}},{"type":"Feature","id":2006,"geometry":{"type":"Polygon","coordinates":[[[-82.26791634682775,9.13291683572595],[-82.26791634682775,9.141250169025966],[-82.2762496801277,9.141250169025966],[-82.2762496801277,9.13291683572595],[-82.26791634682775,9.13291683572595]]]},"properties":{"OBJECTID":2006,"Id":2006,"gridcode":29,"Shape_Length":0.033333333199948356,"Shape_Area":0.00006944444388867371}},{"type":"Feature","id":2007,"geometry":{"type":"Polygon","coordinates":[[[-82.19291634712766,9.141250169025966],[-82.17624968052769,9.141250169025966],[-82.17624968052769,9.149583502325811],[-82.19291634712766,9.149583502325811],[-82.19291634712766,9.141250169025966]]]},"properties":{"OBJECTID":2007,"Id":2007,"gridcode":20,"Shape_Length":0.04999999979963832,"Shape_Area":0.00013888888777497893}},{"type":"Feature","id":2008,"geometry":{"type":"Polygon","coordinates":[[[-82.15958301392772,9.141250169025966],[-82.14291634732774,9.141250169025966],[-82.14291634732774,9.149583502325811],[-82.15958301392772,9.149583502325811],[-82.15958301392772,9.141250169025966]]]},"properties":{"OBJECTID":2008,"Id":2008,"gridcode":28,"Shape_Length":0.04999999979963832,"Shape_Area":0.00013888888777497893}},{"type":"Feature","id":2009,"geometry":{"type":"Polygon","coordinates":[[[-82.14291634732774,9.166250168925899],[-82.14291634732774,9.141250169025966],[-82.13458301402761,9.141250169025966],[-82.13458301402761,9.166250168925899],[-82.14291634732774,9.166250168925899]]]},"properties":{"OBJECTID":2009,"Id":2009,"gridcode":27,"Shape_Length":0.0666666664000104,"Shape_Area":0.0002083333316679159}},{"type":"Feature","id":2010,"geometry":{"type":"Polygon","coordinates":[[[-82.12624968072777,9.166250168925899],[-82.12624968072777,9.141250169025966],[-82.1179163474277,9.141250169025966],[-82.1179163474277,9.157916835625883],[-82.10958301412768,9.157916835625883],[-82.10958301412768,9.166250168925899],[-82.12624968072777,9.166250168925899]]]},"properties":{"OBJECTID":2010,"Id":2010,"gridcode":22,"Shape_Length":0.08333333300004142,"Shape_Area":0.0002777777755570633}},{"type":"Feature","id":2011,"geometry":{"type":"Polygon","coordinates":[[[-82.10958301412768,9.149583502325811],[-82.10958301412768,9.141250169025966],[-82.10124968082772,9.141250169025966],[-82.10124968082772,9.166250168925899],[-82.10958301412768,9.166250168925899],[-82.10958301412768,9.157916835625883],[-82.1179163474277,9.157916835625883],[-82.1179163474277,9.149583502325811],[-82.10958301412768,9.149583502325811]]]},"properties":{"OBJECTID":2011,"Id":2011,"gridcode":23,"Shape_Length":0.08333333299981405,"Shape_Area":0.00027777777555469484}},{"type":"Feature","id":2012,"geometry":{"type":"Polygon","coordinates":[[[-82.0595830143277,9.149583502325811],[-82.0595830143277,9.141250169025966],[-82.05124968102768,9.141250169025966],[-82.05124968102768,9.157916835625883],[-82.06791634762766,9.157916835625883],[-82.06791634762766,9.149583502325811],[-82.0595830143277,9.149583502325811]]]},"properties":{"OBJECTID":2012,"Id":2012,"gridcode":23,"Shape_Length":0.06666666639978303,"Shape_Area":0.00020833333166649483}},{"type":"Feature","id":2013,"geometry":{"type":"Polygon","coordinates":[[[-82.04291634772773,9.13291683572595],[-82.04291634772773,9.141250169025966],[-82.05124968102768,9.141250169025966],[-82.05124968102768,9.13291683572595],[-82.04291634772773,9.13291683572595]]]},"properties":{"OBJECTID":2013,"Id":2013,"gridcode":21,"Shape_Length":0.033333333199948356,"Shape_Area":0.00006944444388867371}},{"type":"Feature","id":2014,"geometry":{"type":"Polygon","coordinates":[[[-82.03458301442777,9.13291683572595],[-82.03458301442777,9.141250169025966],[-82.04291634772773,9.141250169025966],[-82.04291634772773,9.13291683572595],[-82.03458301442777,9.13291683572595]]]},"properties":{"OBJECTID":2014,"Id":2014,"gridcode":22,"Shape_Length":0.033333333199948356,"Shape_Area":0.00006944444388867371}},{"type":"Feature","id":2015,"geometry":{"type":"Polygon","coordinates":[[[-82.04291634772773,9.149583502325811],[-82.04291634772773,9.141250169025966],[-82.03458301442777,9.141250169025966],[-82.03458301442777,9.166250168925899],[-82.04291634772773,9.166250168925899],[-82.04291634772773,9.157916835625883],[-82.05124968102768,9.157916835625883],[-82.05124968102768,9.149583502325811],[-82.04291634772773,9.149583502325811]]]},"properties":{"OBJECTID":2015,"Id":2015,"gridcode":20,"Shape_Length":0.08333333299970036,"Shape_Area":0.0002777777755542211}},{"type":"Feature","id":2016,"geometry":{"type":"Polygon","coordinates":[[[-82.00958301452766,9.13291683572595],[-82.00958301452766,9.141250169025966],[-82.01791634782774,9.141250169025966],[-82.01791634782774,9.13291683572595],[-82.00958301452766,9.13291683572595]]]},"properties":{"OBJECTID":2016,"Id":2016,"gridcode":22,"Shape_Length":0.03333333320017573,"Shape_Area":0.0000694444438896211}},{"type":"Feature","id":2017,"geometry":{"type":"Polygon","coordinates":[[[-82.53458301242779,9.141250169025966],[-82.53458301242779,9.13291683572595],[-82.52624967912772,9.13291683572595],[-82.52624967912772,9.157916835625883],[-82.53458301242779,9.157916835625883],[-82.53458301242779,9.174583502225971],[-82.54291634572775,9.174583502225971],[-82.54291634572775,9.182916835525987],[-82.55124967902776,9.182916835525987],[-82.55124967902776,9.191250168825832],[-82.55958301232772,9.191250168825832],[-82.55958301232772,9.174583502225971],[-82.56791634562774,9.174583502225971],[-82.56791634562774,9.166250168925899],[-82.55958301232772,9.166250168925899],[-82.55958301232772,9.157916835625883],[-82.55124967902776,9.157916835625883],[-82.55124967902776,9.149583502325811],[-82.54291634572775,9.149583502325811],[-82.54291634572775,9.141250169025966],[-82.53458301242779,9.141250169025966]]]},"properties":{"OBJECTID":2017,"Id":2017,"gridcode":4,"Shape_Length":0.19999999919980382,"Shape_Area":0.0011111111022230427}},{"type":"Feature","id":2018,"geometry":{"type":"Polygon","coordinates":[[[-82.50958301252774,9.124583502425878],[-82.50958301252774,9.13291683572595],[-82.5179163458277,9.13291683572595],[-82.5179163458277,9.124583502425878],[-82.50958301252774,9.124583502425878]]]},"properties":{"OBJECTID":2018,"Id":2018,"gridcode":4,"Shape_Length":0.03333333320006204,"Shape_Area":0.0000694444438891474}},{"type":"Feature","id":2019,"geometry":{"type":"Polygon","coordinates":[[[-82.50124967922773,9.141250169025966],[-82.50124967922773,9.13291683572595],[-82.49291634592777,9.13291683572595],[-82.49291634592777,9.149583502325811],[-82.46791634602766,9.149583502325811],[-82.46791634602766,9.157916835625883],[-82.50124967922773,9.157916835625883],[-82.50124967922773,9.174583502225971],[-82.50958301252774,9.174583502225971],[-82.50958301252774,9.166250168925899],[-82.5179163458277,9.166250168925899],[-82.5179163458277,9.157916835625883],[-82.50958301252774,9.157916835625883],[-82.50958301252774,9.141250169025966],[-82.50124967922773,9.141250169025966]]]},"properties":{"OBJECTID":2019,"Id":2019,"gridcode":6,"Shape_Length":0.18333333260000018,"Shape_Area":0.0007638888827787266}},{"type":"Feature","id":2020,"geometry":{"type":"Polygon","coordinates":[[[-82.45124967942775,9.124583502425878],[-82.45124967942775,9.13291683572595],[-82.4595830127277,9.13291683572595],[-82.4595830127277,9.124583502425878],[-82.45124967942775,9.124583502425878]]]},"properties":{"OBJECTID":2020,"Id":2020,"gridcode":5,"Shape_Length":0.03333333320006204,"Shape_Area":0.0000694444438891474}},{"type":"Feature","id":2021,"geometry":{"type":"Polygon","coordinates":[[[-82.46791634602766,9.13291683572595],[-82.44291634612773,9.13291683572595],[-82.44291634612773,9.141250169025966],[-82.41791634622768,9.141250169025966],[-82.41791634622768,9.149583502325811],[-82.46791634602766,9.149583502325811],[-82.46791634602766,9.13291683572595]]]},"properties":{"OBJECTID":2021,"Id":2021,"gridcode":6,"Shape_Length":0.13333333279979342,"Shape_Area":0.0006249999949928528}},{"type":"Feature","id":2022,"geometry":{"type":"Polygon","coordinates":[[[-82.44291634612773,9.13291683572595],[-82.41791634622768,9.13291683572595],[-82.41791634622768,9.141250169025966],[-82.44291634612773,9.141250169025966],[-82.44291634612773,9.13291683572595]]]},"properties":{"OBJECTID":2022,"Id":2022,"gridcode":5,"Shape_Length":0.06666666640012409,"Shape_Area":0.0002083333316674422}},{"type":"Feature","id":2023,"geometry":{"type":"Polygon","coordinates":[[[-82.40958301292767,9.124583502425878],[-82.40958301292767,9.13291683572595],[-82.41791634622768,9.13291683572595],[-82.41791634622768,9.124583502425878],[-82.40958301292767,9.124583502425878]]]},"properties":{"OBJECTID":2023,"Id":2023,"gridcode":13,"Shape_Length":0.03333333320006204,"Shape_Area":0.0000694444438891474}},{"type":"Feature","id":2024,"geometry":{"type":"Polygon","coordinates":[[[-82.41791634622768,9.157916835625883],[-82.41791634622768,9.13291683572595],[-82.40958301292767,9.13291683572595],[-82.40958301292767,9.157916835625883],[-82.41791634622768,9.157916835625883]]]},"properties":{"OBJECTID":2024,"Id":2024,"gridcode":14,"Shape_Length":0.06666666639978303,"Shape_Area":0.00020833333166507374}},{"type":"Feature","id":2025,"geometry":{"type":"Polygon","coordinates":[[[-82.40124967962771,9.124583502425878],[-82.40124967962771,9.13291683572595],[-82.40958301292767,9.13291683572595],[-82.40958301292767,9.124583502425878],[-82.40124967962771,9.124583502425878]]]},"properties":{"OBJECTID":2025,"Id":2025,"gridcode":14,"Shape_Length":0.03333333320017573,"Shape_Area":0.0000694444438896211}},{"type":"Feature","id":2026,"geometry":{"type":"Polygon","coordinates":[[[-82.39291634632775,9.124583502425878],[-82.39291634632775,9.13291683572595],[-82.40124967962771,9.13291683572595],[-82.40124967962771,9.124583502425878],[-82.39291634632775,9.124583502425878]]]},"properties":{"OBJECTID":2026,"Id":2026,"gridcode":15,"Shape_Length":0.03333333320006204,"Shape_Area":0.0000694444438891474}},{"type":"Feature","id":2027,"geometry":{"type":"Polygon","coordinates":[[[-82.37624967972772,9.124583502425878],[-82.37624967972772,9.13291683572595],[-82.38458301302774,9.13291683572595],[-82.38458301302774,9.124583502425878],[-82.37624967972772,9.124583502425878]]]},"properties":{"OBJECTID":2027,"Id":2027,"gridcode":18,"Shape_Length":0.03333333320017573,"Shape_Area":0.0000694444438896211}},{"type":"Feature","id":2028,"geometry":{"type":"Polygon","coordinates":[[[-82.36791634642776,9.124583502425878],[-82.36791634642776,9.13291683572595],[-82.37624967972772,9.13291683572595],[-82.37624967972772,9.124583502425878],[-82.36791634642776,9.124583502425878]]]},"properties":{"OBJECTID":2028,"Id":2028,"gridcode":22,"Shape_Length":0.03333333320006204,"Shape_Area":0.0000694444438891474}},{"type":"Feature","id":2029,"geometry":{"type":"Polygon","coordinates":[[[-82.35958301312769,9.124583502425878],[-82.35958301312769,9.13291683572595],[-82.36791634642776,9.13291683572595],[-82.36791634642776,9.124583502425878],[-82.35958301312769,9.124583502425878]]]},"properties":{"OBJECTID":2029,"Id":2029,"gridcode":24,"Shape_Length":0.03333333320028942,"Shape_Area":0.00006944444389009479}},{"type":"Feature","id":2030,"geometry":{"type":"Polygon","coordinates":[[[-82.35124967982767,9.124583502425878],[-82.35124967982767,9.13291683572595],[-82.35958301312769,9.13291683572595],[-82.35958301312769,9.124583502425878],[-82.35124967982767,9.124583502425878]]]},"properties":{"OBJECTID":2030,"Id":2030,"gridcode":47,"Shape_Length":0.03333333320017573,"Shape_Area":0.0000694444438896211}},{"type":"Feature","id":2031,"geometry":{"type":"Polygon","coordinates":[[[-82.34291634652772,9.124583502425878],[-82.34291634652772,9.13291683572595],[-82.35124967982767,9.13291683572595],[-82.35124967982767,9.124583502425878],[-82.34291634652772,9.124583502425878]]]},"properties":{"OBJECTID":2031,"Id":2031,"gridcode":54,"Shape_Length":0.03333333320006204,"Shape_Area":0.0000694444438891474}},{"type":"Feature","id":2032,"geometry":{"type":"Polygon","coordinates":[[[-82.33458301322776,9.124583502425878],[-82.33458301322776,9.13291683572595],[-82.34291634652772,9.13291683572595],[-82.34291634652772,9.124583502425878],[-82.33458301322776,9.124583502425878]]]},"properties":{"OBJECTID":2032,"Id":2032,"gridcode":31,"Shape_Length":0.03333333320006204,"Shape_Area":0.0000694444438891474}},{"type":"Feature","id":2033,"geometry":{"type":"Polygon","coordinates":[[[-82.32624967992774,9.124583502425878],[-82.32624967992774,9.13291683572595],[-82.33458301322776,9.13291683572595],[-82.33458301322776,9.124583502425878],[-82.32624967992774,9.124583502425878]]]},"properties":{"OBJECTID":2033,"Id":2033,"gridcode":32,"Shape_Length":0.03333333320017573,"Shape_Area":0.0000694444438896211}},{"type":"Feature","id":2034,"geometry":{"type":"Polygon","coordinates":[[[-82.31791634662773,9.124583502425878],[-82.31791634662773,9.13291683572595],[-82.32624967992774,9.13291683572595],[-82.32624967992774,9.124583502425878],[-82.31791634662773,9.124583502425878]]]},"properties":{"OBJECTID":2034,"Id":2034,"gridcode":36,"Shape_Length":0.03333333320017573,"Shape_Area":0.0000694444438896211}},{"type":"Feature","id":2035,"geometry":{"type":"Polygon","coordinates":[[[-82.30958301332777,9.124583502425878],[-82.30958301332777,9.13291683572595],[-82.31791634662773,9.13291683572595],[-82.31791634662773,9.124583502425878],[-82.30958301332777,9.124583502425878]]]},"properties":{"OBJECTID":2035,"Id":2035,"gridcode":95,"Shape_Length":0.03333333320006204,"Shape_Area":0.0000694444438891474}},{"type":"Feature","id":2036,"geometry":{"type":"Polygon","coordinates":[[[-82.30124968002764,9.124583502425878],[-82.30124968002764,9.13291683572595],[-82.30958301332777,9.13291683572595],[-82.30958301332777,9.124583502425878],[-82.30124968002764,9.124583502425878]]]},"properties":{"OBJECTID":2036,"Id":2036,"gridcode":140,"Shape_Length":0.03333333320028942,"Shape_Area":0.00006944444389009479}},{"type":"Feature","id":2037,"geometry":{"type":"Polygon","coordinates":[[[-82.29291634672768,9.124583502425878],[-82.29291634672768,9.13291683572595],[-82.30124968002764,9.13291683572595],[-82.30124968002764,9.124583502425878],[-82.29291634672768,9.124583502425878]]]},"properties":{"OBJECTID":2037,"Id":2037,"gridcode":47,"Shape_Length":0.03333333320017573,"Shape_Area":0.0000694444438896211}},{"type":"Feature","id":2038,"geometry":{"type":"Polygon","coordinates":[[[-82.2762496801277,9.124583502425878],[-82.2762496801277,9.13291683572595],[-82.28458301342772,9.13291683572595],[-82.28458301342772,9.124583502425878],[-82.2762496801277,9.124583502425878]]]},"properties":{"OBJECTID":2038,"Id":2038,"gridcode":29,"Shape_Length":0.03333333320017573,"Shape_Area":0.0000694444438896211}},{"type":"Feature","id":2039,"geometry":{"type":"Polygon","coordinates":[[[-82.28458301342772,9.149583502325811],[-82.28458301342772,9.13291683572595],[-82.2762496801277,9.13291683572595],[-82.2762496801277,9.149583502325811],[-82.28458301342772,9.149583502325811]]]},"properties":{"OBJECTID":2039,"Id":2039,"gridcode":31,"Shape_Length":0.049999999799752004,"Shape_Area":0.00013888888777687373}},{"type":"Feature","id":2040,"geometry":{"type":"Polygon","coordinates":[[[-82.13458301402761,9.13291683572595],[-82.10958301412768,9.13291683572595],[-82.10958301412768,9.141250169025966],[-82.13458301402761,9.141250169025966],[-82.13458301402761,9.13291683572595]]]},"properties":{"OBJECTID":2040,"Id":2040,"gridcode":23,"Shape_Length":0.0666666664000104,"Shape_Area":0.00020833333166696852}},{"type":"Feature","id":2041,"geometry":{"type":"Polygon","coordinates":[[[-82.02624968112775,9.124583502425878],[-82.02624968112775,9.13291683572595],[-82.03458301442777,9.13291683572595],[-82.03458301442777,9.124583502425878],[-82.02624968112775,9.124583502425878]]]},"properties":{"OBJECTID":2041,"Id":2041,"gridcode":22,"Shape_Length":0.03333333320017573,"Shape_Area":0.0000694444438896211}},{"type":"Feature","id":2042,"geometry":{"type":"Polygon","coordinates":[[[-82.01791634782774,9.124583502425878],[-82.01791634782774,9.13291683572595],[-82.02624968112775,9.13291683572595],[-82.02624968112775,9.124583502425878],[-82.01791634782774,9.124583502425878]]]},"properties":{"OBJECTID":2042,"Id":2042,"gridcode":21,"Shape_Length":0.03333333320017573,"Shape_Area":0.0000694444438896211}},{"type":"Feature","id":2043,"geometry":{"type":"Polygon","coordinates":[[[-82.03458301442777,9.13291683572595],[-82.01791634782774,9.13291683572595],[-82.01791634782774,9.149583502325811],[-82.02624968112775,9.149583502325811],[-82.02624968112775,9.141250169025966],[-82.03458301442777,9.141250169025966],[-82.03458301442777,9.13291683572595]]]},"properties":{"OBJECTID":2043,"Id":2043,"gridcode":20,"Shape_Length":0.06666666639978303,"Shape_Area":0.00020833333166602114}},{"type":"Feature","id":2044,"geometry":{"type":"Polygon","coordinates":[[[-82.71791634502779,9.216250168725935],[-82.71791634502779,9.20791683542592],[-82.72624967832775,9.20791683542592],[-82.72624967832775,9.216250168725935],[-82.71791634502779,9.216250168725935]],[[-82.76791634482765,9.124583502425878],[-82.74291634492772,9.124583502425878],[-82.74291634492772,9.13291683572595],[-82.72624967832775,9.13291683572595],[-82.72624967832775,9.141250169025966],[-82.71791634502779,9.141250169025966],[-82.71791634502779,9.149583502325811],[-82.7012496784277,9.149583502325811],[-82.7012496784277,9.157916835625883],[-82.69291634512774,9.157916835625883],[-82.69291634512774,9.166250168925899],[-82.68458301182773,9.166250168925899],[-82.68458301182773,9.174583502225971],[-82.69291634512774,9.174583502225971],[-82.69291634512774,9.182916835525987],[-82.67624967852777,9.182916835525987],[-82.67624967852777,9.174583502225971],[-82.65958301192762,9.174583502225971],[-82.65958301192762,9.182916835525987],[-82.66791634522775,9.182916835525987],[-82.66791634522775,9.199583502125904],[-82.68458301182773,9.199583502125904],[-82.68458301182773,9.20791683542592],[-82.69291634512774,9.20791683542592],[-82.69291634512774,9.199583502125904],[-82.7012496784277,9.199583502125904],[-82.7012496784277,9.20791683542592],[-82.69291634512774,9.20791683542592],[-82.69291634512774,9.216250168725935],[-82.7012496784277,9.216250168725935],[-82.7012496784277,9.224583502025837],[-82.70958301172777,9.224583502025837],[-82.70958301172777,9.232916835325852],[-82.71791634502779,9.232916835325852],[-82.71791634502779,9.241250168625868],[-82.72624967832775,9.241250168625868],[-82.72624967832775,9.24958350192594],[-82.73458301162776,9.24958350192594],[-82.73458301162776,9.2662501685258],[-82.74291634492772,9.2662501685258],[-82.74291634492772,9.274583501825873],[-82.75124967822774,9.274583501825873],[-82.75124967822774,9.257916835225956],[-82.74291634492772,9.257916835225956],[-82.74291634492772,9.224583502025837],[-82.75124967822774,9.224583502025837],[-82.75124967822774,9.216250168725935],[-82.7595830115277,9.216250168725935],[-82.7595830115277,9.20791683542592],[-82.76791634482765,9.20791683542592],[-82.76791634482765,9.199583502125904],[-82.77624967812778,9.199583502125904],[-82.77624967812778,9.191250168825832],[-82.78458301142774,9.191250168825832],[-82.78458301142774,9.182916835525987],[-82.79291634472776,9.182916835525987],[-82.79291634472776,9.166250168925899],[-82.80124967802772,9.166250168925899],[-82.80124967802772,9.157916835625883],[-82.79291634472776,9.157916835625883],[-82.79291634472776,9.141250169025966],[-82.78458301142774,9.141250169025966],[-82.78458301142774,9.13291683572595],[-82.76791634482765,9.13291683572595],[-82.76791634482765,9.124583502425878]]]},"properties":{"OBJECTID":2044,"Id":2044,"gridcode":1,"Shape_Length":0.6999999972000523,"Shape_Area":0.009166666593329561}},{"type":"Feature","id":2045,"geometry":{"type":"Polygon","coordinates":[[[-82.67624967852777,9.116250169125863],[-82.67624967852777,9.124583502425878],[-82.68458301182773,9.124583502425878],[-82.68458301182773,9.116250169125863],[-82.67624967852777,9.116250169125863]]]},"properties":{"OBJECTID":2045,"Id":2045,"gridcode":1,"Shape_Length":0.033333333199948356,"Shape_Area":0.00006944444388867371}},{"type":"Feature","id":2046,"geometry":{"type":"Polygon","coordinates":[[[-82.50958301252774,9.124583502425878],[-82.48458301262775,9.124583502425878],[-82.48458301262775,9.13291683572595],[-82.46791634602766,9.13291683572595],[-82.46791634602766,9.149583502325811],[-82.49291634592777,9.149583502325811],[-82.49291634592777,9.13291683572595],[-82.50124967922773,9.13291683572595],[-82.50124967922773,9.141250169025966],[-82.50958301252774,9.141250169025966],[-82.50958301252774,9.157916835625883],[-82.5179163458277,9.157916835625883],[-82.5179163458277,9.166250168925899],[-82.50958301252774,9.166250168925899],[-82.50958301252774,9.174583502225971],[-82.52624967912772,9.174583502225971],[-82.52624967912772,9.182916835525987],[-82.53458301242779,9.182916835525987],[-82.53458301242779,9.191250168825832],[-82.55124967902776,9.191250168825832],[-82.55124967902776,9.182916835525987],[-82.54291634572775,9.182916835525987],[-82.54291634572775,9.174583502225971],[-82.53458301242779,9.174583502225971],[-82.53458301242779,9.157916835625883],[-82.52624967912772,9.157916835625883],[-82.52624967912772,9.13291683572595],[-82.50958301252774,9.13291683572595],[-82.50958301252774,9.124583502425878]]]},"properties":{"OBJECTID":2046,"Id":2046,"gridcode":5,"Shape_Length":0.34999999859962827,"Shape_Area":0.0017361110972206324}},{"type":"Feature","id":2047,"geometry":{"type":"Polygon","coordinates":[[[-82.40958301292767,9.116250169125863],[-82.40958301292767,9.124583502425878],[-82.41791634622768,9.124583502425878],[-82.41791634622768,9.116250169125863],[-82.40958301292767,9.116250169125863]]]},"properties":{"OBJECTID":2047,"Id":2047,"gridcode":11,"Shape_Length":0.033333333199948356,"Shape_Area":0.00006944444388867371}},{"type":"Feature","id":2048,"geometry":{"type":"Polygon","coordinates":[[[-82.37624967972772,9.116250169125863],[-82.37624967972772,9.124583502425878],[-82.38458301302774,9.124583502425878],[-82.38458301302774,9.116250169125863],[-82.37624967972772,9.116250169125863]]]},"properties":{"OBJECTID":2048,"Id":2048,"gridcode":17,"Shape_Length":0.03333333320006204,"Shape_Area":0.0000694444438891474}},{"type":"Feature","id":2049,"geometry":{"type":"Polygon","coordinates":[[[-82.36791634642776,9.116250169125863],[-82.36791634642776,9.124583502425878],[-82.37624967972772,9.124583502425878],[-82.37624967972772,9.116250169125863],[-82.36791634642776,9.116250169125863]]]},"properties":{"OBJECTID":2049,"Id":2049,"gridcode":20,"Shape_Length":0.033333333199948356,"Shape_Area":0.00006944444388867371}},{"type":"Feature","id":2050,"geometry":{"type":"Polygon","coordinates":[[[-82.35958301312769,9.116250169125863],[-82.35958301312769,9.124583502425878],[-82.36791634642776,9.124583502425878],[-82.36791634642776,9.116250169125863],[-82.35958301312769,9.116250169125863]]]},"properties":{"OBJECTID":2050,"Id":2050,"gridcode":22,"Shape_Length":0.03333333320017573,"Shape_Area":0.0000694444438896211}},{"type":"Feature","id":2051,"geometry":{"type":"Polygon","coordinates":[[[-82.35124967982767,9.116250169125863],[-82.35124967982767,9.124583502425878],[-82.35958301312769,9.124583502425878],[-82.35958301312769,9.116250169125863],[-82.35124967982767,9.116250169125863]]]},"properties":{"OBJECTID":2051,"Id":2051,"gridcode":28,"Shape_Length":0.03333333320006204,"Shape_Area":0.0000694444438891474}},{"type":"Feature","id":2052,"geometry":{"type":"Polygon","coordinates":[[[-82.32624967992774,9.116250169125863],[-82.32624967992774,9.124583502425878],[-82.33458301322776,9.124583502425878],[-82.33458301322776,9.116250169125863],[-82.32624967992774,9.116250169125863]]]},"properties":{"OBJECTID":2052,"Id":2052,"gridcode":31,"Shape_Length":0.03333333320006204,"Shape_Area":0.0000694444438891474}},{"type":"Feature","id":2053,"geometry":{"type":"Polygon","coordinates":[[[-82.31791634662773,9.116250169125863],[-82.31791634662773,9.124583502425878],[-82.32624967992774,9.124583502425878],[-82.32624967992774,9.116250169125863],[-82.31791634662773,9.116250169125863]]]},"properties":{"OBJECTID":2053,"Id":2053,"gridcode":35,"Shape_Length":0.03333333320006204,"Shape_Area":0.0000694444438891474}},{"type":"Feature","id":2054,"geometry":{"type":"Polygon","coordinates":[[[-82.30958301332777,9.116250169125863],[-82.30958301332777,9.124583502425878],[-82.31791634662773,9.124583502425878],[-82.31791634662773,9.116250169125863],[-82.30958301332777,9.116250169125863]]]},"properties":{"OBJECTID":2054,"Id":2054,"gridcode":48,"Shape_Length":0.033333333199948356,"Shape_Area":0.00006944444388867371}},{"type":"Feature","id":2055,"geometry":{"type":"Polygon","coordinates":[[[-82.30124968002764,9.116250169125863],[-82.30124968002764,9.124583502425878],[-82.30958301332777,9.124583502425878],[-82.30958301332777,9.116250169125863],[-82.30124968002764,9.116250169125863]]]},"properties":{"OBJECTID":2055,"Id":2055,"gridcode":104,"Shape_Length":0.03333333320017573,"Shape_Area":0.0000694444438896211}},{"type":"Feature","id":2056,"geometry":{"type":"Polygon","coordinates":[[[-82.29291634672768,9.116250169125863],[-82.29291634672768,9.124583502425878],[-82.30124968002764,9.124583502425878],[-82.30124968002764,9.116250169125863],[-82.29291634672768,9.116250169125863]]]},"properties":{"OBJECTID":2056,"Id":2056,"gridcode":92,"Shape_Length":0.03333333320006204,"Shape_Area":0.0000694444438891474}},{"type":"Feature","id":2057,"geometry":{"type":"Polygon","coordinates":[[[-82.2762496801277,9.116250169125863],[-82.2762496801277,9.124583502425878],[-82.28458301342772,9.124583502425878],[-82.28458301342772,9.116250169125863],[-82.2762496801277,9.116250169125863]]]},"properties":{"OBJECTID":2057,"Id":2057,"gridcode":27,"Shape_Length":0.03333333320006204,"Shape_Area":0.0000694444438891474}},{"type":"Feature","id":2058,"geometry":{"type":"Polygon","coordinates":[[[-82.25958301352773,9.116250169125863],[-82.25958301352773,9.124583502425878],[-82.26791634682775,9.124583502425878],[-82.26791634682775,9.116250169125863],[-82.25958301352773,9.116250169125863]]]},"properties":{"OBJECTID":2058,"Id":2058,"gridcode":23,"Shape_Length":0.03333333320006204,"Shape_Area":0.0000694444438891474}},{"type":"Feature","id":2059,"geometry":{"type":"Polygon","coordinates":[[[-82.2762496801277,9.124583502425878],[-82.25958301352773,9.124583502425878],[-82.25958301352773,9.141250169025966],[-82.26791634682775,9.141250169025966],[-82.26791634682775,9.13291683572595],[-82.2762496801277,9.13291683572595],[-82.2762496801277,9.124583502425878]]]},"properties":{"OBJECTID":2059,"Id":2059,"gridcode":24,"Shape_Length":0.06666666640012409,"Shape_Area":0.0002083333316679159}},{"type":"Feature","id":2060,"geometry":{"type":"Polygon","coordinates":[[[-82.16791634722773,9.124583502425878],[-82.15124968062776,9.124583502425878],[-82.15124968062776,9.141250169025966],[-82.15958301392772,9.141250169025966],[-82.15958301392772,9.149583502325811],[-82.17624968052769,9.149583502325811],[-82.17624968052769,9.13291683572595],[-82.16791634722773,9.13291683572595],[-82.16791634722773,9.124583502425878]]]},"properties":{"OBJECTID":2060,"Id":2060,"gridcode":27,"Shape_Length":0.09999999959973138,"Shape_Area":0.00048611110722024224}},{"type":"Feature","id":2061,"geometry":{"type":"Polygon","coordinates":[[[-82.10958301412768,9.124583502425878],[-82.09291634752776,9.124583502425878],[-82.09291634752776,9.141250169025966],[-82.10958301412768,9.141250169025966],[-82.10958301412768,9.124583502425878]]]},"properties":{"OBJECTID":2061,"Id":2061,"gridcode":22,"Shape_Length":0.0666666664000104,"Shape_Area":0.0002777777755556422}},{"type":"Feature","id":2062,"geometry":{"type":"Polygon","coordinates":[[[-82.43458301282777,9.124583502425878],[-82.43458301282777,9.116250169125863],[-82.42624967952776,9.116250169125863],[-82.42624967952776,9.13291683572595],[-82.45124967942775,9.13291683572595],[-82.45124967942775,9.124583502425878],[-82.4595830127277,9.124583502425878],[-82.4595830127277,9.13291683572595],[-82.48458301262775,9.13291683572595],[-82.48458301262775,9.124583502425878],[-82.50958301252774,9.124583502425878],[-82.50958301252774,9.116250169125863],[-82.44291634612773,9.116250169125863],[-82.44291634612773,9.124583502425878],[-82.43458301282777,9.124583502425878]]]},"properties":{"OBJECTID":2062,"Id":2062,"gridcode":4,"Shape_Length":0.23333333240032061,"Shape_Area":0.0010416666583386322}},{"type":"Feature","id":2063,"geometry":{"type":"Polygon","coordinates":[[[-82.40958301292767,9.107916835825847],[-82.40958301292767,9.116250169125863],[-82.41791634622768,9.116250169125863],[-82.41791634622768,9.107916835825847],[-82.40958301292767,9.107916835825847]]]},"properties":{"OBJECTID":2063,"Id":2063,"gridcode":10,"Shape_Length":0.033333333199948356,"Shape_Area":0.00006944444388867371}},{"type":"Feature","id":2064,"geometry":{"type":"Polygon","coordinates":[[[-82.40958301292767,9.116250169125863],[-82.39291634632775,9.116250169125863],[-82.39291634632775,9.124583502425878],[-82.40958301292767,9.124583502425878],[-82.40958301292767,9.116250169125863]]]},"properties":{"OBJECTID":2064,"Id":2064,"gridcode":13,"Shape_Length":0.04999999979997938,"Shape_Area":0.0001388888877778211}},{"type":"Feature","id":2065,"geometry":{"type":"Polygon","coordinates":[[[-82.38458301302774,9.107916835825847],[-82.38458301302774,9.116250169125863],[-82.39291634632775,9.116250169125863],[-82.39291634632775,9.107916835825847],[-82.38458301302774,9.107916835825847]]]},"properties":{"OBJECTID":2065,"Id":2065,"gridcode":14,"Shape_Length":0.03333333320006204,"Shape_Area":0.0000694444438891474}},{"type":"Feature","id":2066,"geometry":{"type":"Polygon","coordinates":[[[-82.39291634632775,9.13291683572595],[-82.39291634632775,9.116250169125863],[-82.38458301302774,9.116250169125863],[-82.38458301302774,9.13291683572595],[-82.39291634632775,9.13291683572595]]]},"properties":{"OBJECTID":2066,"Id":2066,"gridcode":16,"Shape_Length":0.04999999980020675,"Shape_Area":0.0001388888877787685}},{"type":"Feature","id":2067,"geometry":{"type":"Polygon","coordinates":[[[-82.37624967972772,9.107916835825847],[-82.37624967972772,9.116250169125863],[-82.38458301302774,9.116250169125863],[-82.38458301302774,9.107916835825847],[-82.37624967972772,9.107916835825847]]]},"properties":{"OBJECTID":2067,"Id":2067,"gridcode":16,"Shape_Length":0.03333333320006204,"Shape_Area":0.0000694444438891474}},{"type":"Feature","id":2068,"geometry":{"type":"Polygon","coordinates":[[[-82.36791634642776,9.107916835825847],[-82.36791634642776,9.116250169125863],[-82.37624967972772,9.116250169125863],[-82.37624967972772,9.107916835825847],[-82.36791634642776,9.107916835825847]]]},"properties":{"OBJECTID":2068,"Id":2068,"gridcode":19,"Shape_Length":0.033333333199948356,"Shape_Area":0.00006944444388867371}},{"type":"Feature","id":2069,"geometry":{"type":"Polygon","coordinates":[[[-82.34291634652772,9.107916835825847],[-82.34291634652772,9.116250169125863],[-82.35124967982767,9.116250169125863],[-82.35124967982767,9.107916835825847],[-82.34291634652772,9.107916835825847]]]},"properties":{"OBJECTID":2069,"Id":2069,"gridcode":22,"Shape_Length":0.033333333199948356,"Shape_Area":0.00006944444388867371}},{"type":"Feature","id":2070,"geometry":{"type":"Polygon","coordinates":[[[-82.32624967992774,9.107916835825847],[-82.32624967992774,9.116250169125863],[-82.33458301322776,9.116250169125863],[-82.33458301322776,9.107916835825847],[-82.32624967992774,9.107916835825847]]]},"properties":{"OBJECTID":2070,"Id":2070,"gridcode":28,"Shape_Length":0.03333333320006204,"Shape_Area":0.0000694444438891474}},{"type":"Feature","id":2071,"geometry":{"type":"Polygon","coordinates":[[[-82.31791634662773,9.107916835825847],[-82.31791634662773,9.116250169125863],[-82.32624967992774,9.116250169125863],[-82.32624967992774,9.107916835825847],[-82.31791634662773,9.107916835825847]]]},"properties":{"OBJECTID":2071,"Id":2071,"gridcode":31,"Shape_Length":0.03333333320006204,"Shape_Area":0.0000694444438891474}},{"type":"Feature","id":2072,"geometry":{"type":"Polygon","coordinates":[[[-82.30958301332777,9.107916835825847],[-82.30958301332777,9.116250169125863],[-82.31791634662773,9.116250169125863],[-82.31791634662773,9.107916835825847],[-82.30958301332777,9.107916835825847]]]},"properties":{"OBJECTID":2072,"Id":2072,"gridcode":33,"Shape_Length":0.033333333199948356,"Shape_Area":0.00006944444388867371}},{"type":"Feature","id":2073,"geometry":{"type":"Polygon","coordinates":[[[-82.30124968002764,9.107916835825847],[-82.30124968002764,9.116250169125863],[-82.30958301332777,9.116250169125863],[-82.30958301332777,9.107916835825847],[-82.30124968002764,9.107916835825847]]]},"properties":{"OBJECTID":2073,"Id":2073,"gridcode":42,"Shape_Length":0.03333333320017573,"Shape_Area":0.0000694444438896211}},{"type":"Feature","id":2074,"geometry":{"type":"Polygon","coordinates":[[[-82.29291634672768,9.107916835825847],[-82.29291634672768,9.116250169125863],[-82.30124968002764,9.116250169125863],[-82.30124968002764,9.107916835825847],[-82.29291634672768,9.107916835825847]]]},"properties":{"OBJECTID":2074,"Id":2074,"gridcode":80,"Shape_Length":0.03333333320006204,"Shape_Area":0.0000694444438891474}},{"type":"Feature","id":2075,"geometry":{"type":"Polygon","coordinates":[[[-82.28458301342772,9.107916835825847],[-82.28458301342772,9.116250169125863],[-82.29291634672768,9.116250169125863],[-82.29291634672768,9.107916835825847],[-82.28458301342772,9.107916835825847]]]},"properties":{"OBJECTID":2075,"Id":2075,"gridcode":65,"Shape_Length":0.033333333199948356,"Shape_Area":0.00006944444388867371}},{"type":"Feature","id":2076,"geometry":{"type":"Polygon","coordinates":[[[-82.29291634672768,9.141250169025966],[-82.29291634672768,9.116250169125863],[-82.28458301342772,9.116250169125863],[-82.28458301342772,9.141250169025966],[-82.29291634672768,9.141250169025966]]]},"properties":{"OBJECTID":2076,"Id":2076,"gridcode":33,"Shape_Length":0.06666666640012409,"Shape_Area":0.0002083333316664948}},{"type":"Feature","id":2077,"geometry":{"type":"Polygon","coordinates":[[[-82.2762496801277,9.107916835825847],[-82.2762496801277,9.116250169125863],[-82.28458301342772,9.116250169125863],[-82.28458301342772,9.107916835825847],[-82.2762496801277,9.107916835825847]]]},"properties":{"OBJECTID":2077,"Id":2077,"gridcode":52,"Shape_Length":0.03333333320006204,"Shape_Area":0.0000694444438891474}},{"type":"Feature","id":2078,"geometry":{"type":"Polygon","coordinates":[[[-82.7012496784277,9.107916835825847],[-82.68458301182773,9.107916835825847],[-82.68458301182773,9.116250169125863],[-82.7012496784277,9.116250169125863],[-82.7012496784277,9.107916835825847]]]},"properties":{"OBJECTID":2078,"Id":2078,"gridcode":1,"Shape_Length":0.04999999979997938,"Shape_Area":0.0001388888877778211}},{"type":"Feature","id":2079,"geometry":{"type":"Polygon","coordinates":[[[-82.42624967952776,9.13291683572595],[-82.42624967952776,9.107916835825847],[-82.41791634622768,9.107916835825847],[-82.41791634622768,9.13291683572595],[-82.42624967952776,9.13291683572595]]]},"properties":{"OBJECTID":2079,"Id":2079,"gridcode":6,"Shape_Length":0.06666666640035146,"Shape_Area":0.00020833333166933699}},{"type":"Feature","id":2080,"geometry":{"type":"Polygon","coordinates":[[[-82.40124967962771,9.099583502525945],[-82.40124967962771,9.107916835825847],[-82.40958301292767,9.107916835825847],[-82.40958301292767,9.099583502525945],[-82.40124967962771,9.099583502525945]]]},"properties":{"OBJECTID":2080,"Id":2080,"gridcode":8,"Shape_Length":0.03333333319983467,"Shape_Area":0.00006944444388820001}},{"type":"Feature","id":2081,"geometry":{"type":"Polygon","coordinates":[[[-82.38458301302774,9.099583502525945],[-82.38458301302774,9.107916835825847],[-82.39291634632775,9.107916835825847],[-82.39291634632775,9.099583502525945],[-82.38458301302774,9.099583502525945]]]},"properties":{"OBJECTID":2081,"Id":2081,"gridcode":13,"Shape_Length":0.03333333319983467,"Shape_Area":0.00006944444388820001}},{"type":"Feature","id":2082,"geometry":{"type":"Polygon","coordinates":[[[-82.37624967972772,9.099583502525945],[-82.37624967972772,9.107916835825847],[-82.38458301302774,9.107916835825847],[-82.38458301302774,9.099583502525945],[-82.37624967972772,9.099583502525945]]]},"properties":{"OBJECTID":2082,"Id":2082,"gridcode":14,"Shape_Length":0.03333333319983467,"Shape_Area":0.00006944444388820001}},{"type":"Feature","id":2083,"geometry":{"type":"Polygon","coordinates":[[[-82.36791634642776,9.099583502525945],[-82.36791634642776,9.107916835825847],[-82.37624967972772,9.107916835825847],[-82.37624967972772,9.099583502525945],[-82.36791634642776,9.099583502525945]]]},"properties":{"OBJECTID":2083,"Id":2083,"gridcode":18,"Shape_Length":0.03333333319972098,"Shape_Area":0.00006944444388772632}},{"type":"Feature","id":2084,"geometry":{"type":"Polygon","coordinates":[[[-82.35958301312769,9.099583502525945],[-82.35958301312769,9.107916835825847],[-82.36791634642776,9.107916835825847],[-82.36791634642776,9.099583502525945],[-82.35958301312769,9.099583502525945]]]},"properties":{"OBJECTID":2084,"Id":2084,"gridcode":20,"Shape_Length":0.033333333199948356,"Shape_Area":0.00006944444388867371}},{"type":"Feature","id":2085,"geometry":{"type":"Polygon","coordinates":[[[-82.33458301322776,9.099583502525945],[-82.33458301322776,9.107916835825847],[-82.34291634652772,9.107916835825847],[-82.34291634652772,9.099583502525945],[-82.33458301322776,9.099583502525945]]]},"properties":{"OBJECTID":2085,"Id":2085,"gridcode":24,"Shape_Length":0.03333333319972098,"Shape_Area":0.00006944444388772632}},{"type":"Feature","id":2086,"geometry":{"type":"Polygon","coordinates":[[[-82.34291634652772,9.116250169125863],[-82.34291634652772,9.107916835825847],[-82.33458301322776,9.107916835825847],[-82.33458301322776,9.124583502425878],[-82.35124967982767,9.124583502425878],[-82.35124967982767,9.116250169125863],[-82.34291634652772,9.116250169125863]]]},"properties":{"OBJECTID":2086,"Id":2086,"gridcode":27,"Shape_Length":0.06666666639989671,"Shape_Area":0.00020833333166602114}},{"type":"Feature","id":2087,"geometry":{"type":"Polygon","coordinates":[[[-82.32624967992774,9.099583502525945],[-82.32624967992774,9.107916835825847],[-82.33458301322776,9.107916835825847],[-82.33458301322776,9.099583502525945],[-82.32624967992774,9.099583502525945]]]},"properties":{"OBJECTID":2087,"Id":2087,"gridcode":22,"Shape_Length":0.03333333319983467,"Shape_Area":0.00006944444388820001}},{"type":"Feature","id":2088,"geometry":{"type":"Polygon","coordinates":[[[-82.30958301332777,9.099583502525945],[-82.30958301332777,9.107916835825847],[-82.31791634662773,9.107916835825847],[-82.31791634662773,9.099583502525945],[-82.30958301332777,9.099583502525945]]]},"properties":{"OBJECTID":2088,"Id":2088,"gridcode":26,"Shape_Length":0.03333333319972098,"Shape_Area":0.00006944444388772632}},{"type":"Feature","id":2089,"geometry":{"type":"Polygon","coordinates":[[[-82.30124968002764,9.099583502525945],[-82.30124968002764,9.107916835825847],[-82.30958301332777,9.107916835825847],[-82.30958301332777,9.099583502525945],[-82.30124968002764,9.099583502525945]]]},"properties":{"OBJECTID":2089,"Id":2089,"gridcode":40,"Shape_Length":0.033333333199948356,"Shape_Area":0.00006944444388867371}},{"type":"Feature","id":2090,"geometry":{"type":"Polygon","coordinates":[[[-82.29291634672768,9.099583502525945],[-82.29291634672768,9.107916835825847],[-82.30124968002764,9.107916835825847],[-82.30124968002764,9.099583502525945],[-82.29291634672768,9.099583502525945]]]},"properties":{"OBJECTID":2090,"Id":2090,"gridcode":78,"Shape_Length":0.03333333319983467,"Shape_Area":0.00006944444388820001}},{"type":"Feature","id":2091,"geometry":{"type":"Polygon","coordinates":[[[-82.28458301342772,9.099583502525945],[-82.28458301342772,9.107916835825847],[-82.29291634672768,9.107916835825847],[-82.29291634672768,9.099583502525945],[-82.28458301342772,9.099583502525945]]]},"properties":{"OBJECTID":2091,"Id":2091,"gridcode":75,"Shape_Length":0.03333333319972098,"Shape_Area":0.00006944444388772632}},{"type":"Feature","id":2092,"geometry":{"type":"Polygon","coordinates":[[[-82.2762496801277,9.099583502525945],[-82.2762496801277,9.107916835825847],[-82.28458301342772,9.107916835825847],[-82.28458301342772,9.099583502525945],[-82.2762496801277,9.099583502525945]]]},"properties":{"OBJECTID":2092,"Id":2092,"gridcode":70,"Shape_Length":0.03333333319983467,"Shape_Area":0.00006944444388820001}},{"type":"Feature","id":2093,"geometry":{"type":"Polygon","coordinates":[[[-82.26791634682775,9.099583502525945],[-82.26791634682775,9.107916835825847],[-82.2762496801277,9.107916835825847],[-82.2762496801277,9.099583502525945],[-82.26791634682775,9.099583502525945]]]},"properties":{"OBJECTID":2093,"Id":2093,"gridcode":71,"Shape_Length":0.03333333319972098,"Shape_Area":0.00006944444388772632}},{"type":"Feature","id":2094,"geometry":{"type":"Polygon","coordinates":[[[-82.2762496801277,9.124583502425878],[-82.2762496801277,9.107916835825847],[-82.26791634682775,9.107916835825847],[-82.26791634682775,9.124583502425878],[-82.2762496801277,9.124583502425878]]]},"properties":{"OBJECTID":2094,"Id":2094,"gridcode":25,"Shape_Length":0.04999999979997938,"Shape_Area":0.00013888888777734742}},{"type":"Feature","id":2095,"geometry":{"type":"Polygon","coordinates":[[[-82.26791634682775,9.107916835825847],[-82.25124968022766,9.107916835825847],[-82.25124968022766,9.116250169125863],[-82.26791634682775,9.116250169125863],[-82.26791634682775,9.107916835825847]]]},"properties":{"OBJECTID":2095,"Id":2095,"gridcode":22,"Shape_Length":0.04999999980020675,"Shape_Area":0.0001388888877787685}},{"type":"Feature","id":2096,"geometry":{"type":"Polygon","coordinates":[[[-82.87624967772769,9.099583502525945],[-82.85958301112777,9.099583502525945],[-82.85958301112777,9.107916835825847],[-82.86791634442773,9.107916835825847],[-82.86791634442773,9.116250169125863],[-82.87624967772769,9.116250169125863],[-82.87624967772769,9.099583502525945]]]},"properties":{"OBJECTID":2096,"Id":2096,"gridcode":4,"Shape_Length":0.06666666639966934,"Shape_Area":0.00020833333166412634}},{"type":"Feature","id":2097,"geometry":{"type":"Polygon","coordinates":[[[-82.40124967962771,9.09125016922593],[-82.40124967962771,9.099583502525945],[-82.40958301292767,9.099583502525945],[-82.40958301292767,9.09125016922593],[-82.40124967962771,9.09125016922593]]]},"properties":{"OBJECTID":2097,"Id":2097,"gridcode":6,"Shape_Length":0.03333333320006204,"Shape_Area":0.0000694444438891474}},{"type":"Feature","id":2098,"geometry":{"type":"Polygon","coordinates":[[[-82.39291634632775,9.09125016922593],[-82.39291634632775,9.099583502525945],[-82.40124967962771,9.099583502525945],[-82.40124967962771,9.09125016922593],[-82.39291634632775,9.09125016922593]]]},"properties":{"OBJECTID":2098,"Id":2098,"gridcode":10,"Shape_Length":0.033333333199948356,"Shape_Area":0.00006944444388867371}},{"type":"Feature","id":2099,"geometry":{"type":"Polygon","coordinates":[[[-82.40124967962771,9.107916835825847],[-82.40124967962771,9.099583502525945],[-82.39291634632775,9.099583502525945],[-82.39291634632775,9.116250169125863],[-82.40958301292767,9.116250169125863],[-82.40958301292767,9.107916835825847],[-82.40124967962771,9.107916835825847]]]},"properties":{"OBJECTID":2099,"Id":2099,"gridcode":12,"Shape_Length":0.06666666639978303,"Shape_Area":0.00020833333166554743}},{"type":"Feature","id":2100,"geometry":{"type":"Polygon","coordinates":[[[-82.38458301302774,9.09125016922593],[-82.38458301302774,9.099583502525945],[-82.39291634632775,9.099583502525945],[-82.39291634632775,9.09125016922593],[-82.38458301302774,9.09125016922593]]]},"properties":{"OBJECTID":2100,"Id":2100,"gridcode":11,"Shape_Length":0.03333333320006204,"Shape_Area":0.0000694444438891474}},{"type":"Feature","id":2101,"geometry":{"type":"Polygon","coordinates":[[[-82.37624967972772,9.09125016922593],[-82.37624967972772,9.099583502525945],[-82.38458301302774,9.099583502525945],[-82.38458301302774,9.09125016922593],[-82.37624967972772,9.09125016922593]]]},"properties":{"OBJECTID":2101,"Id":2101,"gridcode":12,"Shape_Length":0.03333333320006204,"Shape_Area":0.0000694444438891474}},{"type":"Feature","id":2102,"geometry":{"type":"Polygon","coordinates":[[[-82.36791634642776,9.09125016922593],[-82.36791634642776,9.099583502525945],[-82.37624967972772,9.099583502525945],[-82.37624967972772,9.09125016922593],[-82.36791634642776,9.09125016922593]]]},"properties":{"OBJECTID":2102,"Id":2102,"gridcode":13,"Shape_Length":0.033333333199948356,"Shape_Area":0.00006944444388867371}},{"type":"Feature","id":2103,"geometry":{"type":"Polygon","coordinates":[[[-82.35958301312769,9.09125016922593],[-82.35958301312769,9.099583502525945],[-82.36791634642776,9.099583502525945],[-82.36791634642776,9.09125016922593],[-82.35958301312769,9.09125016922593]]]},"properties":{"OBJECTID":2103,"Id":2103,"gridcode":15,"Shape_Length":0.03333333320017573,"Shape_Area":0.0000694444438896211}},{"type":"Feature","id":2104,"geometry":{"type":"Polygon","coordinates":[[[-82.35124967982767,9.09125016922593],[-82.35124967982767,9.099583502525945],[-82.35958301312769,9.099583502525945],[-82.35958301312769,9.09125016922593],[-82.35124967982767,9.09125016922593]]]},"properties":{"OBJECTID":2104,"Id":2104,"gridcode":16,"Shape_Length":0.03333333320006204,"Shape_Area":0.0000694444438891474}},{"type":"Feature","id":2105,"geometry":{"type":"Polygon","coordinates":[[[-82.35958301312769,9.099583502525945],[-82.34291634652772,9.099583502525945],[-82.34291634652772,9.107916835825847],[-82.35124967982767,9.107916835825847],[-82.35124967982767,9.116250169125863],[-82.36791634642776,9.116250169125863],[-82.36791634642776,9.107916835825847],[-82.35958301312769,9.107916835825847],[-82.35958301312769,9.099583502525945]]]},"properties":{"OBJECTID":2105,"Id":2105,"gridcode":21,"Shape_Length":0.08333333299992773,"Shape_Area":0.00027777777555469484}},{"type":"Feature","id":2106,"geometry":{"type":"Polygon","coordinates":[[[-82.33458301322776,9.09125016922593],[-82.33458301322776,9.099583502525945],[-82.34291634652772,9.099583502525945],[-82.34291634652772,9.09125016922593],[-82.33458301322776,9.09125016922593]]]},"properties":{"OBJECTID":2106,"Id":2106,"gridcode":19,"Shape_Length":0.033333333199948356,"Shape_Area":0.00006944444388867371}},{"type":"Feature","id":2107,"geometry":{"type":"Polygon","coordinates":[[[-82.30958301332777,9.09125016922593],[-82.30958301332777,9.099583502525945],[-82.31791634662773,9.099583502525945],[-82.31791634662773,9.09125016922593],[-82.30958301332777,9.09125016922593]]]},"properties":{"OBJECTID":2107,"Id":2107,"gridcode":39,"Shape_Length":0.033333333199948356,"Shape_Area":0.00006944444388867371}},{"type":"Feature","id":2108,"geometry":{"type":"Polygon","coordinates":[[[-82.30124968002764,9.09125016922593],[-82.30124968002764,9.099583502525945],[-82.30958301332777,9.099583502525945],[-82.30958301332777,9.09125016922593],[-82.30124968002764,9.09125016922593]]]},"properties":{"OBJECTID":2108,"Id":2108,"gridcode":50,"Shape_Length":0.03333333320017573,"Shape_Area":0.0000694444438896211}},{"type":"Feature","id":2109,"geometry":{"type":"Polygon","coordinates":[[[-82.29291634672768,9.09125016922593],[-82.29291634672768,9.099583502525945],[-82.30124968002764,9.099583502525945],[-82.30124968002764,9.09125016922593],[-82.29291634672768,9.09125016922593]]]},"properties":{"OBJECTID":2109,"Id":2109,"gridcode":60,"Shape_Length":0.03333333320006204,"Shape_Area":0.0000694444438891474}},{"type":"Feature","id":2110,"geometry":{"type":"Polygon","coordinates":[[[-82.28458301342772,9.09125016922593],[-82.28458301342772,9.099583502525945],[-82.29291634672768,9.099583502525945],[-82.29291634672768,9.09125016922593],[-82.28458301342772,9.09125016922593]]]},"properties":{"OBJECTID":2110,"Id":2110,"gridcode":71,"Shape_Length":0.033333333199948356,"Shape_Area":0.00006944444388867371}},{"type":"Feature","id":2111,"geometry":{"type":"Polygon","coordinates":[[[-82.2762496801277,9.09125016922593],[-82.2762496801277,9.099583502525945],[-82.28458301342772,9.099583502525945],[-82.28458301342772,9.09125016922593],[-82.2762496801277,9.09125016922593]]]},"properties":{"OBJECTID":2111,"Id":2111,"gridcode":68,"Shape_Length":0.03333333320006204,"Shape_Area":0.0000694444438891474}},{"type":"Feature","id":2112,"geometry":{"type":"Polygon","coordinates":[[[-82.26791634682775,9.09125016922593],[-82.26791634682775,9.099583502525945],[-82.2762496801277,9.099583502525945],[-82.2762496801277,9.09125016922593],[-82.26791634682775,9.09125016922593]]]},"properties":{"OBJECTID":2112,"Id":2112,"gridcode":72,"Shape_Length":0.033333333199948356,"Shape_Area":0.00006944444388867371}},{"type":"Feature","id":2113,"geometry":{"type":"Polygon","coordinates":[[[-82.25958301352773,9.09125016922593],[-82.25958301352773,9.099583502525945],[-82.26791634682775,9.099583502525945],[-82.26791634682775,9.09125016922593],[-82.25958301352773,9.09125016922593]]]},"properties":{"OBJECTID":2113,"Id":2113,"gridcode":41,"Shape_Length":0.03333333320006204,"Shape_Area":0.0000694444438891474}},{"type":"Feature","id":2114,"geometry":{"type":"Polygon","coordinates":[[[-82.25124968022766,9.09125016922593],[-82.25124968022766,9.099583502525945],[-82.25958301352773,9.099583502525945],[-82.25958301352773,9.09125016922593],[-82.25124968022766,9.09125016922593]]]},"properties":{"OBJECTID":2114,"Id":2114,"gridcode":22,"Shape_Length":0.03333333320017573,"Shape_Area":0.0000694444438896211}},{"type":"Feature","id":2115,"geometry":{"type":"Polygon","coordinates":[[[-82.42624967952776,9.09125016922593],[-82.40958301292767,9.09125016922593],[-82.40958301292767,9.107916835825847],[-82.43458301282777,9.107916835825847],[-82.43458301282777,9.099583502525945],[-82.42624967952776,9.099583502525945],[-82.42624967952776,9.09125016922593]]]},"properties":{"OBJECTID":2115,"Id":2115,"gridcode":4,"Shape_Length":0.08333333299992773,"Shape_Area":0.00034722221944289485}},{"type":"Feature","id":2116,"geometry":{"type":"Polygon","coordinates":[[[-82.40124967962771,9.082916835925914],[-82.40124967962771,9.09125016922593],[-82.40958301292767,9.09125016922593],[-82.40958301292767,9.082916835925914],[-82.40124967962771,9.082916835925914]]]},"properties":{"OBJECTID":2116,"Id":2116,"gridcode":5,"Shape_Length":0.03333333320006204,"Shape_Area":0.0000694444438891474}},{"type":"Feature","id":2117,"geometry":{"type":"Polygon","coordinates":[[[-82.35124967982767,9.082916835925914],[-82.35124967982767,9.09125016922593],[-82.35958301312769,9.09125016922593],[-82.35958301312769,9.082916835925914],[-82.35124967982767,9.082916835925914]]]},"properties":{"OBJECTID":2117,"Id":2117,"gridcode":15,"Shape_Length":0.03333333320006204,"Shape_Area":0.0000694444438891474}},{"type":"Feature","id":2118,"geometry":{"type":"Polygon","coordinates":[[[-82.32624967992774,9.107916835825847],[-82.32624967992774,9.09125016922593],[-82.31791634662773,9.09125016922593],[-82.31791634662773,9.107916835825847],[-82.32624967992774,9.107916835825847]]]},"properties":{"OBJECTID":2118,"Id":2118,"gridcode":21,"Shape_Length":0.04999999979986569,"Shape_Area":0.00013888888777734742}},{"type":"Feature","id":2119,"geometry":{"type":"Polygon","coordinates":[[[-82.30124968002764,9.082916835925914],[-82.30124968002764,9.09125016922593],[-82.30958301332777,9.09125016922593],[-82.30958301332777,9.082916835925914],[-82.30124968002764,9.082916835925914]]]},"properties":{"OBJECTID":2119,"Id":2119,"gridcode":21,"Shape_Length":0.03333333320017573,"Shape_Area":0.0000694444438896211}},{"type":"Feature","id":2120,"geometry":{"type":"Polygon","coordinates":[[[-82.29291634672768,9.082916835925914],[-82.29291634672768,9.09125016922593],[-82.30124968002764,9.09125016922593],[-82.30124968002764,9.082916835925914],[-82.29291634672768,9.082916835925914]]]},"properties":{"OBJECTID":2120,"Id":2120,"gridcode":47,"Shape_Length":0.03333333320006204,"Shape_Area":0.0000694444438891474}},{"type":"Feature","id":2121,"geometry":{"type":"Polygon","coordinates":[[[-82.28458301342772,9.082916835925914],[-82.28458301342772,9.09125016922593],[-82.29291634672768,9.09125016922593],[-82.29291634672768,9.082916835925914],[-82.28458301342772,9.082916835925914]]]},"properties":{"OBJECTID":2121,"Id":2121,"gridcode":77,"Shape_Length":0.033333333199948356,"Shape_Area":0.00006944444388867371}},{"type":"Feature","id":2122,"geometry":{"type":"Polygon","coordinates":[[[-82.2762496801277,9.082916835925914],[-82.2762496801277,9.09125016922593],[-82.28458301342772,9.09125016922593],[-82.28458301342772,9.082916835925914],[-82.2762496801277,9.082916835925914]]]},"properties":{"OBJECTID":2122,"Id":2122,"gridcode":51,"Shape_Length":0.03333333320006204,"Shape_Area":0.0000694444438891474}},{"type":"Feature","id":2123,"geometry":{"type":"Polygon","coordinates":[[[-82.26791634682775,9.082916835925914],[-82.26791634682775,9.09125016922593],[-82.2762496801277,9.09125016922593],[-82.2762496801277,9.082916835925914],[-82.26791634682775,9.082916835925914]]]},"properties":{"OBJECTID":2123,"Id":2123,"gridcode":42,"Shape_Length":0.033333333199948356,"Shape_Area":0.00006944444388867371}},{"type":"Feature","id":2124,"geometry":{"type":"Polygon","coordinates":[[[-82.25124968022766,9.082916835925914],[-82.25124968022766,9.09125016922593],[-82.25958301352773,9.09125016922593],[-82.25958301352773,9.082916835925914],[-82.25124968022766,9.082916835925914]]]},"properties":{"OBJECTID":2124,"Id":2124,"gridcode":23,"Shape_Length":0.03333333320017573,"Shape_Area":0.0000694444438896211}},{"type":"Feature","id":2125,"geometry":{"type":"Polygon","coordinates":[[[-82.85958301112777,9.107916835825847],[-82.85958301112777,9.099583502525945],[-82.87624967772769,9.099583502525945],[-82.87624967772769,9.116250169125863],[-82.86791634442773,9.116250169125863],[-82.86791634442773,9.107916835825847],[-82.85958301112777,9.107916835825847]],[[-82.85124967782775,9.082916835925914],[-82.81791634462769,9.082916835925914],[-82.81791634462769,9.09125016922593],[-82.84291634452774,9.09125016922593],[-82.84291634452774,9.107916835825847],[-82.85124967782775,9.107916835825847],[-82.85124967782775,9.116250169125863],[-82.85958301112777,9.116250169125863],[-82.85958301112777,9.13291683572595],[-82.86791634442773,9.13291683572595],[-82.86791634442773,9.141250169025966],[-82.87624967772769,9.141250169025966],[-82.87624967772769,9.149583502325811],[-82.8845830110277,9.149583502325811],[-82.8845830110277,9.141250169025966],[-82.89291634432777,9.141250169025966],[-82.89291634432777,9.124583502425878],[-82.93458301082768,9.124583502425878],[-82.93458301082768,9.082916835925914],[-82.91791634422776,9.082916835925914],[-82.91791634422776,9.09125016922593],[-82.90124967762779,9.09125016922593],[-82.90124967762779,9.099583502525945],[-82.8845830110277,9.099583502525945],[-82.8845830110277,9.082916835925914],[-82.86791634442773,9.082916835925914],[-82.86791634442773,9.09125016922593],[-82.85124967782775,9.09125016922593],[-82.85124967782775,9.082916835925914]]]},"properties":{"OBJECTID":2125,"Id":2125,"gridcode":3,"Shape_Length":0.4833333313995354,"Shape_Area":0.0036111110822190855}},{"type":"Feature","id":2126,"geometry":{"type":"Polygon","coordinates":[[[-82.37624967972772,9.074583502625842],[-82.37624967972772,9.082916835925914],[-82.38458301302774,9.082916835925914],[-82.38458301302774,9.074583502625842],[-82.37624967972772,9.074583502625842]]]},"properties":{"OBJECTID":2126,"Id":2126,"gridcode":8,"Shape_Length":0.03333333320017573,"Shape_Area":0.0000694444438896211}},{"type":"Feature","id":2127,"geometry":{"type":"Polygon","coordinates":[[[-82.35124967982767,9.074583502625842],[-82.35124967982767,9.082916835925914],[-82.35958301312769,9.082916835925914],[-82.35958301312769,9.074583502625842],[-82.35124967982767,9.074583502625842]]]},"properties":{"OBJECTID":2127,"Id":2127,"gridcode":14,"Shape_Length":0.03333333320017573,"Shape_Area":0.0000694444438896211}},{"type":"Feature","id":2128,"geometry":{"type":"Polygon","coordinates":[[[-82.34291634652772,9.074583502625842],[-82.34291634652772,9.082916835925914],[-82.35124967982767,9.082916835925914],[-82.35124967982767,9.074583502625842],[-82.34291634652772,9.074583502625842]]]},"properties":{"OBJECTID":2128,"Id":2128,"gridcode":16,"Shape_Length":0.03333333320006204,"Shape_Area":0.0000694444438891474}},{"type":"Feature","id":2129,"geometry":{"type":"Polygon","coordinates":[[[-82.30958301332777,9.074583502625842],[-82.30958301332777,9.082916835925914],[-82.31791634662773,9.082916835925914],[-82.31791634662773,9.074583502625842],[-82.30958301332777,9.074583502625842]]]},"properties":{"OBJECTID":2129,"Id":2129,"gridcode":21,"Shape_Length":0.03333333320006204,"Shape_Area":0.0000694444438891474}},{"type":"Feature","id":2130,"geometry":{"type":"Polygon","coordinates":[[[-82.30124968002764,9.074583502625842],[-82.30124968002764,9.082916835925914],[-82.30958301332777,9.082916835925914],[-82.30958301332777,9.074583502625842],[-82.30124968002764,9.074583502625842]]]},"properties":{"OBJECTID":2130,"Id":2130,"gridcode":28,"Shape_Length":0.03333333320028942,"Shape_Area":0.00006944444389009479}},{"type":"Feature","id":2131,"geometry":{"type":"Polygon","coordinates":[[[-82.29291634672768,9.074583502625842],[-82.29291634672768,9.082916835925914],[-82.30124968002764,9.082916835925914],[-82.30124968002764,9.074583502625842],[-82.29291634672768,9.074583502625842]]]},"properties":{"OBJECTID":2131,"Id":2131,"gridcode":33,"Shape_Length":0.03333333320017573,"Shape_Area":0.0000694444438896211}},{"type":"Feature","id":2132,"geometry":{"type":"Polygon","coordinates":[[[-82.28458301342772,9.074583502625842],[-82.28458301342772,9.082916835925914],[-82.29291634672768,9.082916835925914],[-82.29291634672768,9.074583502625842],[-82.28458301342772,9.074583502625842]]]},"properties":{"OBJECTID":2132,"Id":2132,"gridcode":58,"Shape_Length":0.03333333320006204,"Shape_Area":0.0000694444438891474}},{"type":"Feature","id":2133,"geometry":{"type":"Polygon","coordinates":[[[-82.2762496801277,9.074583502625842],[-82.2762496801277,9.082916835925914],[-82.28458301342772,9.082916835925914],[-82.28458301342772,9.074583502625842],[-82.2762496801277,9.074583502625842]]]},"properties":{"OBJECTID":2133,"Id":2133,"gridcode":33,"Shape_Length":0.03333333320017573,"Shape_Area":0.0000694444438896211}},{"type":"Feature","id":2134,"geometry":{"type":"Polygon","coordinates":[[[-82.37624967972772,9.09125016922593],[-82.37624967972772,9.074583502625842],[-82.36791634642776,9.074583502625842],[-82.36791634642776,9.09125016922593],[-82.37624967972772,9.09125016922593]]]},"properties":{"OBJECTID":2134,"Id":2134,"gridcode":11,"Shape_Length":0.049999999800093065,"Shape_Area":0.0001388888877778211}},{"type":"Feature","id":2135,"geometry":{"type":"Polygon","coordinates":[[[-82.35124967982767,9.066250169325997],[-82.35124967982767,9.074583502625842],[-82.35958301312769,9.074583502625842],[-82.35958301312769,9.066250169325997],[-82.35124967982767,9.066250169325997]]]},"properties":{"OBJECTID":2135,"Id":2135,"gridcode":15,"Shape_Length":0.03333333319972098,"Shape_Area":0.00006944444388772632}},{"type":"Feature","id":2136,"geometry":{"type":"Polygon","coordinates":[[[-82.34291634652772,9.066250169325997],[-82.34291634652772,9.074583502625842],[-82.35124967982767,9.074583502625842],[-82.35124967982767,9.066250169325997],[-82.34291634652772,9.066250169325997]]]},"properties":{"OBJECTID":2136,"Id":2136,"gridcode":17,"Shape_Length":0.033333333199607296,"Shape_Area":0.00006944444388725262}},{"type":"Feature","id":2137,"geometry":{"type":"Polygon","coordinates":[[[-82.33458301322776,9.066250169325997],[-82.33458301322776,9.074583502625842],[-82.34291634652772,9.074583502625842],[-82.34291634652772,9.066250169325997],[-82.33458301322776,9.066250169325997]]]},"properties":{"OBJECTID":2137,"Id":2137,"gridcode":18,"Shape_Length":0.033333333199607296,"Shape_Area":0.00006944444388725262}},{"type":"Feature","id":2138,"geometry":{"type":"Polygon","coordinates":[[[-82.34291634652772,9.082916835925914],[-82.34291634652772,9.074583502625842],[-82.33458301322776,9.074583502625842],[-82.33458301322776,9.09125016922593],[-82.34291634652772,9.09125016922593],[-82.34291634652772,9.099583502525945],[-82.35124967982767,9.099583502525945],[-82.35124967982767,9.082916835925914],[-82.34291634652772,9.082916835925914]]]},"properties":{"OBJECTID":2138,"Id":2138,"gridcode":17,"Shape_Length":0.08333333300004142,"Shape_Area":0.00027777777555516853}},{"type":"Feature","id":2139,"geometry":{"type":"Polygon","coordinates":[[[-82.32624967992774,9.066250169325997],[-82.32624967992774,9.074583502625842],[-82.33458301322776,9.074583502625842],[-82.33458301322776,9.066250169325997],[-82.32624967992774,9.066250169325997]]]},"properties":{"OBJECTID":2139,"Id":2139,"gridcode":19,"Shape_Length":0.03333333319972098,"Shape_Area":0.00006944444388772632}},{"type":"Feature","id":2140,"geometry":{"type":"Polygon","coordinates":[[[-82.33458301322776,9.099583502525945],[-82.33458301322776,9.074583502625842],[-82.32624967992774,9.074583502625842],[-82.32624967992774,9.099583502525945],[-82.33458301322776,9.099583502525945]]]},"properties":{"OBJECTID":2140,"Id":2140,"gridcode":18,"Shape_Length":0.06666666640023777,"Shape_Area":0.0002083333316679159}},{"type":"Feature","id":2141,"geometry":{"type":"Polygon","coordinates":[[[-82.31791634662773,9.066250169325997],[-82.31791634662773,9.074583502625842],[-82.32624967992774,9.074583502625842],[-82.32624967992774,9.066250169325997],[-82.31791634662773,9.066250169325997]]]},"properties":{"OBJECTID":2141,"Id":2141,"gridcode":21,"Shape_Length":0.03333333319972098,"Shape_Area":0.00006944444388772632}},{"type":"Feature","id":2142,"geometry":{"type":"Polygon","coordinates":[[[-82.32624967992774,9.09125016922593],[-82.32624967992774,9.074583502625842],[-82.31791634662773,9.074583502625842],[-82.31791634662773,9.082916835925914],[-82.30958301332777,9.082916835925914],[-82.30958301332777,9.09125016922593],[-82.32624967992774,9.09125016922593]]]},"properties":{"OBJECTID":2142,"Id":2142,"gridcode":19,"Shape_Length":0.06666666640012409,"Shape_Area":0.0002083333316674422}},{"type":"Feature","id":2143,"geometry":{"type":"Polygon","coordinates":[[[-82.30958301332777,9.066250169325997],[-82.30958301332777,9.074583502625842],[-82.31791634662773,9.074583502625842],[-82.31791634662773,9.066250169325997],[-82.30958301332777,9.066250169325997]]]},"properties":{"OBJECTID":2143,"Id":2143,"gridcode":27,"Shape_Length":0.033333333199607296,"Shape_Area":0.00006944444388725262}},{"type":"Feature","id":2144,"geometry":{"type":"Polygon","coordinates":[[[-82.30124968002764,9.066250169325997],[-82.30124968002764,9.074583502625842],[-82.30958301332777,9.074583502625842],[-82.30958301332777,9.066250169325997],[-82.30124968002764,9.066250169325997]]]},"properties":{"OBJECTID":2144,"Id":2144,"gridcode":32,"Shape_Length":0.03333333319983467,"Shape_Area":0.00006944444388820001}},{"type":"Feature","id":2145,"geometry":{"type":"Polygon","coordinates":[[[-82.29291634672768,9.066250169325997],[-82.29291634672768,9.074583502625842],[-82.30124968002764,9.074583502625842],[-82.30124968002764,9.066250169325997],[-82.29291634672768,9.066250169325997]]]},"properties":{"OBJECTID":2145,"Id":2145,"gridcode":34,"Shape_Length":0.03333333319972098,"Shape_Area":0.00006944444388772632}},{"type":"Feature","id":2146,"geometry":{"type":"Polygon","coordinates":[[[-82.28458301342772,9.066250169325997],[-82.28458301342772,9.074583502625842],[-82.29291634672768,9.074583502625842],[-82.29291634672768,9.066250169325997],[-82.28458301342772,9.066250169325997]]]},"properties":{"OBJECTID":2146,"Id":2146,"gridcode":32,"Shape_Length":0.033333333199607296,"Shape_Area":0.00006944444388725262}},{"type":"Feature","id":2147,"geometry":{"type":"Polygon","coordinates":[[[-82.2762496801277,9.066250169325997],[-82.2762496801277,9.074583502625842],[-82.28458301342772,9.074583502625842],[-82.28458301342772,9.066250169325997],[-82.2762496801277,9.066250169325997]]]},"properties":{"OBJECTID":2147,"Id":2147,"gridcode":30,"Shape_Length":0.03333333319972098,"Shape_Area":0.00006944444388772632}},{"type":"Feature","id":2148,"geometry":{"type":"Polygon","coordinates":[[[-82.25958301352773,9.066250169325997],[-82.25958301352773,9.074583502625842],[-82.26791634682775,9.074583502625842],[-82.26791634682775,9.066250169325997],[-82.25958301352773,9.066250169325997]]]},"properties":{"OBJECTID":2148,"Id":2148,"gridcode":21,"Shape_Length":0.03333333319972098,"Shape_Area":0.00006944444388772632}},{"type":"Feature","id":2149,"geometry":{"type":"Polygon","coordinates":[[[-82.25124968022766,9.066250169325997],[-82.25124968022766,9.074583502625842],[-82.25958301352773,9.074583502625842],[-82.25958301352773,9.066250169325997],[-82.25124968022766,9.066250169325997]]]},"properties":{"OBJECTID":2149,"Id":2149,"gridcode":24,"Shape_Length":0.03333333319983467,"Shape_Area":0.00006944444388820001}},{"type":"Feature","id":2150,"geometry":{"type":"Polygon","coordinates":[[[-82.2762496801277,9.074583502625842],[-82.25124968022766,9.074583502625842],[-82.25124968022766,9.082916835925914],[-82.25958301352773,9.082916835925914],[-82.25958301352773,9.09125016922593],[-82.26791634682775,9.09125016922593],[-82.26791634682775,9.082916835925914],[-82.2762496801277,9.082916835925914],[-82.2762496801277,9.074583502625842]]]},"properties":{"OBJECTID":2150,"Id":2150,"gridcode":22,"Shape_Length":0.0833333330002688,"Shape_Area":0.0002777777755580107}},{"type":"Feature","id":2151,"geometry":{"type":"Polygon","coordinates":[[[-82.24291634692764,9.066250169325997],[-82.24291634692764,9.074583502625842],[-82.25124968022766,9.074583502625842],[-82.25124968022766,9.066250169325997],[-82.24291634692764,9.066250169325997]]]},"properties":{"OBJECTID":2151,"Id":2151,"gridcode":26,"Shape_Length":0.033333333199607296,"Shape_Area":0.00006944444388725262}},{"type":"Feature","id":2152,"geometry":{"type":"Polygon","coordinates":[[[-82.25124968022766,9.09125016922593],[-82.25124968022766,9.074583502625842],[-82.24291634692764,9.074583502625842],[-82.24291634692764,9.09125016922593],[-82.25124968022766,9.09125016922593]]]},"properties":{"OBJECTID":2152,"Id":2152,"gridcode":24,"Shape_Length":0.049999999800093065,"Shape_Area":0.0001388888877778211}},{"type":"Feature","id":2153,"geometry":{"type":"Polygon","coordinates":[[[-82.40958301292767,9.082916835925914],[-82.40958301292767,9.066250169325997],[-82.40124967962771,9.066250169325997],[-82.40124967962771,9.082916835925914],[-82.40958301292767,9.082916835925914]]]},"properties":{"OBJECTID":2153,"Id":2153,"gridcode":4,"Shape_Length":0.04999999979986569,"Shape_Area":0.00013888888777734742}},{"type":"Feature","id":2154,"geometry":{"type":"Polygon","coordinates":[[[-82.39291634632775,9.057916836025981],[-82.39291634632775,9.066250169325997],[-82.40124967962771,9.066250169325997],[-82.40124967962771,9.057916836025981],[-82.39291634632775,9.057916836025981]]]},"properties":{"OBJECTID":2154,"Id":2154,"gridcode":7,"Shape_Length":0.033333333199948356,"Shape_Area":0.00006944444388867371}},{"type":"Feature","id":2155,"geometry":{"type":"Polygon","coordinates":[[[-82.40124967962771,9.082916835925914],[-82.40124967962771,9.066250169325997],[-82.39291634632775,9.066250169325997],[-82.39291634632775,9.082916835925914],[-82.40124967962771,9.082916835925914]]]},"properties":{"OBJECTID":2155,"Id":2155,"gridcode":8,"Shape_Length":0.049999999799752004,"Shape_Area":0.00013888888777640002}},{"type":"Feature","id":2156,"geometry":{"type":"Polygon","coordinates":[[[-82.35124967982767,9.057916836025981],[-82.35124967982767,9.066250169325997],[-82.35958301312769,9.066250169325997],[-82.35958301312769,9.057916836025981],[-82.35124967982767,9.057916836025981]]]},"properties":{"OBJECTID":2156,"Id":2156,"gridcode":16,"Shape_Length":0.03333333320006204,"Shape_Area":0.0000694444438891474}},{"type":"Feature","id":2157,"geometry":{"type":"Polygon","coordinates":[[[-82.34291634652772,9.057916836025981],[-82.34291634652772,9.066250169325997],[-82.35124967982767,9.066250169325997],[-82.35124967982767,9.057916836025981],[-82.34291634652772,9.057916836025981]]]},"properties":{"OBJECTID":2157,"Id":2157,"gridcode":18,"Shape_Length":0.033333333199948356,"Shape_Area":0.00006944444388867371}},{"type":"Feature","id":2158,"geometry":{"type":"Polygon","coordinates":[[[-82.33458301322776,9.057916836025981],[-82.33458301322776,9.066250169325997],[-82.34291634652772,9.066250169325997],[-82.34291634652772,9.057916836025981],[-82.33458301322776,9.057916836025981]]]},"properties":{"OBJECTID":2158,"Id":2158,"gridcode":17,"Shape_Length":0.033333333199948356,"Shape_Area":0.00006944444388867371}},{"type":"Feature","id":2159,"geometry":{"type":"Polygon","coordinates":[[[-82.32624967992774,9.057916836025981],[-82.32624967992774,9.066250169325997],[-82.33458301322776,9.066250169325997],[-82.33458301322776,9.057916836025981],[-82.32624967992774,9.057916836025981]]]},"properties":{"OBJECTID":2159,"Id":2159,"gridcode":20,"Shape_Length":0.03333333320006204,"Shape_Area":0.0000694444438891474}},{"type":"Feature","id":2160,"geometry":{"type":"Polygon","coordinates":[[[-82.31791634662773,9.057916836025981],[-82.31791634662773,9.066250169325997],[-82.32624967992774,9.066250169325997],[-82.32624967992774,9.057916836025981],[-82.31791634662773,9.057916836025981]]]},"properties":{"OBJECTID":2160,"Id":2160,"gridcode":24,"Shape_Length":0.03333333320006204,"Shape_Area":0.0000694444438891474}},{"type":"Feature","id":2161,"geometry":{"type":"Polygon","coordinates":[[[-82.30958301332777,9.057916836025981],[-82.30958301332777,9.066250169325997],[-82.31791634662773,9.066250169325997],[-82.31791634662773,9.057916836025981],[-82.30958301332777,9.057916836025981]]]},"properties":{"OBJECTID":2161,"Id":2161,"gridcode":31,"Shape_Length":0.033333333199948356,"Shape_Area":0.00006944444388867371}},{"type":"Feature","id":2162,"geometry":{"type":"Polygon","coordinates":[[[-82.30124968002764,9.057916836025981],[-82.30124968002764,9.066250169325997],[-82.30958301332777,9.066250169325997],[-82.30958301332777,9.057916836025981],[-82.30124968002764,9.057916836025981]]]},"properties":{"OBJECTID":2162,"Id":2162,"gridcode":38,"Shape_Length":0.03333333320017573,"Shape_Area":0.0000694444438896211}},{"type":"Feature","id":2163,"geometry":{"type":"Polygon","coordinates":[[[-82.29291634672768,9.057916836025981],[-82.29291634672768,9.066250169325997],[-82.30124968002764,9.066250169325997],[-82.30124968002764,9.057916836025981],[-82.29291634672768,9.057916836025981]]]},"properties":{"OBJECTID":2163,"Id":2163,"gridcode":37,"Shape_Length":0.03333333320006204,"Shape_Area":0.0000694444438891474}},{"type":"Feature","id":2164,"geometry":{"type":"Polygon","coordinates":[[[-82.28458301342772,9.057916836025981],[-82.28458301342772,9.066250169325997],[-82.29291634672768,9.066250169325997],[-82.29291634672768,9.057916836025981],[-82.28458301342772,9.057916836025981]]]},"properties":{"OBJECTID":2164,"Id":2164,"gridcode":30,"Shape_Length":0.033333333199948356,"Shape_Area":0.00006944444388867371}},{"type":"Feature","id":2165,"geometry":{"type":"Polygon","coordinates":[[[-82.2762496801277,9.057916836025981],[-82.2762496801277,9.066250169325997],[-82.28458301342772,9.066250169325997],[-82.28458301342772,9.057916836025981],[-82.2762496801277,9.057916836025981]]]},"properties":{"OBJECTID":2165,"Id":2165,"gridcode":26,"Shape_Length":0.03333333320006204,"Shape_Area":0.0000694444438891474}},{"type":"Feature","id":2166,"geometry":{"type":"Polygon","coordinates":[[[-82.24291634692764,9.057916836025981],[-82.24291634692764,9.066250169325997],[-82.25124968022766,9.066250169325997],[-82.25124968022766,9.057916836025981],[-82.24291634692764,9.057916836025981]]]},"properties":{"OBJECTID":2166,"Id":2166,"gridcode":30,"Shape_Length":0.033333333199948356,"Shape_Area":0.00006944444388867371}},{"type":"Feature","id":2167,"geometry":{"type":"Polygon","coordinates":[[[-82.35958301312769,9.049583502725909],[-82.35958301312769,9.057916836025981],[-82.36791634642776,9.057916836025981],[-82.36791634642776,9.049583502725909],[-82.35958301312769,9.049583502725909]]]},"properties":{"OBJECTID":2167,"Id":2167,"gridcode":14,"Shape_Length":0.03333333320028942,"Shape_Area":0.00006944444389009479}},{"type":"Feature","id":2168,"geometry":{"type":"Polygon","coordinates":[[[-82.36791634642776,9.09125016922593],[-82.36791634642776,9.057916836025981],[-82.35958301312769,9.057916836025981],[-82.35958301312769,9.09125016922593],[-82.36791634642776,9.09125016922593]]]},"properties":{"OBJECTID":2168,"Id":2168,"gridcode":12,"Shape_Length":0.08333333300004142,"Shape_Area":0.000277777775557537}},{"type":"Feature","id":2169,"geometry":{"type":"Polygon","coordinates":[[[-82.33458301322776,9.049583502725909],[-82.33458301322776,9.057916836025981],[-82.34291634652772,9.057916836025981],[-82.34291634652772,9.049583502725909],[-82.33458301322776,9.049583502725909]]]},"properties":{"OBJECTID":2169,"Id":2169,"gridcode":18,"Shape_Length":0.03333333320006204,"Shape_Area":0.0000694444438891474}},{"type":"Feature","id":2170,"geometry":{"type":"Polygon","coordinates":[[[-82.31791634662773,9.049583502725909],[-82.31791634662773,9.057916836025981],[-82.32624967992774,9.057916836025981],[-82.32624967992774,9.049583502725909],[-82.31791634662773,9.049583502725909]]]},"properties":{"OBJECTID":2170,"Id":2170,"gridcode":27,"Shape_Length":0.03333333320017573,"Shape_Area":0.0000694444438896211}},{"type":"Feature","id":2171,"geometry":{"type":"Polygon","coordinates":[[[-82.30958301332777,9.049583502725909],[-82.30958301332777,9.057916836025981],[-82.31791634662773,9.057916836025981],[-82.31791634662773,9.049583502725909],[-82.30958301332777,9.049583502725909]]]},"properties":{"OBJECTID":2171,"Id":2171,"gridcode":33,"Shape_Length":0.03333333320006204,"Shape_Area":0.0000694444438891474}},{"type":"Feature","id":2172,"geometry":{"type":"Polygon","coordinates":[[[-82.30124968002764,9.049583502725909],[-82.30124968002764,9.057916836025981],[-82.30958301332777,9.057916836025981],[-82.30958301332777,9.049583502725909],[-82.30124968002764,9.049583502725909]]]},"properties":{"OBJECTID":2172,"Id":2172,"gridcode":41,"Shape_Length":0.03333333320028942,"Shape_Area":0.00006944444389009479}},{"type":"Feature","id":2173,"geometry":{"type":"Polygon","coordinates":[[[-82.29291634672768,9.049583502725909],[-82.29291634672768,9.057916836025981],[-82.30124968002764,9.057916836025981],[-82.30124968002764,9.049583502725909],[-82.29291634672768,9.049583502725909]]]},"properties":{"OBJECTID":2173,"Id":2173,"gridcode":32,"Shape_Length":0.03333333320017573,"Shape_Area":0.0000694444438896211}},{"type":"Feature","id":2174,"geometry":{"type":"Polygon","coordinates":[[[-82.28458301342772,9.049583502725909],[-82.28458301342772,9.057916836025981],[-82.29291634672768,9.057916836025981],[-82.29291634672768,9.049583502725909],[-82.28458301342772,9.049583502725909]]]},"properties":{"OBJECTID":2174,"Id":2174,"gridcode":27,"Shape_Length":0.03333333320006204,"Shape_Area":0.0000694444438891474}},{"type":"Feature","id":2175,"geometry":{"type":"Polygon","coordinates":[[[-82.2762496801277,9.049583502725909],[-82.2762496801277,9.057916836025981],[-82.28458301342772,9.057916836025981],[-82.28458301342772,9.049583502725909],[-82.2762496801277,9.049583502725909]]]},"properties":{"OBJECTID":2175,"Id":2175,"gridcode":25,"Shape_Length":0.03333333320017573,"Shape_Area":0.0000694444438896211}},{"type":"Feature","id":2176,"geometry":{"type":"Polygon","coordinates":[[[-82.24291634692764,9.049583502725909],[-82.24291634692764,9.057916836025981],[-82.25124968022766,9.057916836025981],[-82.25124968022766,9.049583502725909],[-82.24291634692764,9.049583502725909]]]},"properties":{"OBJECTID":2176,"Id":2176,"gridcode":31,"Shape_Length":0.03333333320006204,"Shape_Area":0.0000694444438891474}},{"type":"Feature","id":2177,"geometry":{"type":"Polygon","coordinates":[[[-82.84291634452774,9.057916836025981],[-82.84291634452774,9.049583502725909],[-82.83458301122778,9.049583502725909],[-82.83458301122778,9.066250169325997],[-82.81791634462769,9.066250169325997],[-82.81791634462769,9.082916835925914],[-82.85124967782775,9.082916835925914],[-82.85124967782775,9.09125016922593],[-82.86791634442773,9.09125016922593],[-82.86791634442773,9.082916835925914],[-82.87624967772769,9.082916835925914],[-82.87624967772769,9.066250169325997],[-82.85958301112777,9.066250169325997],[-82.85958301112777,9.057916836025981],[-82.84291634452774,9.057916836025981]]]},"properties":{"OBJECTID":2177,"Id":2177,"gridcode":4,"Shape_Length":0.1999999992000312,"Shape_Area":0.0013888888777734741}},{"type":"Feature","id":2178,"geometry":{"type":"Polygon","coordinates":[[[-82.40124967962771,9.041250169425894],[-82.40124967962771,9.049583502725909],[-82.40958301292767,9.049583502725909],[-82.40958301292767,9.041250169425894],[-82.40124967962771,9.041250169425894]]]},"properties":{"OBJECTID":2178,"Id":2178,"gridcode":4,"Shape_Length":0.03333333320006204,"Shape_Area":0.0000694444438891474}},{"type":"Feature","id":2179,"geometry":{"type":"Polygon","coordinates":[[[-82.36791634642776,9.041250169425894],[-82.36791634642776,9.049583502725909],[-82.37624967972772,9.049583502725909],[-82.37624967972772,9.041250169425894],[-82.36791634642776,9.041250169425894]]]},"properties":{"OBJECTID":2179,"Id":2179,"gridcode":12,"Shape_Length":0.033333333199948356,"Shape_Area":0.00006944444388867371}},{"type":"Feature","id":2180,"geometry":{"type":"Polygon","coordinates":[[[-82.35958301312769,9.041250169425894],[-82.35958301312769,9.049583502725909],[-82.36791634642776,9.049583502725909],[-82.36791634642776,9.041250169425894],[-82.35958301312769,9.041250169425894]]]},"properties":{"OBJECTID":2180,"Id":2180,"gridcode":15,"Shape_Length":0.03333333320017573,"Shape_Area":0.0000694444438896211}},{"type":"Feature","id":2181,"geometry":{"type":"Polygon","coordinates":[[[-82.34291634652772,9.041250169425894],[-82.34291634652772,9.049583502725909],[-82.35124967982767,9.049583502725909],[-82.35124967982767,9.041250169425894],[-82.34291634652772,9.041250169425894]]]},"properties":{"OBJECTID":2181,"Id":2181,"gridcode":18,"Shape_Length":0.033333333199948356,"Shape_Area":0.00006944444388867371}},{"type":"Feature","id":2182,"geometry":{"type":"Polygon","coordinates":[[[-82.33458301322776,9.041250169425894],[-82.33458301322776,9.049583502725909],[-82.34291634652772,9.049583502725909],[-82.34291634652772,9.041250169425894],[-82.33458301322776,9.041250169425894]]]},"properties":{"OBJECTID":2182,"Id":2182,"gridcode":20,"Shape_Length":0.033333333199948356,"Shape_Area":0.00006944444388867371}},{"type":"Feature","id":2183,"geometry":{"type":"Polygon","coordinates":[[[-82.31791634662773,9.041250169425894],[-82.31791634662773,9.049583502725909],[-82.32624967992774,9.049583502725909],[-82.32624967992774,9.041250169425894],[-82.31791634662773,9.041250169425894]]]},"properties":{"OBJECTID":2183,"Id":2183,"gridcode":29,"Shape_Length":0.03333333320006204,"Shape_Area":0.0000694444438891474}},{"type":"Feature","id":2184,"geometry":{"type":"Polygon","coordinates":[[[-82.30958301332777,9.041250169425894],[-82.30958301332777,9.049583502725909],[-82.31791634662773,9.049583502725909],[-82.31791634662773,9.041250169425894],[-82.30958301332777,9.041250169425894]]]},"properties":{"OBJECTID":2184,"Id":2184,"gridcode":31,"Shape_Length":0.033333333199948356,"Shape_Area":0.00006944444388867371}},{"type":"Feature","id":2185,"geometry":{"type":"Polygon","coordinates":[[[-82.30124968002764,9.041250169425894],[-82.30124968002764,9.049583502725909],[-82.30958301332777,9.049583502725909],[-82.30958301332777,9.041250169425894],[-82.30124968002764,9.041250169425894]]]},"properties":{"OBJECTID":2185,"Id":2185,"gridcode":37,"Shape_Length":0.03333333320017573,"Shape_Area":0.0000694444438896211}},{"type":"Feature","id":2186,"geometry":{"type":"Polygon","coordinates":[[[-82.29291634672768,9.041250169425894],[-82.29291634672768,9.049583502725909],[-82.30124968002764,9.049583502725909],[-82.30124968002764,9.041250169425894],[-82.29291634672768,9.041250169425894]]]},"properties":{"OBJECTID":2186,"Id":2186,"gridcode":46,"Shape_Length":0.03333333320006204,"Shape_Area":0.0000694444438891474}},{"type":"Feature","id":2187,"geometry":{"type":"Polygon","coordinates":[[[-82.28458301342772,9.041250169425894],[-82.28458301342772,9.049583502725909],[-82.29291634672768,9.049583502725909],[-82.29291634672768,9.041250169425894],[-82.28458301342772,9.041250169425894]]]},"properties":{"OBJECTID":2187,"Id":2187,"gridcode":34,"Shape_Length":0.033333333199948356,"Shape_Area":0.00006944444388867371}},{"type":"Feature","id":2188,"geometry":{"type":"Polygon","coordinates":[[[-82.2762496801277,9.041250169425894],[-82.2762496801277,9.049583502725909],[-82.28458301342772,9.049583502725909],[-82.28458301342772,9.041250169425894],[-82.2762496801277,9.041250169425894]]]},"properties":{"OBJECTID":2188,"Id":2188,"gridcode":30,"Shape_Length":0.03333333320006204,"Shape_Area":0.0000694444438891474}},{"type":"Feature","id":2189,"geometry":{"type":"Polygon","coordinates":[[[-82.25124968022766,9.041250169425894],[-82.25124968022766,9.049583502725909],[-82.25958301352773,9.049583502725909],[-82.25958301352773,9.041250169425894],[-82.25124968022766,9.041250169425894]]]},"properties":{"OBJECTID":2189,"Id":2189,"gridcode":29,"Shape_Length":0.03333333320017573,"Shape_Area":0.0000694444438896211}},{"type":"Feature","id":2190,"geometry":{"type":"Polygon","coordinates":[[[-82.25958301352773,9.066250169325997],[-82.25958301352773,9.049583502725909],[-82.25124968022766,9.049583502725909],[-82.25124968022766,9.066250169325997],[-82.25958301352773,9.066250169325997]]]},"properties":{"OBJECTID":2190,"Id":2190,"gridcode":26,"Shape_Length":0.04999999980032044,"Shape_Area":0.0001388888877797159}},{"type":"Feature","id":2191,"geometry":{"type":"Polygon","coordinates":[[[-82.24291634692764,9.041250169425894],[-82.24291634692764,9.049583502725909],[-82.25124968022766,9.049583502725909],[-82.25124968022766,9.041250169425894],[-82.24291634692764,9.041250169425894]]]},"properties":{"OBJECTID":2191,"Id":2191,"gridcode":40,"Shape_Length":0.033333333199948356,"Shape_Area":0.00006944444388867371}},{"type":"Feature","id":2192,"geometry":{"type":"Polygon","coordinates":[[[-82.43458301282777,9.057916836025981],[-82.43458301282777,9.041250169425894],[-82.42624967952776,9.041250169425894],[-82.42624967952776,9.057916836025981],[-82.41791634622768,9.057916836025981],[-82.41791634622768,9.066250169325997],[-82.43458301282777,9.066250169325997],[-82.43458301282777,9.074583502625842],[-82.44291634612773,9.074583502625842],[-82.44291634612773,9.09125016922593],[-82.45124967942775,9.09125016922593],[-82.45124967942775,9.099583502525945],[-82.46791634602766,9.099583502525945],[-82.46791634602766,9.107916835825847],[-82.47624967932768,9.107916835825847],[-82.47624967932768,9.09125016922593],[-82.46791634602766,9.09125016922593],[-82.46791634602766,9.074583502625842],[-82.4595830127277,9.074583502625842],[-82.4595830127277,9.066250169325997],[-82.45124967942775,9.066250169325997],[-82.45124967942775,9.057916836025981],[-82.43458301282777,9.057916836025981]]]},"properties":{"OBJECTID":2192,"Id":2192,"gridcode":2,"Shape_Length":0.2499999989998969,"Shape_Area":0.001319444433887169}},{"type":"Feature","id":2193,"geometry":{"type":"Polygon","coordinates":[[[-82.40124967962771,9.032916836125878],[-82.40124967962771,9.041250169425894],[-82.40958301292767,9.041250169425894],[-82.40958301292767,9.032916836125878],[-82.40124967962771,9.032916836125878]]]},"properties":{"OBJECTID":2193,"Id":2193,"gridcode":5,"Shape_Length":0.03333333320006204,"Shape_Area":0.0000694444438891474}},{"type":"Feature","id":2194,"geometry":{"type":"Polygon","coordinates":[[[-82.38458301302774,9.066250169325997],[-82.38458301302774,9.041250169425894],[-82.37624967972772,9.041250169425894],[-82.37624967972772,9.049583502725909],[-82.36791634642776,9.049583502725909],[-82.36791634642776,9.074583502625842],[-82.37624967972772,9.074583502625842],[-82.37624967972772,9.066250169325997],[-82.38458301302774,9.066250169325997]]]},"properties":{"OBJECTID":2194,"Id":2194,"gridcode":10,"Shape_Length":0.09999999959984507,"Shape_Area":0.0004166666633329896}},{"type":"Feature","id":2195,"geometry":{"type":"Polygon","coordinates":[[[-82.35958301312769,9.032916836125878],[-82.35958301312769,9.041250169425894],[-82.36791634642776,9.041250169425894],[-82.36791634642776,9.032916836125878],[-82.35958301312769,9.032916836125878]]]},"properties":{"OBJECTID":2195,"Id":2195,"gridcode":16,"Shape_Length":0.03333333320017573,"Shape_Area":0.0000694444438896211}},{"type":"Feature","id":2196,"geometry":{"type":"Polygon","coordinates":[[[-82.34291634652772,9.032916836125878],[-82.34291634652772,9.041250169425894],[-82.35124967982767,9.041250169425894],[-82.35124967982767,9.032916836125878],[-82.34291634652772,9.032916836125878]]]},"properties":{"OBJECTID":2196,"Id":2196,"gridcode":19,"Shape_Length":0.033333333199948356,"Shape_Area":0.00006944444388867371}},{"type":"Feature","id":2197,"geometry":{"type":"Polygon","coordinates":[[[-82.33458301322776,9.032916836125878],[-82.33458301322776,9.041250169425894],[-82.34291634652772,9.041250169425894],[-82.34291634652772,9.032916836125878],[-82.33458301322776,9.032916836125878]]]},"properties":{"OBJECTID":2197,"Id":2197,"gridcode":21,"Shape_Length":0.033333333199948356,"Shape_Area":0.00006944444388867371}},{"type":"Feature","id":2198,"geometry":{"type":"Polygon","coordinates":[[[-82.32624967992774,9.032916836125878],[-82.32624967992774,9.041250169425894],[-82.33458301322776,9.041250169425894],[-82.33458301322776,9.032916836125878],[-82.32624967992774,9.032916836125878]]]},"properties":{"OBJECTID":2198,"Id":2198,"gridcode":23,"Shape_Length":0.03333333320006204,"Shape_Area":0.0000694444438891474}},{"type":"Feature","id":2199,"geometry":{"type":"Polygon","coordinates":[[[-82.33458301322776,9.057916836025981],[-82.33458301322776,9.041250169425894],[-82.32624967992774,9.041250169425894],[-82.32624967992774,9.057916836025981],[-82.33458301322776,9.057916836025981]]]},"properties":{"OBJECTID":2199,"Id":2199,"gridcode":22,"Shape_Length":0.04999999980020675,"Shape_Area":0.0001388888877787685}},{"type":"Feature","id":2200,"geometry":{"type":"Polygon","coordinates":[[[-82.31791634662773,9.032916836125878],[-82.31791634662773,9.041250169425894],[-82.32624967992774,9.041250169425894],[-82.32624967992774,9.032916836125878],[-82.31791634662773,9.032916836125878]]]},"properties":{"OBJECTID":2200,"Id":2200,"gridcode":27,"Shape_Length":0.03333333320006204,"Shape_Area":0.0000694444438891474}},{"type":"Feature","id":2201,"geometry":{"type":"Polygon","coordinates":[[[-82.30958301332777,9.032916836125878],[-82.30958301332777,9.041250169425894],[-82.31791634662773,9.041250169425894],[-82.31791634662773,9.032916836125878],[-82.30958301332777,9.032916836125878]]]},"properties":{"OBJECTID":2201,"Id":2201,"gridcode":33,"Shape_Length":0.033333333199948356,"Shape_Area":0.00006944444388867371}},{"type":"Feature","id":2202,"geometry":{"type":"Polygon","coordinates":[[[-82.30124968002764,9.032916836125878],[-82.30124968002764,9.041250169425894],[-82.30958301332777,9.041250169425894],[-82.30958301332777,9.032916836125878],[-82.30124968002764,9.032916836125878]]]},"properties":{"OBJECTID":2202,"Id":2202,"gridcode":38,"Shape_Length":0.03333333320017573,"Shape_Area":0.0000694444438896211}},{"type":"Feature","id":2203,"geometry":{"type":"Polygon","coordinates":[[[-82.29291634672768,9.032916836125878],[-82.29291634672768,9.041250169425894],[-82.30124968002764,9.041250169425894],[-82.30124968002764,9.032916836125878],[-82.29291634672768,9.032916836125878]]]},"properties":{"OBJECTID":2203,"Id":2203,"gridcode":54,"Shape_Length":0.03333333320006204,"Shape_Area":0.0000694444438891474}},{"type":"Feature","id":2204,"geometry":{"type":"Polygon","coordinates":[[[-82.28458301342772,9.032916836125878],[-82.28458301342772,9.041250169425894],[-82.29291634672768,9.041250169425894],[-82.29291634672768,9.032916836125878],[-82.28458301342772,9.032916836125878]]]},"properties":{"OBJECTID":2204,"Id":2204,"gridcode":33,"Shape_Length":0.033333333199948356,"Shape_Area":0.00006944444388867371}},{"type":"Feature","id":2205,"geometry":{"type":"Polygon","coordinates":[[[-82.2762496801277,9.032916836125878],[-82.2762496801277,9.041250169425894],[-82.28458301342772,9.041250169425894],[-82.28458301342772,9.032916836125878],[-82.2762496801277,9.032916836125878]]]},"properties":{"OBJECTID":2205,"Id":2205,"gridcode":27,"Shape_Length":0.03333333320006204,"Shape_Area":0.0000694444438891474}},{"type":"Feature","id":2206,"geometry":{"type":"Polygon","coordinates":[[[-82.26791634682775,9.066250169325997],[-82.26791634682775,9.041250169425894],[-82.25958301352773,9.041250169425894],[-82.25958301352773,9.066250169325997],[-82.26791634682775,9.066250169325997]]]},"properties":{"OBJECTID":2206,"Id":2206,"gridcode":22,"Shape_Length":0.06666666640023777,"Shape_Area":0.0002083333316679159}},{"type":"Feature","id":2207,"geometry":{"type":"Polygon","coordinates":[[[-82.25124968022766,9.032916836125878],[-82.25124968022766,9.041250169425894],[-82.25958301352773,9.041250169425894],[-82.25958301352773,9.032916836125878],[-82.25124968022766,9.032916836125878]]]},"properties":{"OBJECTID":2207,"Id":2207,"gridcode":33,"Shape_Length":0.03333333320017573,"Shape_Area":0.0000694444438896211}},{"type":"Feature","id":2208,"geometry":{"type":"Polygon","coordinates":[[[-82.24291634692764,9.032916836125878],[-82.24291634692764,9.041250169425894],[-82.25124968022766,9.041250169425894],[-82.25124968022766,9.032916836125878],[-82.24291634692764,9.032916836125878]]]},"properties":{"OBJECTID":2208,"Id":2208,"gridcode":56,"Shape_Length":0.033333333199948356,"Shape_Area":0.00006944444388867371}},{"type":"Feature","id":2209,"geometry":{"type":"Polygon","coordinates":[[[-82.40124967962771,9.024583502825806],[-82.40124967962771,9.032916836125878],[-82.40958301292767,9.032916836125878],[-82.40958301292767,9.024583502825806],[-82.40124967962771,9.024583502825806]]]},"properties":{"OBJECTID":2209,"Id":2209,"gridcode":6,"Shape_Length":0.03333333320017573,"Shape_Area":0.0000694444438896211}},{"type":"Feature","id":2210,"geometry":{"type":"Polygon","coordinates":[[[-82.35124967982767,9.024583502825806],[-82.35124967982767,9.032916836125878],[-82.35958301312769,9.032916836125878],[-82.35958301312769,9.024583502825806],[-82.35124967982767,9.024583502825806]]]},"properties":{"OBJECTID":2210,"Id":2210,"gridcode":18,"Shape_Length":0.03333333320017573,"Shape_Area":0.0000694444438896211}},{"type":"Feature","id":2211,"geometry":{"type":"Polygon","coordinates":[[[-82.35958301312769,9.057916836025981],[-82.35958301312769,9.032916836125878],[-82.35124967982767,9.032916836125878],[-82.35124967982767,9.049583502725909],[-82.34291634652772,9.049583502725909],[-82.34291634652772,9.057916836025981],[-82.35958301312769,9.057916836025981]]]},"properties":{"OBJECTID":2211,"Id":2211,"gridcode":17,"Shape_Length":0.08333333300015511,"Shape_Area":0.0002777777755570633}},{"type":"Feature","id":2212,"geometry":{"type":"Polygon","coordinates":[[[-82.34291634652772,9.024583502825806],[-82.34291634652772,9.032916836125878],[-82.35124967982767,9.032916836125878],[-82.35124967982767,9.024583502825806],[-82.34291634652772,9.024583502825806]]]},"properties":{"OBJECTID":2212,"Id":2212,"gridcode":21,"Shape_Length":0.03333333320006204,"Shape_Area":0.0000694444438891474}},{"type":"Feature","id":2213,"geometry":{"type":"Polygon","coordinates":[[[-82.31791634662773,9.024583502825806],[-82.31791634662773,9.032916836125878],[-82.32624967992774,9.032916836125878],[-82.32624967992774,9.024583502825806],[-82.31791634662773,9.024583502825806]]]},"properties":{"OBJECTID":2213,"Id":2213,"gridcode":24,"Shape_Length":0.03333333320017573,"Shape_Area":0.0000694444438896211}},{"type":"Feature","id":2214,"geometry":{"type":"Polygon","coordinates":[[[-82.30958301332777,9.024583502825806],[-82.30958301332777,9.032916836125878],[-82.31791634662773,9.032916836125878],[-82.31791634662773,9.024583502825806],[-82.30958301332777,9.024583502825806]]]},"properties":{"OBJECTID":2214,"Id":2214,"gridcode":28,"Shape_Length":0.03333333320006204,"Shape_Area":0.0000694444438891474}},{"type":"Feature","id":2215,"geometry":{"type":"Polygon","coordinates":[[[-82.28458301342772,9.024583502825806],[-82.28458301342772,9.032916836125878],[-82.29291634672768,9.032916836125878],[-82.29291634672768,9.024583502825806],[-82.28458301342772,9.024583502825806]]]},"properties":{"OBJECTID":2215,"Id":2215,"gridcode":29,"Shape_Length":0.03333333320006204,"Shape_Area":0.0000694444438891474}},{"type":"Feature","id":2216,"geometry":{"type":"Polygon","coordinates":[[[-82.2762496801277,9.024583502825806],[-82.2762496801277,9.032916836125878],[-82.28458301342772,9.032916836125878],[-82.28458301342772,9.024583502825806],[-82.2762496801277,9.024583502825806]]]},"properties":{"OBJECTID":2216,"Id":2216,"gridcode":25,"Shape_Length":0.03333333320017573,"Shape_Area":0.0000694444438896211}},{"type":"Feature","id":2217,"geometry":{"type":"Polygon","coordinates":[[[-82.25958301352773,9.024583502825806],[-82.25958301352773,9.032916836125878],[-82.26791634682775,9.032916836125878],[-82.26791634682775,9.024583502825806],[-82.25958301352773,9.024583502825806]]]},"properties":{"OBJECTID":2217,"Id":2217,"gridcode":24,"Shape_Length":0.03333333320017573,"Shape_Area":0.0000694444438896211}},{"type":"Feature","id":2218,"geometry":{"type":"Polygon","coordinates":[[[-82.24291634692764,9.024583502825806],[-82.24291634692764,9.032916836125878],[-82.25124968022766,9.032916836125878],[-82.25124968022766,9.024583502825806],[-82.24291634692764,9.024583502825806]]]},"properties":{"OBJECTID":2218,"Id":2218,"gridcode":36,"Shape_Length":0.03333333320006204,"Shape_Area":0.0000694444438891474}},{"type":"Feature","id":2219,"geometry":{"type":"MultiPolygon","coordinates":[[[[-82.90124967762779,9.191250168825832],[-82.90124967762779,9.174583502225971],[-82.90958301092775,9.174583502225971],[-82.90958301092775,9.191250168825832],[-82.90124967762779,9.191250168825832]]],[[[-82.82624967792765,9.199583502125904],[-82.82624967792765,9.174583502225971],[-82.83458301122778,9.174583502225971],[-82.83458301122778,9.199583502125904],[-82.82624967792765,9.199583502125904]]],[[[-82.74291634492772,9.13291683572595],[-82.74291634492772,9.124583502425878],[-82.76791634482765,9.124583502425878],[-82.76791634482765,9.13291683572595],[-82.78458301142774,9.13291683572595],[-82.78458301142774,9.141250169025966],[-82.79291634472776,9.141250169025966],[-82.79291634472776,9.157916835625883],[-82.80124967802772,9.157916835625883],[-82.80124967802772,9.166250168925899],[-82.79291634472776,9.166250168925899],[-82.79291634472776,9.182916835525987],[-82.78458301142774,9.182916835525987],[-82.78458301142774,9.191250168825832],[-82.77624967812778,9.191250168825832],[-82.77624967812778,9.199583502125904],[-82.76791634482765,9.199583502125904],[-82.76791634482765,9.20791683542592],[-82.7595830115277,9.20791683542592],[-82.7595830115277,9.216250168725935],[-82.75124967822774,9.216250168725935],[-82.75124967822774,9.224583502025837],[-82.74291634492772,9.224583502025837],[-82.74291634492772,9.257916835225956],[-82.75124967822774,9.257916835225956],[-82.75124967822774,9.274583501825873],[-82.7595830115277,9.274583501825873],[-82.7595830115277,9.282916835125889],[-82.75124967822774,9.282916835125889],[-82.75124967822774,9.274583501825873],[-82.74291634492772,9.274583501825873],[-82.74291634492772,9.2662501685258],[-82.73458301162776,9.2662501685258],[-82.73458301162776,9.24958350192594],[-82.72624967832775,9.24958350192594],[-82.72624967832775,9.241250168625868],[-82.71791634502779,9.241250168625868],[-82.71791634502779,9.232916835325852],[-82.70958301172777,9.232916835325852],[-82.70958301172777,9.224583502025837],[-82.7012496784277,9.224583502025837],[-82.7012496784277,9.216250168725935],[-82.69291634512774,9.216250168725935],[-82.69291634512774,9.20791683542592],[-82.68458301182773,9.20791683542592],[-82.68458301182773,9.199583502125904],[-82.66791634522775,9.199583502125904],[-82.66791634522775,9.182916835525987],[-82.65958301192762,9.182916835525987],[-82.65958301192762,9.174583502225971],[-82.67624967852777,9.174583502225971],[-82.67624967852777,9.182916835525987],[-82.69291634512774,9.182916835525987],[-82.69291634512774,9.174583502225971],[-82.68458301182773,9.174583502225971],[-82.68458301182773,9.166250168925899],[-82.69291634512774,9.166250168925899],[-82.69291634512774,9.157916835625883],[-82.7012496784277,9.157916835625883],[-82.7012496784277,9.149583502325811],[-82.71791634502779,9.149583502325811],[-82.71791634502779,9.141250169025966],[-82.72624967832775,9.141250169025966],[-82.72624967832775,9.13291683572595],[-82.74291634492772,9.13291683572595]]],[[[-82.68458301182773,9.116250169125863],[-82.68458301182773,9.107916835825847],[-82.7012496784277,9.107916835825847],[-82.7012496784277,9.116250169125863],[-82.68458301182773,9.116250169125863],[-82.68458301182773,9.124583502425878],[-82.67624967852777,9.124583502425878],[-82.67624967852777,9.116250169125863],[-82.68458301182773,9.116250169125863]],[[-82.48458301262775,9.024583502825806],[-82.46791634602766,9.024583502825806],[-82.46791634602766,9.041250169425894],[-82.4595830127277,9.041250169425894],[-82.4595830127277,9.049583502725909],[-82.46791634602766,9.049583502725909],[-82.46791634602766,9.057916836025981],[-82.47624967932768,9.057916836025981],[-82.47624967932768,9.066250169325997],[-82.48458301262775,9.066250169325997],[-82.48458301262775,9.074583502625842],[-82.50124967922773,9.074583502625842],[-82.50124967922773,9.099583502525945],[-82.50958301252774,9.099583502525945],[-82.50958301252774,9.107916835825847],[-82.52624967912772,9.107916835825847],[-82.52624967912772,9.116250169125863],[-82.53458301242779,9.116250169125863],[-82.53458301242779,9.107916835825847],[-82.54291634572775,9.107916835825847],[-82.54291634572775,9.124583502425878],[-82.53458301242779,9.124583502425878],[-82.53458301242779,9.141250169025966],[-82.55124967902776,9.141250169025966],[-82.55124967902776,9.149583502325811],[-82.55958301232772,9.149583502325811],[-82.55958301232772,9.157916835625883],[-82.56791634562774,9.157916835625883],[-82.56791634562774,9.166250168925899],[-82.58458301222771,9.166250168925899],[-82.58458301222771,9.157916835625883],[-82.59291634552778,9.157916835625883],[-82.59291634552778,9.166250168925899],[-82.60124967882763,9.166250168925899],[-82.60124967882763,9.174583502225971],[-82.60958301212776,9.174583502225971],[-82.60958301212776,9.182916835525987],[-82.61791634542777,9.182916835525987],[-82.61791634542777,9.191250168825832],[-82.62624967872773,9.191250168825832],[-82.62624967872773,9.199583502125904],[-82.61791634542777,9.199583502125904],[-82.61791634542777,9.216250168725935],[-82.60958301212776,9.216250168725935],[-82.60958301212776,9.241250168625868],[-82.62624967872773,9.241250168625868],[-82.62624967872773,9.24958350192594],[-82.63458301202769,9.24958350192594],[-82.63458301202769,9.257916835225956],[-82.6429163453277,9.257916835225956],[-82.6429163453277,9.24958350192594],[-82.65124967862778,9.24958350192594],[-82.65124967862778,9.241250168625868],[-82.66791634522775,9.241250168625868],[-82.66791634522775,9.24958350192594],[-82.67624967852777,9.24958350192594],[-82.67624967852777,9.2662501685258],[-82.68458301182773,9.2662501685258],[-82.68458301182773,9.299583501725976],[-82.69291634512774,9.299583501725976],[-82.69291634512774,9.307916835025992],[-82.70958301172777,9.307916835025992],[-82.70958301172777,9.32458350162591],[-82.72624967832775,9.32458350162591],[-82.72624967832775,9.332916834925925],[-82.76791634482765,9.332916834925925],[-82.76791634482765,9.341250168225997],[-82.75124967822774,9.341250168225997],[-82.75124967822774,9.36625016812593],[-82.76791634482765,9.36625016812593],[-82.76791634482765,9.349583501525842],[-82.77624967812778,9.349583501525842],[-82.77624967812778,9.332916834925925],[-82.79291634472776,9.332916834925925],[-82.79291634472776,9.341250168225997],[-82.80124967802772,9.341250168225997],[-82.80124967802772,9.32458350162591],[-82.80958301132773,9.32458350162591],[-82.80958301132773,9.316250168325837],[-82.82624967792765,9.316250168325837],[-82.82624967792765,9.307916835025992],[-82.83458301122778,9.307916835025992],[-82.83458301122778,9.316250168325837],[-82.85124967782775,9.316250168325837],[-82.85124967782775,9.307916835025992],[-82.85958301112777,9.307916835025992],[-82.85958301112777,9.299583501725976],[-82.86791634442773,9.299583501725976],[-82.86791634442773,9.291250168425904],[-82.87624967772769,9.291250168425904],[-82.87624967772769,9.274583501825873],[-82.8845830110277,9.274583501825873],[-82.8845830110277,9.24958350192594],[-82.87624967772769,9.24958350192594],[-82.87624967772769,9.257916835225956],[-82.86791634442773,9.257916835225956],[-82.86791634442773,9.2662501685258],[-82.85958301112777,9.2662501685258],[-82.85958301112777,9.274583501825873],[-82.85124967782775,9.274583501825873],[-82.85124967782775,9.282916835125889],[-82.82624967792765,9.282916835125889],[-82.82624967792765,9.274583501825873],[-82.80124967802772,9.274583501825873],[-82.80124967802772,9.2662501685258],[-82.79291634472776,9.2662501685258],[-82.79291634472776,9.24958350192594],[-82.78458301142774,9.24958350192594],[-82.78458301142774,9.232916835325852],[-82.80124967802772,9.232916835325852],[-82.80124967802772,9.224583502025837],[-82.83458301122778,9.224583502025837],[-82.83458301122778,9.216250168725935],[-82.85124967782775,9.216250168725935],[-82.85124967782775,9.20791683542592],[-82.85958301112777,9.20791683542592],[-82.85958301112777,9.199583502125904],[-82.87624967772769,9.199583502125904],[-82.87624967772769,9.20791683542592],[-82.8845830110277,9.20791683542592],[-82.8845830110277,9.24958350192594],[-82.89291634432777,9.24958350192594],[-82.89291634432777,9.224583502025837],[-82.90124967762779,9.224583502025837],[-82.90124967762779,9.216250168725935],[-82.90958301092775,9.216250168725935],[-82.90958301092775,9.20791683542592],[-82.91791634422776,9.20791683542592],[-82.91791634422776,9.191250168825832],[-82.92624967752772,9.191250168825832],[-82.92624967752772,9.166250168925899],[-82.93458301082768,9.166250168925899],[-82.93458301082768,9.124583502425878],[-82.89291634432777,9.124583502425878],[-82.89291634432777,9.141250169025966],[-82.8845830110277,9.141250169025966],[-82.8845830110277,9.149583502325811],[-82.87624967772769,9.149583502325811],[-82.87624967772769,9.141250169025966],[-82.86791634442773,9.141250169025966],[-82.86791634442773,9.13291683572595],[-82.85958301112777,9.13291683572595],[-82.85958301112777,9.116250169125863],[-82.85124967782775,9.116250169125863],[-82.85124967782775,9.107916835825847],[-82.84291634452774,9.107916835825847],[-82.84291634452774,9.09125016922593],[-82.81791634462769,9.09125016922593],[-82.81791634462769,9.082916835925914],[-82.77624967812778,9.082916835925914],[-82.77624967812778,9.074583502625842],[-82.76791634482765,9.074583502625842],[-82.76791634482765,9.066250169325997],[-82.75124967822774,9.066250169325997],[-82.75124967822774,9.074583502625842],[-82.71791634502779,9.074583502625842],[-82.71791634502779,9.082916835925914],[-82.69291634512774,9.082916835925914],[-82.69291634512774,9.074583502625842],[-82.68458301182773,9.074583502625842],[-82.68458301182773,9.057916836025981],[-82.65124967862778,9.057916836025981],[-82.65124967862778,9.049583502725909],[-82.6429163453277,9.049583502725909],[-82.6429163453277,9.057916836025981],[-82.63458301202769,9.057916836025981],[-82.63458301202769,9.066250169325997],[-82.61791634542777,9.066250169325997],[-82.61791634542777,9.074583502625842],[-82.5762496789277,9.074583502625842],[-82.5762496789277,9.066250169325997],[-82.5179163458277,9.066250169325997],[-82.5179163458277,9.057916836025981],[-82.50958301252774,9.057916836025981],[-82.50958301252774,9.049583502725909],[-82.48458301262775,9.049583502725909],[-82.48458301262775,9.024583502825806]]]]},"properties":{"OBJECTID":2219,"Id":2219,"gridcode":2,"Shape_Length":3.1833333205992176,"Shape_Area":0.05805555509110886}},{"type":"Feature","id":2220,"geometry":{"type":"Polygon","coordinates":[[[-82.40958301292767,9.01625016952596],[-82.40958301292767,9.024583502825806],[-82.41791634622768,9.024583502825806],[-82.41791634622768,9.01625016952596],[-82.40958301292767,9.01625016952596]]]},"properties":{"OBJECTID":2220,"Id":2220,"gridcode":4,"Shape_Length":0.033333333199607296,"Shape_Area":0.00006944444388725262}},{"type":"Feature","id":2221,"geometry":{"type":"Polygon","coordinates":[[[-82.40124967962771,9.024583502825806],[-82.38458301302774,9.024583502825806],[-82.38458301302774,9.066250169325997],[-82.37624967972772,9.066250169325997],[-82.37624967972772,9.074583502625842],[-82.38458301302774,9.074583502625842],[-82.38458301302774,9.082916835925914],[-82.37624967972772,9.082916835925914],[-82.37624967972772,9.09125016922593],[-82.40124967962771,9.09125016922593],[-82.40124967962771,9.082916835925914],[-82.39291634632775,9.082916835925914],[-82.39291634632775,9.057916836025981],[-82.40124967962771,9.057916836025981],[-82.40124967962771,9.024583502825806]]]},"properties":{"OBJECTID":2221,"Id":2221,"gridcode":9,"Shape_Length":0.2166666658001759,"Shape_Area":0.001041666658334369}},{"type":"Feature","id":2222,"geometry":{"type":"Polygon","coordinates":[[[-82.38458301302774,9.041250169425894],[-82.38458301302774,9.024583502825806],[-82.37624967972772,9.024583502825806],[-82.37624967972772,9.041250169425894],[-82.38458301302774,9.041250169425894]]]},"properties":{"OBJECTID":2222,"Id":2222,"gridcode":11,"Shape_Length":0.04999999980020675,"Shape_Area":0.0001388888877787685}},{"type":"Feature","id":2223,"geometry":{"type":"Polygon","coordinates":[[[-82.36791634642776,9.01625016952596],[-82.36791634642776,9.024583502825806],[-82.37624967972772,9.024583502825806],[-82.37624967972772,9.01625016952596],[-82.36791634642776,9.01625016952596]]]},"properties":{"OBJECTID":2223,"Id":2223,"gridcode":13,"Shape_Length":0.033333333199607296,"Shape_Area":0.00006944444388725262}},{"type":"Feature","id":2224,"geometry":{"type":"Polygon","coordinates":[[[-82.37624967972772,9.041250169425894],[-82.37624967972772,9.024583502825806],[-82.36791634642776,9.024583502825806],[-82.36791634642776,9.041250169425894],[-82.37624967972772,9.041250169425894]]]},"properties":{"OBJECTID":2224,"Id":2224,"gridcode":14,"Shape_Length":0.049999999800093065,"Shape_Area":0.0001388888877778211}},{"type":"Feature","id":2225,"geometry":{"type":"Polygon","coordinates":[[[-82.31791634662773,9.01625016952596],[-82.31791634662773,9.024583502825806],[-82.32624967992774,9.024583502825806],[-82.32624967992774,9.01625016952596],[-82.31791634662773,9.01625016952596]]]},"properties":{"OBJECTID":2225,"Id":2225,"gridcode":23,"Shape_Length":0.03333333319972098,"Shape_Area":0.00006944444388772632}},{"type":"Feature","id":2226,"geometry":{"type":"Polygon","coordinates":[[[-82.30958301332777,9.024583502825806],[-82.29291634672768,9.024583502825806],[-82.29291634672768,9.032916836125878],[-82.30958301332777,9.032916836125878],[-82.30958301332777,9.024583502825806]]]},"properties":{"OBJECTID":2226,"Id":2226,"gridcode":31,"Shape_Length":0.04999999980032044,"Shape_Area":0.0001388888877797159}},{"type":"Feature","id":2227,"geometry":{"type":"Polygon","coordinates":[[[-82.28458301342772,9.01625016952596],[-82.28458301342772,9.024583502825806],[-82.29291634672768,9.024583502825806],[-82.29291634672768,9.01625016952596],[-82.28458301342772,9.01625016952596]]]},"properties":{"OBJECTID":2227,"Id":2227,"gridcode":30,"Shape_Length":0.033333333199607296,"Shape_Area":0.00006944444388725262}},{"type":"Feature","id":2228,"geometry":{"type":"Polygon","coordinates":[[[-82.2762496801277,9.01625016952596],[-82.2762496801277,9.024583502825806],[-82.28458301342772,9.024583502825806],[-82.28458301342772,9.01625016952596],[-82.2762496801277,9.01625016952596]]]},"properties":{"OBJECTID":2228,"Id":2228,"gridcode":29,"Shape_Length":0.03333333319972098,"Shape_Area":0.00006944444388772632}},{"type":"Feature","id":2229,"geometry":{"type":"Polygon","coordinates":[[[-82.26791634682775,9.01625016952596],[-82.26791634682775,9.024583502825806],[-82.2762496801277,9.024583502825806],[-82.2762496801277,9.01625016952596],[-82.26791634682775,9.01625016952596]]]},"properties":{"OBJECTID":2229,"Id":2229,"gridcode":24,"Shape_Length":0.033333333199607296,"Shape_Area":0.00006944444388725262}},{"type":"Feature","id":2230,"geometry":{"type":"Polygon","coordinates":[[[-82.2762496801277,9.074583502625842],[-82.2762496801277,9.024583502825806],[-82.26791634682775,9.024583502825806],[-82.26791634682775,9.032916836125878],[-82.25958301352773,9.032916836125878],[-82.25958301352773,9.041250169425894],[-82.26791634682775,9.041250169425894],[-82.26791634682775,9.074583502625842],[-82.2762496801277,9.074583502625842]]]},"properties":{"OBJECTID":2230,"Id":2230,"gridcode":23,"Shape_Length":0.1333333328000208,"Shape_Area":0.00048611110722071593}},{"type":"Feature","id":2231,"geometry":{"type":"Polygon","coordinates":[[[-82.25958301352773,9.01625016952596],[-82.25958301352773,9.024583502825806],[-82.26791634682775,9.024583502825806],[-82.26791634682775,9.01625016952596],[-82.25958301352773,9.01625016952596]]]},"properties":{"OBJECTID":2231,"Id":2231,"gridcode":25,"Shape_Length":0.03333333319972098,"Shape_Area":0.00006944444388772632}},{"type":"Feature","id":2232,"geometry":{"type":"Polygon","coordinates":[[[-82.24291634692764,9.01625016952596],[-82.24291634692764,9.024583502825806],[-82.25124968022766,9.024583502825806],[-82.25124968022766,9.01625016952596],[-82.24291634692764,9.01625016952596]]]},"properties":{"OBJECTID":2232,"Id":2232,"gridcode":29,"Shape_Length":0.033333333199607296,"Shape_Area":0.00006944444388725262}},{"type":"Feature","id":2233,"geometry":{"type":"Polygon","coordinates":[[[-82.80124967802772,9.01625016952596],[-82.78458301142774,9.01625016952596],[-82.78458301142774,9.032916836125878],[-82.79291634472776,9.032916836125878],[-82.79291634472776,9.041250169425894],[-82.80124967802772,9.041250169425894],[-82.80124967802772,9.049583502725909],[-82.82624967792765,9.049583502725909],[-82.82624967792765,9.041250169425894],[-82.80958301132773,9.041250169425894],[-82.80958301132773,9.024583502825806],[-82.80124967802772,9.024583502825806],[-82.80124967802772,9.01625016952596]]]},"properties":{"OBJECTID":2233,"Id":2233,"gridcode":4,"Shape_Length":0.14999999939982445,"Shape_Area":0.0006944444388881581}},{"type":"Feature","id":2234,"geometry":{"type":"Polygon","coordinates":[[[-82.78458301142774,9.032916836125878],[-82.78458301142774,9.01625016952596],[-82.77624967812778,9.01625016952596],[-82.77624967812778,9.024583502825806],[-82.76791634482765,9.024583502825806],[-82.76791634482765,9.032916836125878],[-82.75124967822774,9.032916836125878],[-82.75124967822774,9.041250169425894],[-82.74291634492772,9.041250169425894],[-82.74291634492772,9.049583502725909],[-82.72624967832775,9.049583502725909],[-82.72624967832775,9.057916836025981],[-82.73458301162776,9.057916836025981],[-82.73458301162776,9.066250169325997],[-82.72624967832775,9.066250169325997],[-82.72624967832775,9.074583502625842],[-82.75124967822774,9.074583502625842],[-82.75124967822774,9.066250169325997],[-82.76791634482765,9.066250169325997],[-82.76791634482765,9.074583502625842],[-82.77624967812778,9.074583502625842],[-82.77624967812778,9.082916835925914],[-82.81791634462769,9.082916835925914],[-82.81791634462769,9.066250169325997],[-82.83458301122778,9.066250169325997],[-82.83458301122778,9.049583502725909],[-82.80124967802772,9.049583502725909],[-82.80124967802772,9.041250169425894],[-82.79291634472776,9.041250169425894],[-82.79291634472776,9.032916836125878],[-82.78458301142774,9.032916836125878]]]},"properties":{"OBJECTID":2234,"Id":2234,"gridcode":3,"Shape_Length":0.3833333317996903,"Shape_Area":0.0037499999700016436}},{"type":"Feature","id":2235,"geometry":{"type":"Polygon","coordinates":[[[-82.5179163458277,9.007916836225945],[-82.5179163458277,9.01625016952596],[-82.52624967912772,9.01625016952596],[-82.52624967912772,9.007916836225945],[-82.5179163458277,9.007916836225945]]]},"properties":{"OBJECTID":2235,"Id":2235,"gridcode":4,"Shape_Length":0.03333333320006204,"Shape_Area":0.0000694444438891474}},{"type":"Feature","id":2236,"geometry":{"type":"Polygon","coordinates":[[[-82.41791634622768,9.007916836225945],[-82.41791634622768,9.01625016952596],[-82.42624967952776,9.01625016952596],[-82.42624967952776,9.007916836225945],[-82.41791634622768,9.007916836225945]]]},"properties":{"OBJECTID":2236,"Id":2236,"gridcode":5,"Shape_Length":0.03333333320017573,"Shape_Area":0.0000694444438896211}},{"type":"Feature","id":2237,"geometry":{"type":"Polygon","coordinates":[[[-82.40958301292767,9.007916836225945],[-82.40958301292767,9.01625016952596],[-82.41791634622768,9.01625016952596],[-82.41791634622768,9.007916836225945],[-82.40958301292767,9.007916836225945]]]},"properties":{"OBJECTID":2237,"Id":2237,"gridcode":8,"Shape_Length":0.033333333199948356,"Shape_Area":0.00006944444388867371}},{"type":"Feature","id":2238,"geometry":{"type":"Polygon","coordinates":[[[-82.33458301322776,9.024583502825806],[-82.33458301322776,9.01625016952596],[-82.32624967992774,9.01625016952596],[-82.32624967992774,9.032916836125878],[-82.34291634652772,9.032916836125878],[-82.34291634652772,9.024583502825806],[-82.33458301322776,9.024583502825806]]]},"properties":{"OBJECTID":2238,"Id":2238,"gridcode":22,"Shape_Length":0.06666666639978303,"Shape_Area":0.00020833333166649483}},{"type":"Feature","id":2239,"geometry":{"type":"Polygon","coordinates":[[[-82.30124968002764,9.007916836225945],[-82.30124968002764,9.01625016952596],[-82.30958301332777,9.01625016952596],[-82.30958301332777,9.007916836225945],[-82.30124968002764,9.007916836225945]]]},"properties":{"OBJECTID":2239,"Id":2239,"gridcode":21,"Shape_Length":0.03333333320017573,"Shape_Area":0.0000694444438896211}},{"type":"Feature","id":2240,"geometry":{"type":"Polygon","coordinates":[[[-82.30958301332777,9.01625016952596],[-82.29291634672768,9.01625016952596],[-82.29291634672768,9.024583502825806],[-82.30958301332777,9.024583502825806],[-82.30958301332777,9.01625016952596]]]},"properties":{"OBJECTID":2240,"Id":2240,"gridcode":28,"Shape_Length":0.04999999979986569,"Shape_Area":0.00013888888777592633}},{"type":"Feature","id":2241,"geometry":{"type":"Polygon","coordinates":[[[-82.2762496801277,9.007916836225945],[-82.2762496801277,9.01625016952596],[-82.28458301342772,9.01625016952596],[-82.28458301342772,9.007916836225945],[-82.2762496801277,9.007916836225945]]]},"properties":{"OBJECTID":2241,"Id":2241,"gridcode":26,"Shape_Length":0.03333333320006204,"Shape_Area":0.0000694444438891474}},{"type":"Feature","id":2242,"geometry":{"type":"Polygon","coordinates":[[[-82.26791634682775,9.007916836225945],[-82.26791634682775,9.01625016952596],[-82.2762496801277,9.01625016952596],[-82.2762496801277,9.007916836225945],[-82.26791634682775,9.007916836225945]]]},"properties":{"OBJECTID":2242,"Id":2242,"gridcode":35,"Shape_Length":0.033333333199948356,"Shape_Area":0.00006944444388867371}},{"type":"Feature","id":2243,"geometry":{"type":"Polygon","coordinates":[[[-82.25958301352773,9.007916836225945],[-82.25958301352773,9.01625016952596],[-82.26791634682775,9.01625016952596],[-82.26791634682775,9.007916836225945],[-82.25958301352773,9.007916836225945]]]},"properties":{"OBJECTID":2243,"Id":2243,"gridcode":28,"Shape_Length":0.03333333320006204,"Shape_Area":0.0000694444438891474}},{"type":"Feature","id":2244,"geometry":{"type":"Polygon","coordinates":[[[-82.25124968022766,9.007916836225945],[-82.25124968022766,9.01625016952596],[-82.25958301352773,9.01625016952596],[-82.25958301352773,9.007916836225945],[-82.25124968022766,9.007916836225945]]]},"properties":{"OBJECTID":2244,"Id":2244,"gridcode":48,"Shape_Length":0.03333333320017573,"Shape_Area":0.0000694444438896211}},{"type":"Feature","id":2245,"geometry":{"type":"Polygon","coordinates":[[[-82.25958301352773,9.032916836125878],[-82.25958301352773,9.01625016952596],[-82.25124968022766,9.01625016952596],[-82.25124968022766,9.032916836125878],[-82.25958301352773,9.032916836125878]]]},"properties":{"OBJECTID":2245,"Id":2245,"gridcode":28,"Shape_Length":0.04999999979997938,"Shape_Area":0.0001388888877782948}},{"type":"Feature","id":2246,"geometry":{"type":"Polygon","coordinates":[[[-82.24291634692764,9.007916836225945],[-82.24291634692764,9.01625016952596],[-82.25124968022766,9.01625016952596],[-82.25124968022766,9.007916836225945],[-82.24291634692764,9.007916836225945]]]},"properties":{"OBJECTID":2246,"Id":2246,"gridcode":49,"Shape_Length":0.033333333199948356,"Shape_Area":0.00006944444388867371}},{"type":"Feature","id":2247,"geometry":{"type":"Polygon","coordinates":[[[-82.43458301282777,8.999583502925873],[-82.43458301282777,9.007916836225945],[-82.44291634612773,9.007916836225945],[-82.44291634612773,8.999583502925873],[-82.43458301282777,8.999583502925873]]]},"properties":{"OBJECTID":2247,"Id":2247,"gridcode":8,"Shape_Length":0.03333333320006204,"Shape_Area":0.0000694444438891474}},{"type":"Feature","id":2248,"geometry":{"type":"Polygon","coordinates":[[[-82.42624967952776,8.999583502925873],[-82.42624967952776,9.007916836225945],[-82.43458301282777,9.007916836225945],[-82.43458301282777,8.999583502925873],[-82.42624967952776,8.999583502925873]]]},"properties":{"OBJECTID":2248,"Id":2248,"gridcode":11,"Shape_Length":0.03333333320017573,"Shape_Area":0.0000694444438896211}},{"type":"Feature","id":2249,"geometry":{"type":"Polygon","coordinates":[[[-82.44291634612773,9.007916836225945],[-82.42624967952776,9.007916836225945],[-82.42624967952776,9.01625016952596],[-82.43458301282777,9.01625016952596],[-82.43458301282777,9.024583502825806],[-82.44291634612773,9.024583502825806],[-82.44291634612773,9.007916836225945]]]},"properties":{"OBJECTID":2249,"Id":2249,"gridcode":4,"Shape_Length":0.06666666639966934,"Shape_Area":0.00020833333166507371}},{"type":"Feature","id":2250,"geometry":{"type":"Polygon","coordinates":[[[-82.40124967962771,8.999583502925873],[-82.40124967962771,9.007916836225945],[-82.40958301292767,9.007916836225945],[-82.40958301292767,8.999583502925873],[-82.40124967962771,8.999583502925873]]]},"properties":{"OBJECTID":2250,"Id":2250,"gridcode":11,"Shape_Length":0.03333333320017573,"Shape_Area":0.0000694444438896211}},{"type":"Feature","id":2251,"geometry":{"type":"Polygon","coordinates":[[[-82.40958301292767,9.024583502825806],[-82.40958301292767,9.007916836225945],[-82.40124967962771,9.007916836225945],[-82.40124967962771,9.024583502825806],[-82.40958301292767,9.024583502825806]]]},"properties":{"OBJECTID":2251,"Id":2251,"gridcode":9,"Shape_Length":0.049999999799752004,"Shape_Area":0.00013888888777687373}},{"type":"Feature","id":2252,"geometry":{"type":"Polygon","coordinates":[[[-82.35958301312769,9.024583502825806],[-82.35958301312769,9.007916836225945],[-82.35124967982767,9.007916836225945],[-82.35124967982767,9.024583502825806],[-82.35958301312769,9.024583502825806]]]},"properties":{"OBJECTID":2252,"Id":2252,"gridcode":19,"Shape_Length":0.049999999799752004,"Shape_Area":0.00013888888777687373}},{"type":"Feature","id":2253,"geometry":{"type":"Polygon","coordinates":[[[-82.35124967982767,9.007916836225945],[-82.32624967992774,9.007916836225945],[-82.32624967992774,9.01625016952596],[-82.33458301322776,9.01625016952596],[-82.33458301322776,9.024583502825806],[-82.35124967982767,9.024583502825806],[-82.35124967982767,9.007916836225945]]]},"properties":{"OBJECTID":2253,"Id":2253,"gridcode":20,"Shape_Length":0.08333333299958667,"Shape_Area":0.00034722221944100004}},{"type":"Feature","id":2254,"geometry":{"type":"Polygon","coordinates":[[[-82.31791634662773,9.024583502825806],[-82.31791634662773,9.007916836225945],[-82.30958301332777,9.007916836225945],[-82.30958301332777,9.024583502825806],[-82.31791634662773,9.024583502825806]]]},"properties":{"OBJECTID":2254,"Id":2254,"gridcode":25,"Shape_Length":0.04999999979963832,"Shape_Area":0.00013888888777592633}},{"type":"Feature","id":2255,"geometry":{"type":"Polygon","coordinates":[[[-82.30124968002764,8.999583502925873],[-82.30124968002764,9.007916836225945],[-82.30958301332777,9.007916836225945],[-82.30958301332777,8.999583502925873],[-82.30124968002764,8.999583502925873]]]},"properties":{"OBJECTID":2255,"Id":2255,"gridcode":17,"Shape_Length":0.03333333320028942,"Shape_Area":0.00006944444389009479}},{"type":"Feature","id":2256,"geometry":{"type":"Polygon","coordinates":[[[-82.30124968002764,9.007916836225945],[-82.28458301342772,9.007916836225945],[-82.28458301342772,9.01625016952596],[-82.30124968002764,9.01625016952596],[-82.30124968002764,9.007916836225945]]]},"properties":{"OBJECTID":2256,"Id":2256,"gridcode":22,"Shape_Length":0.04999999979997938,"Shape_Area":0.0001388888877778211}},{"type":"Feature","id":2257,"geometry":{"type":"Polygon","coordinates":[[[-82.2762496801277,8.999583502925873],[-82.2762496801277,9.007916836225945],[-82.28458301342772,9.007916836225945],[-82.28458301342772,8.999583502925873],[-82.2762496801277,8.999583502925873]]]},"properties":{"OBJECTID":2257,"Id":2257,"gridcode":23,"Shape_Length":0.03333333320017573,"Shape_Area":0.0000694444438896211}},{"type":"Feature","id":2258,"geometry":{"type":"Polygon","coordinates":[[[-82.26791634682775,8.999583502925873],[-82.26791634682775,9.007916836225945],[-82.2762496801277,9.007916836225945],[-82.2762496801277,8.999583502925873],[-82.26791634682775,8.999583502925873]]]},"properties":{"OBJECTID":2258,"Id":2258,"gridcode":26,"Shape_Length":0.03333333320006204,"Shape_Area":0.0000694444438891474}},{"type":"Feature","id":2259,"geometry":{"type":"Polygon","coordinates":[[[-82.25958301352773,8.999583502925873],[-82.25958301352773,9.007916836225945],[-82.26791634682775,9.007916836225945],[-82.26791634682775,8.999583502925873],[-82.25958301352773,8.999583502925873]]]},"properties":{"OBJECTID":2259,"Id":2259,"gridcode":33,"Shape_Length":0.03333333320017573,"Shape_Area":0.0000694444438896211}},{"type":"Feature","id":2260,"geometry":{"type":"Polygon","coordinates":[[[-82.25124968022766,8.999583502925873],[-82.25124968022766,9.007916836225945],[-82.25958301352773,9.007916836225945],[-82.25958301352773,8.999583502925873],[-82.25124968022766,8.999583502925873]]]},"properties":{"OBJECTID":2260,"Id":2260,"gridcode":55,"Shape_Length":0.03333333320028942,"Shape_Area":0.00006944444389009479}},{"type":"Feature","id":2261,"geometry":{"type":"Polygon","coordinates":[[[-82.24291634692764,8.999583502925873],[-82.24291634692764,9.007916836225945],[-82.25124968022766,9.007916836225945],[-82.25124968022766,8.999583502925873],[-82.24291634692764,8.999583502925873]]]},"properties":{"OBJECTID":2261,"Id":2261,"gridcode":61,"Shape_Length":0.03333333320006204,"Shape_Area":0.0000694444438891474}},{"type":"Feature","id":2262,"geometry":{"type":"Polygon","coordinates":[[[-82.23458301362768,8.999583502925873],[-82.23458301362768,9.007916836225945],[-82.24291634692764,9.007916836225945],[-82.24291634692764,8.999583502925873],[-82.23458301362768,8.999583502925873]]]},"properties":{"OBJECTID":2262,"Id":2262,"gridcode":44,"Shape_Length":0.03333333320017573,"Shape_Area":0.0000694444438896211}},{"type":"Feature","id":2263,"geometry":{"type":"Polygon","coordinates":[[[-82.18458301382776,8.999583502925873],[-82.18458301382776,9.007916836225945],[-82.19291634712766,9.007916836225945],[-82.19291634712766,8.999583502925873],[-82.18458301382776,8.999583502925873]]]},"properties":{"OBJECTID":2263,"Id":2263,"gridcode":34,"Shape_Length":0.033333333199948356,"Shape_Area":0.00006944444388867371}},{"type":"Feature","id":2264,"geometry":{"type":"Polygon","coordinates":[[[-82.17624968052769,8.999583502925873],[-82.17624968052769,9.007916836225945],[-82.18458301382776,9.007916836225945],[-82.18458301382776,8.999583502925873],[-82.17624968052769,8.999583502925873]]]},"properties":{"OBJECTID":2264,"Id":2264,"gridcode":35,"Shape_Length":0.03333333320028942,"Shape_Area":0.00006944444389009479}},{"type":"Feature","id":2265,"geometry":{"type":"Polygon","coordinates":[[[-82.75124967822774,9.007916836225945],[-82.75124967822774,8.999583502925873],[-82.74291634492772,8.999583502925873],[-82.74291634492772,9.007916836225945],[-82.73458301162776,9.007916836225945],[-82.73458301162776,9.01625016952596],[-82.72624967832775,9.01625016952596],[-82.72624967832775,9.024583502825806],[-82.71791634502779,9.024583502825806],[-82.71791634502779,9.032916836125878],[-82.70958301172777,9.032916836125878],[-82.70958301172777,9.041250169425894],[-82.69291634512774,9.041250169425894],[-82.69291634512774,9.066250169325997],[-82.70958301172777,9.066250169325997],[-82.70958301172777,9.074583502625842],[-82.72624967832775,9.074583502625842],[-82.72624967832775,9.066250169325997],[-82.73458301162776,9.066250169325997],[-82.73458301162776,9.057916836025981],[-82.72624967832775,9.057916836025981],[-82.72624967832775,9.049583502725909],[-82.74291634492772,9.049583502725909],[-82.74291634492772,9.041250169425894],[-82.75124967822774,9.041250169425894],[-82.75124967822774,9.032916836125878],[-82.76791634482765,9.032916836125878],[-82.76791634482765,9.024583502825806],[-82.77624967812778,9.024583502825806],[-82.77624967812778,9.01625016952596],[-82.76791634482765,9.01625016952596],[-82.76791634482765,9.007916836225945],[-82.75124967822774,9.007916836225945]]]},"properties":{"OBJECTID":2265,"Id":2265,"gridcode":4,"Shape_Length":0.333333332000052,"Shape_Area":0.002708333311664433}},{"type":"Feature","id":2266,"geometry":{"type":"Polygon","coordinates":[[[-82.74291634492772,8.999583502925873],[-82.68458301182773,8.999583502925873],[-82.68458301182773,9.007916836225945],[-82.69291634512774,9.007916836225945],[-82.69291634512774,9.01625016952596],[-82.68458301182773,9.01625016952596],[-82.68458301182773,9.024583502825806],[-82.66791634522775,9.024583502825806],[-82.66791634522775,9.032916836125878],[-82.67624967852777,9.032916836125878],[-82.67624967852777,9.041250169425894],[-82.66791634522775,9.041250169425894],[-82.66791634522775,9.049583502725909],[-82.65124967862778,9.049583502725909],[-82.65124967862778,9.057916836025981],[-82.68458301182773,9.057916836025981],[-82.68458301182773,9.074583502625842],[-82.69291634512774,9.074583502625842],[-82.69291634512774,9.082916835925914],[-82.71791634502779,9.082916835925914],[-82.71791634502779,9.074583502625842],[-82.70958301172777,9.074583502625842],[-82.70958301172777,9.066250169325997],[-82.69291634512774,9.066250169325997],[-82.69291634512774,9.041250169425894],[-82.70958301172777,9.041250169425894],[-82.70958301172777,9.032916836125878],[-82.71791634502779,9.032916836125878],[-82.71791634502779,9.024583502825806],[-82.72624967832775,9.024583502825806],[-82.72624967832775,9.01625016952596],[-82.73458301162776,9.01625016952596],[-82.73458301162776,9.007916836225945],[-82.74291634492772,9.007916836225945],[-82.74291634492772,8.999583502925873]]]},"properties":{"OBJECTID":2266,"Id":2266,"gridcode":3,"Shape_Length":0.43333333160012444,"Shape_Area":0.0029166666433385066}},{"type":"Feature","id":2267,"geometry":{"type":"Polygon","coordinates":[[[-82.68458301182773,8.999583502925873],[-82.66791634522775,8.999583502925873],[-82.66791634522775,9.007916836225945],[-82.65958301192762,9.007916836225945],[-82.65958301192762,9.01625016952596],[-82.6429163453277,9.01625016952596],[-82.6429163453277,9.032916836125878],[-82.65124967862778,9.032916836125878],[-82.65124967862778,9.049583502725909],[-82.66791634522775,9.049583502725909],[-82.66791634522775,9.041250169425894],[-82.67624967852777,9.041250169425894],[-82.67624967852777,9.032916836125878],[-82.66791634522775,9.032916836125878],[-82.66791634522775,9.024583502825806],[-82.68458301182773,9.024583502825806],[-82.68458301182773,9.01625016952596],[-82.69291634512774,9.01625016952596],[-82.69291634512774,9.007916836225945],[-82.68458301182773,9.007916836225945],[-82.68458301182773,8.999583502925873]]]},"properties":{"OBJECTID":2267,"Id":2267,"gridcode":2,"Shape_Length":0.2166666658001759,"Shape_Area":0.001319444433887169}},{"type":"Feature","id":2268,"geometry":{"type":"Polygon","coordinates":[[[-82.63458301202769,8.999583502925873],[-82.53458301242779,8.999583502925873],[-82.53458301242779,9.007916836225945],[-82.54291634572775,9.007916836225945],[-82.54291634572775,9.024583502825806],[-82.56791634562774,9.024583502825806],[-82.56791634562774,9.032916836125878],[-82.60124967882763,9.032916836125878],[-82.60124967882763,9.024583502825806],[-82.61791634542777,9.024583502825806],[-82.61791634542777,9.01625016952596],[-82.62624967872773,9.01625016952596],[-82.62624967872773,9.007916836225945],[-82.63458301202769,9.007916836225945],[-82.63458301202769,8.999583502925873]]]},"properties":{"OBJECTID":2268,"Id":2268,"gridcode":4,"Shape_Length":0.2666666655998142,"Shape_Area":0.0024305555361092642}},{"type":"Feature","id":2269,"geometry":{"type":"MultiPolygon","coordinates":[[[[-82.42624967952776,9.057916836025981],[-82.42624967952776,9.041250169425894],[-82.43458301282777,9.041250169425894],[-82.43458301282777,9.057916836025981],[-82.45124967942775,9.057916836025981],[-82.45124967942775,9.066250169325997],[-82.4595830127277,9.066250169325997],[-82.4595830127277,9.074583502625842],[-82.46791634602766,9.074583502625842],[-82.46791634602766,9.09125016922593],[-82.47624967932768,9.09125016922593],[-82.47624967932768,9.107916835825847],[-82.46791634602766,9.107916835825847],[-82.46791634602766,9.099583502525945],[-82.45124967942775,9.099583502525945],[-82.45124967942775,9.09125016922593],[-82.44291634612773,9.09125016922593],[-82.44291634612773,9.074583502625842],[-82.43458301282777,9.074583502625842],[-82.43458301282777,9.066250169325997],[-82.41791634622768,9.066250169325997],[-82.41791634622768,9.057916836025981],[-82.42624967952776,9.057916836025981]]],[[[-82.5179163458277,9.01625016952596],[-82.5179163458277,9.007916836225945],[-82.52624967912772,9.007916836225945],[-82.52624967912772,9.01625016952596],[-82.5179163458277,9.01625016952596]],[[-82.53458301242779,8.999583502925873],[-82.44291634612773,8.999583502925873],[-82.44291634612773,9.024583502825806],[-82.43458301282777,9.024583502825806],[-82.43458301282777,9.01625016952596],[-82.41791634622768,9.01625016952596],[-82.41791634622768,9.024583502825806],[-82.40958301292767,9.024583502825806],[-82.40958301292767,9.049583502725909],[-82.40124967962771,9.049583502725909],[-82.40124967962771,9.066250169325997],[-82.40958301292767,9.066250169325997],[-82.40958301292767,9.09125016922593],[-82.42624967952776,9.09125016922593],[-82.42624967952776,9.099583502525945],[-82.43458301282777,9.099583502525945],[-82.43458301282777,9.107916835825847],[-82.42624967952776,9.107916835825847],[-82.42624967952776,9.116250169125863],[-82.43458301282777,9.116250169125863],[-82.43458301282777,9.124583502425878],[-82.44291634612773,9.124583502425878],[-82.44291634612773,9.116250169125863],[-82.50958301252774,9.116250169125863],[-82.50958301252774,9.124583502425878],[-82.5179163458277,9.124583502425878],[-82.5179163458277,9.13291683572595],[-82.53458301242779,9.13291683572595],[-82.53458301242779,9.124583502425878],[-82.54291634572775,9.124583502425878],[-82.54291634572775,9.107916835825847],[-82.53458301242779,9.107916835825847],[-82.53458301242779,9.116250169125863],[-82.52624967912772,9.116250169125863],[-82.52624967912772,9.107916835825847],[-82.50958301252774,9.107916835825847],[-82.50958301252774,9.099583502525945],[-82.50124967922773,9.099583502525945],[-82.50124967922773,9.074583502625842],[-82.48458301262775,9.074583502625842],[-82.48458301262775,9.066250169325997],[-82.47624967932768,9.066250169325997],[-82.47624967932768,9.057916836025981],[-82.46791634602766,9.057916836025981],[-82.46791634602766,9.049583502725909],[-82.4595830127277,9.049583502725909],[-82.4595830127277,9.041250169425894],[-82.46791634602766,9.041250169425894],[-82.46791634602766,9.024583502825806],[-82.48458301262775,9.024583502825806],[-82.48458301262775,9.049583502725909],[-82.50958301252774,9.049583502725909],[-82.50958301252774,9.057916836025981],[-82.5179163458277,9.057916836025981],[-82.5179163458277,9.066250169325997],[-82.5762496789277,9.066250169325997],[-82.5762496789277,9.074583502625842],[-82.61791634542777,9.074583502625842],[-82.61791634542777,9.066250169325997],[-82.63458301202769,9.066250169325997],[-82.63458301202769,9.057916836025981],[-82.6429163453277,9.057916836025981],[-82.6429163453277,9.049583502725909],[-82.65124967862778,9.049583502725909],[-82.65124967862778,9.032916836125878],[-82.6429163453277,9.032916836125878],[-82.6429163453277,9.01625016952596],[-82.65958301192762,9.01625016952596],[-82.65958301192762,9.007916836225945],[-82.66791634522775,9.007916836225945],[-82.66791634522775,8.999583502925873],[-82.63458301202769,8.999583502925873],[-82.63458301202769,9.007916836225945],[-82.62624967872773,9.007916836225945],[-82.62624967872773,9.01625016952596],[-82.61791634542777,9.01625016952596],[-82.61791634542777,9.024583502825806],[-82.60124967882763,9.024583502825806],[-82.60124967882763,9.032916836125878],[-82.56791634562774,9.032916836125878],[-82.56791634562774,9.024583502825806],[-82.54291634572775,9.024583502825806],[-82.54291634572775,9.007916836225945],[-82.53458301242779,9.007916836225945],[-82.53458301242779,8.999583502925873]]]]},"properties":{"OBJECTID":2269,"Id":2269,"gridcode":3,"Shape_Length":1.4999999940002908,"Shape_Area":0.015555555431127332}},{"type":"Feature","id":2270,"geometry":{"type":"Polygon","coordinates":[[[-82.42624967952776,8.999583502925873],[-82.40958301292767,8.999583502925873],[-82.40958301292767,9.007916836225945],[-82.42624967952776,9.007916836225945],[-82.42624967952776,8.999583502925873]]]},"properties":{"OBJECTID":2270,"Id":2270,"gridcode":10,"Shape_Length":0.04999999980020675,"Shape_Area":0.0001388888877792422}},{"type":"Feature","id":2271,"geometry":{"type":"Polygon","coordinates":[[[-82.40124967962771,9.024583502825806],[-82.40124967962771,8.999583502925873],[-82.39291634632775,8.999583502925873],[-82.39291634632775,9.024583502825806],[-82.40124967962771,9.024583502825806]]]},"properties":{"OBJECTID":2271,"Id":2271,"gridcode":10,"Shape_Length":0.06666666639978303,"Shape_Area":0.00020833333166507374}},{"type":"Feature","id":2272,"geometry":{"type":"Polygon","coordinates":[[[-82.39291634632775,8.999583502925873],[-82.37624967972772,8.999583502925873],[-82.37624967972772,9.007916836225945],[-82.38458301302774,9.007916836225945],[-82.38458301302774,9.024583502825806],[-82.39291634632775,9.024583502825806],[-82.39291634632775,8.999583502925873]]]},"properties":{"OBJECTID":2272,"Id":2272,"gridcode":11,"Shape_Length":0.08333333299992773,"Shape_Area":0.0002777777755561159}},{"type":"Feature","id":2273,"geometry":{"type":"Polygon","coordinates":[[[-82.37624967972772,9.007916836225945],[-82.37624967972772,8.999583502925873],[-82.36791634642776,8.999583502925873],[-82.36791634642776,9.01625016952596],[-82.37624967972772,9.01625016952596],[-82.37624967972772,9.024583502825806],[-82.38458301302774,9.024583502825806],[-82.38458301302774,9.007916836225945],[-82.37624967972772,9.007916836225945]]]},"properties":{"OBJECTID":2273,"Id":2273,"gridcode":12,"Shape_Length":0.08333333299981405,"Shape_Area":0.00027777777555469484}},{"type":"Feature","id":2274,"geometry":{"type":"Polygon","coordinates":[[[-82.36791634642776,9.032916836125878],[-82.36791634642776,8.999583502925873],[-82.35958301312769,8.999583502925873],[-82.35958301312769,9.032916836125878],[-82.36791634642776,9.032916836125878]]]},"properties":{"OBJECTID":2274,"Id":2274,"gridcode":15,"Shape_Length":0.08333333300015511,"Shape_Area":0.0002777777755580107}},{"type":"Feature","id":2275,"geometry":{"type":"Polygon","coordinates":[[[-82.35958301312769,8.999583502925873],[-82.34291634652772,8.999583502925873],[-82.34291634652772,9.007916836225945],[-82.35958301312769,9.007916836225945],[-82.35958301312769,8.999583502925873]]]},"properties":{"OBJECTID":2275,"Id":2275,"gridcode":18,"Shape_Length":0.049999999800093065,"Shape_Area":0.0001388888877787685}},{"type":"Feature","id":2276,"geometry":{"type":"Polygon","coordinates":[[[-82.34291634652772,8.999583502925873],[-82.30958301332777,8.999583502925873],[-82.30958301332777,9.007916836225945],[-82.31791634662773,9.007916836225945],[-82.31791634662773,9.01625016952596],[-82.32624967992774,9.01625016952596],[-82.32624967992774,9.007916836225945],[-82.34291634652772,9.007916836225945],[-82.34291634652772,8.999583502925873]]]},"properties":{"OBJECTID":2276,"Id":2276,"gridcode":19,"Shape_Length":0.09999999960007244,"Shape_Area":0.0003472222194466844}},{"type":"Feature","id":2277,"geometry":{"type":"Polygon","coordinates":[[[-82.30124968002764,8.999583502925873],[-82.28458301342772,8.999583502925873],[-82.28458301342772,9.007916836225945],[-82.30124968002764,9.007916836225945],[-82.30124968002764,8.999583502925873]]]},"properties":{"OBJECTID":2277,"Id":2277,"gridcode":21,"Shape_Length":0.049999999800093065,"Shape_Area":0.0001388888877787685}}]}